N_low,N_medium,N_high,P_low,P_medium,P_high,K_low,K_medium,K_high,temperature_low,temperature_medium,temperature_high,humidity_low,humidity_medium,humidity_high,ph_low,ph_medium,ph_high,rainfall_low,rainfall_medium,rainfall_high,label
0.0,0.0,0.5145631067961165,0.1956521739130435,0.6086956521739131,0.0,0.0,0.35294117647058826,0.06358381502890173,0.28134169783813073,0.0,0.0,0.0,0.8385754448417079,0.07840584896864038,0.0,0.84368143592299,0.022204846885373622,0.0,0.0,0.5305444015944898,rice
0.0,0.0,0.46601941747572817,0.0,0.5882352941176471,0.07446808510638298,0.0,0.47058823529411764,0.05202312138728324,0.22823748273280003,0.0,0.0,0.0023182260757257348,0.9924051199726658,0.0,0.0,0.0,0.17465616841327175,0.0,0.0,0.6469944524719979,rice
0.0,0.5132275132275133,0.22330097087378642,0.0,0.7647058823529411,0.0425531914893617,0.0,0.29411764705882354,0.06936416184971098,0.15466709566677103,0.08308874094291926,0.0,0.0,0.8050136832714218,0.09470720043416553,0.0,0.0,0.4031747993372142,0.0,0.0,0.8301563825381825,rice
0.0,0.21693121693121692,0.3592233009708738,0.34782608695652173,0.30434782608695654,0.0,0.0,0.5294117647058824,0.046242774566473986,0.0,0.6988137101476084,0.04936731929351974,0.004753945809424803,0.984425311898139,0.0,0.0,0.0,0.15821892944942076,0.0,0.0,0.7265678159424825,rice
0.0,0.13227513227513227,0.39805825242718446,0.1956521739130435,0.6086956521739131,0.0,0.0,0.4117647058823529,0.057803468208092484,0.3260306661362938,0.0,0.0,0.0,0.8805643749883745,0.058011320315883456,0.0,0.0,0.34285243160354967,0.0,0.0,0.8240348653421997,rice
0.0,0.32275132275132273,0.3106796116504854,0.30434782608695654,0.391304347826087,0.0,0.0,0.4117647058823529,0.057803468208092484,0.15147210901939004,0.10202954549408431,0.0,0.0,0.6942711401639051,0.14849618625962885,0.0,0.0,0.18472929777952207,0.0,0.0,0.766780223724988,rice
0.0,0.32275132275132273,0.3106796116504854,0.0,0.7647058823529411,0.0425531914893617,0.0,0.6470588235294118,0.03468208092485549,0.17229190009855036,0.0,0.0,0.0,0.7713851852068163,0.1110409666180659,0.2480023754164751,0.0,0.0,0.0,0.0,0.8662922885957941,rice
0.0,0.0,0.5533980582524272,0.0,0.8823529411764706,0.02127659574468085,0.0,0.5294117647058824,0.046242774566473986,0.3172326790360048,0.0,0.0,0.0,0.7445086205917004,0.12409523747507584,0.24189973493878494,0.0,0.0,0.0,0.0,0.7221992735092803,rice
0.0,0.0,0.5048543689320388,0.0,0.8235294117647058,0.031914893617021274,0.0,0.6470588235294118,0.03468208092485549,0.06455680847815529,0.6172885752639804,0.0,0.0,0.6768476373942328,0.15695899122337195,0.0,0.4779331391404004,0.074158912460353,0.0,0.0,0.6656043601808683,rice
0.0,0.3439153439153439,0.30097087378640774,0.0,0.5882352941176471,0.07446808510638298,0.0,0.6470588235294118,0.03468208092485549,0.1415797249833765,0.16067445805570324,0.0,0.0,0.7298245529256167,0.13122746584357453,0.030405081386636054,0.8041441246518231,0.0,0.0,0.0,0.6202563949538437,rice
0.0,0.0,0.5242718446601942,0.0,0.8823529411764706,0.02127659574468085,0.0,0.5294117647058824,0.046242774566473986,0.0,0.6866168627160498,0.0513664994747398,0.0,0.9003345123904645,0.04840872667257114,0.355744268692473,0.0,0.0,0.0,0.0,0.8333505213583369,rice
0.0,0.0,0.5145631067961165,0.10869565217391304,0.782608695652174,0.0,0.0,0.4117647058823529,0.057803468208092484,0.09656646085172398,0.42752610165380345,0.0,0.0,0.896843713663645,0.05010424962127333,0.0,0.0,0.30705832795681226,0.0,0.0,0.7620094725569382,rice
0.0,0.13227513227513227,0.39805825242718446,0.0,0.5882352941176471,0.07446808510638298,0.0,0.29411764705882354,0.06936416184971098,0.0,0.594289986089108,0.06649975935867886,0.0,0.9563403415531291,0.02120602149314298,0.45076418833097376,0.0,0.0,0.0,0.0,0.9306618492609239,rice
0.0,0.0,0.5436893203883495,0.0,0.7058823529411765,0.05319148936170213,0.0,0.7647058823529411,0.023121387283236993,0.09442051138552798,0.44024791050681195,0.0,0.0,0.8328631472902654,0.08118038062922411,0.0,0.0,0.15934505588995987,0.0,0.0,0.4438539349013397,rice
0.0,0.0,0.5533980582524272,0.021739130434782608,0.9565217391304348,0.0,0.0,0.7058823529411765,0.028901734104046242,0.0,0.9773338710623625,0.0037151957513100412,0.0,0.9798741736625637,0.009775356039449845,0.0,0.0,0.14899367143809006,0.0,0.0,0.563198695793194,rice
0.0,0.5132275132275133,0.22330097087378642,0.06521739130434782,0.8695652173913043,0.0,0.0,0.5882352941176471,0.04046242774566474,0.07849505761484006,0.5346586046818494,0.0,0.002611032524490755,0.991445839135958,0.0,0.0,0.0,0.17585350561243135,0.0,0.0,0.6687468363214949,rice
0.0,0.0,0.46601941747572817,0.2826086956521739,0.43478260869565216,0.0,0.0,0.47058823529411764,0.05202312138728324,0.23916836678875525,0.0,0.0,0.0,0.7556651816624381,0.11867636150875265,0.06026608174306725,0.6117929748814551,0.0,0.0,0.0,0.8924610757487951,rice
0.0,0.0,0.5242718446601942,0.34782608695652173,0.30434782608695654,0.0,0.0,0.5882352941176471,0.04046242774566474,0.10759981185509283,0.3621172070437063,0.0,0.0008301141301557992,0.9972804131169327,0.0,0.0,0.0,0.15550068801673014,0.0,0.0,0.5468712148572881,rice
0.0,0.15343915343915343,0.3883495145631068,0.2826086956521739,0.43478260869565216,0.0,0.0,0.7647058823529411,0.023121387283236993,0.22258610219838337,0.0,0.0,0.004241401737165673,0.9861044883936025,0.0,0.161323538801838,0.0,0.0,0.0,0.0,0.636682238866619,rice
0.0,0.0,0.49514563106796117,0.34782608695652173,0.30434782608695654,0.0,0.0,0.5294117647058824,0.046242774566473986,0.12038721267835142,0.28630979798636674,0.0,0.0,0.6713190459290324,0.15964429462721133,0.19556708816716406,0.0,0.0,0.0,0.0,0.9643508919506396,rice
0.0,0.0,0.5048543689320388,0.13043478260869565,0.7391304347826086,0.0,0.0,0.7647058823529411,0.023121387283236993,0.25479323423304484,0.0,0.0,0.0,0.9998292149610575,8.295234858350817e-05,0.0,0.9650417216290822,0.004965777565741231,0.0,0.0,0.4449346536676982,rice
0.0,0.1746031746031746,0.3786407766990291,0.2391304347826087,0.5217391304347826,0.0,0.0,0.35294117647058826,0.06358381502890173,0.026306409379074403,0.8440479997309458,0.0,0.0,0.7209694273583805,0.13552850689115392,0.46394989249838814,0.0,0.0,0.0,0.0,0.67020973559321,rice
0.0,0.36507936507936506,0.2912621359223301,0.0,0.5294117647058824,0.0851063829787234,0.0,0.47058823529411764,0.05202312138728324,0.21767255904447164,0.0,0.0,0.0,0.9471595509273162,0.02566524197861579,0.14122305029454724,0.09030455195771017,0.0,0.0,0.0,0.5817026732360157,rice
0.0,0.026455026455026454,0.44660194174757284,0.21739130434782608,0.5652173913043478,0.0,0.0,0.35294117647058826,0.06358381502890173,0.2710399271423206,0.0,0.0,0.0,0.767271342623371,0.11303910946542937,0.058561528441395214,0.6227729415104324,0.0,0.0,0.0,0.6786698671997988,rice
0.0,0.0,0.5922330097087378,0.08695652173913043,0.8260869565217391,0.0,0.0,0.7058823529411765,0.028901734104046242,0.12608820324582426,0.2525126776838285,0.0,0.0,0.9092930485496874,0.04405745785605577,0.0,0.0,0.2707764306277674,0.0,0.0,0.6342427748877528,rice
0.0,0.3862433862433862,0.2815533980582524,0.0,0.8823529411764706,0.02127659574468085,0.0,0.47058823529411764,0.05202312138728324,0.031184476509299838,0.8151294074805522,0.0,0.0,0.9946445944707591,0.0026011849106830796,0.0,0.0,0.385712920082807,0.0,0.0,0.7959854566016008,rice
0.0,0.0,0.5825242718446602,0.0,0.5294117647058824,0.0851063829787234,0.0,0.35294117647058826,0.06358381502890173,0.0,0.7433046001395164,0.04207483605014298,0.0,0.6231499039816906,0.1830406265221255,0.047442190248531864,0.6943987229830276,0.0,0.0,0.0,0.8664579957333759,rice
0.0,0.0,0.5825242718446602,0.021739130434782608,0.9565217391304348,0.0,0.0,0.47058823529411764,0.05202312138728324,0.06376111687167393,0.6220056651503246,0.0,0.0,0.9924184321015598,0.003682458762284918,0.0,0.0,0.18401890584060976,0.0,0.0,0.8119875981057528,rice
0.0,0.5132275132275133,0.22330097087378642,0.043478260869565216,0.9130434782608695,0.0,0.0,0.29411764705882354,0.06936416184971098,0.2875410733577471,0.0,0.0,0.0,0.5752683050696764,0.20629729530458585,0.06170743199916145,0.6025084440327817,0.0,0.0,0.0,0.7129052137725657,rice
0.0,0.005291005291005291,0.4563106796116505,0.0,1.0,0.0,0.0,0.8235294117647058,0.017341040462427744,0.19657278377447537,0.0,0.0,0.0,0.9819516925400014,0.008766280120521972,0.13071988898089176,0.15796119878100265,0.0,0.0,0.0,0.5062115721347243,rice
0.0,0.23809523809523808,0.34951456310679613,0.0,0.6470588235294118,0.06382978723404255,0.0,0.47058823529411764,0.05202312138728324,0.24754957678844336,0.0,0.0,0.0,0.5281985185633813,0.2291596570325137,0.20557394824603337,0.0,0.0,0.0,0.0,0.8705971109586383,rice
0.0,0.0,0.5339805825242718,0.34782608695652173,0.30434782608695654,0.0,0.0,0.5294117647058824,0.046242774566473986,0.20386159647852123,0.0,0.0,0.0021426143350232953,0.9929804521699834,0.0,0.023167505801428078,0.8507653352190325,0.0,0.0,0.0,0.5165661864190045,rice
0.0,0.0,0.46601941747572817,0.30434782608695654,0.391304347826087,0.0,0.0,0.5882352941176471,0.04046242774566474,0.06384395169378586,0.6215145963763945,0.0,0.0,0.7611017739200152,0.11603574322714315,0.02085759987704494,0.8656447114995659,0.0,0.0,0.0,0.637274829187872,rice
0.0,0.0,0.5922330097087378,0.0,0.8823529411764706,0.02127659574468085,0.0,0.6470588235294118,0.03468208092485549,0.31786867428209714,0.0,0.0,0.0,0.8769678523657174,0.059758194633039434,0.48301249951718883,0.0,0.0,0.0,0.0,0.8619566698108504,rice
0.0,0.0,0.49514563106796117,0.0,0.8235294117647058,0.031914893617021274,0.0,0.29411764705882354,0.06936416184971098,0.0,0.9538515315102981,0.007564176244392076,0.0,0.6401802896783885,0.1747687632513634,0.09438596166651152,0.3920080361666368,0.0,0.0,0.0,0.6787904195069093,rice
0.0,0.0,0.5631067961165048,0.0,0.7647058823529411,0.0425531914893617,0.0,0.4117647058823529,0.057803468208092484,0.0,0.5961316507254797,0.06619789287538076,0.0,0.8232368187754042,0.08585600422885936,0.16244422088726915,0.0,0.0,0.0,0.0,0.4834727724541193,rice
0.0,0.0,0.6019417475728155,0.0,0.6470588235294118,0.06382978723404255,0.0,0.8235294117647058,0.017341040462427744,0.0,0.6088883334534702,0.06410695032395361,0.0,0.9256835893873467,0.03609637493300435,0.15911938151454424,0.0,0.0,0.0,0.0,0.8710791375588488,rice
0.0,0.0,0.5631067961165048,0.2608695652173913,0.4782608695652174,0.0,0.0,0.7647058823529411,0.023121387283236993,0.1034631026404602,0.3866408152358056,0.0,0.0,0.7172363491008483,0.13734170792343292,0.2957397223540746,0.0,0.0,0.0,0.0,0.9346527071816529,rice
0.0,0.5132275132275133,0.22330097087378642,0.17391304347826086,0.6521739130434783,0.0,0.0,0.29411764705882354,0.06936416184971098,0.27301265137730396,0.0,0.0,0.0,0.7383738200431488,0.12707498392561306,0.0,0.0,0.28238945856843706,0.0,0.0,0.9992229934569988,rice
0.0,0.4497354497354497,0.2524271844660194,0.15217391304347827,0.6956521739130435,0.0,0.0,0.47058823529411764,0.05202312138728324,0.08499989514856819,0.49609604716242356,0.0,0.0,0.6564224835746425,0.16687973422290922,0.2882160251322401,0.0,0.0,0.0,0.0,0.7961350394336277,rice
0.0,0.4708994708994709,0.24271844660194175,0.1956521739130435,0.6086956521739131,0.0,0.0,0.7647058823529411,0.023121387283236993,0.167969471181268,0.004228413031117867,0.0,0.0,0.8317740845738758,0.08170935149598532,0.0,0.9900421753393737,0.0014144959250756313,0.0,0.0,0.7553086325880406,rice
0.0,0.42857142857142855,0.2621359223300971,0.13043478260869565,0.7391304347826086,0.0,0.0,0.35294117647058826,0.06358381502890173,0.0,0.9895010927216189,0.0017208715180857352,0.0,0.6775645462984439,0.15661077994155845,0.3048211694553016,0.0,0.0,0.0,0.0,0.5647364397474905,rice
0.0,0.026455026455026454,0.44660194174757284,0.0,0.47058823529411764,0.09574468085106383,0.0,0.7647058823529411,0.023121387283236993,9.800382706358779e-05,0.9994190049791917,0.0,0.004954353553679814,0.9837687440206127,0.0,0.0,0.039423866173218705,0.13644857921583733,0.0,0.0,0.5202316101573108,rice
0.0,0.047619047619047616,0.4368932038834951,0.2391304347826087,0.5217391304347826,0.0,0.0,0.5294117647058824,0.046242774566473986,0.10540847163218602,0.3751081054254594,0.0,0.0,0.5419346413799487,0.22248785688467135,0.05258596802231261,0.6612648173154334,0.0,0.0,0.0,0.0,rice
0.0,0.0,0.46601941747572817,0.0,0.9411764705882353,0.010638297872340425,0.0,0.23529411764705882,0.07514450867052024,0.0,0.7587339676294548,0.039545814852842975,0.0,0.8001351639588781,0.09707675597071212,0.0,0.0,0.22770082100304187,0.0,0.0,0.8378706879359061,rice
0.0,0.0,0.5242718446601942,0.34782608695652173,0.30434782608695654,0.0,0.0,0.6470588235294118,0.03468208092485549,0.04181781006691196,0.7520919319383079,0.0,0.0,0.9944367559396556,0.002702134586298324,0.09956468901608374,0.35864900103227204,0.0,0.0,0.0,0.43600868653376446,rice
0.0,0.1746031746031746,0.3786407766990291,0.043478260869565216,0.9130434782608695,0.0,0.0,0.4117647058823529,0.057803468208092484,0.03815140379871476,0.7738274482942261,0.0,0.0,0.5771795510115529,0.205368980151332,0.4173115969396598,0.0,0.0,0.0,0.0,0.5011887031827267,rice
0.0,0.21693121693121692,0.3592233009708738,0.2608695652173913,0.4782608695652174,0.0,0.0,0.6470588235294118,0.03468208092485549,0.14055658475098237,0.16673992915433722,0.0,0.0,0.5653191503590826,0.21112971947226913,0.0,0.0,0.3866064011034202,0.0,0.0,0.6783643277122452,rice
0.0,0.1111111111111111,0.4077669902912621,0.17391304347826086,0.6521739130434783,0.0,0.0,0.5882352941176471,0.04046242774566474,0.23444857289999324,0.0,0.0,0.0,0.9750454621458647,0.012120719330184528,0.0,0.0,0.18168817249449531,0.0,0.0,0.5692236497840819,rice
0.0,0.0,0.49514563106796117,0.0,0.7647058823529411,0.0425531914893617,0.0,0.23529411764705882,0.07514450867052024,0.057428221556201774,0.6595488994895584,0.0,0.000898820355740798,0.9970553205144843,0.0,0.0,0.0,0.37188195106738015,0.0,0.0,0.7798650372973296,rice
0.0,0.5132275132275133,0.22330097087378642,0.32608695652173914,0.34782608695652173,0.0,0.0,0.35294117647058826,0.06358381502890173,0.12922388333471851,0.2339234595575457,0.0,0.0,0.7266717846685087,0.13275880332539405,0.38997510734672997,0.0,0.0,0.0,0.0,0.6138528163078345,rice
0.0,0.1746031746031746,0.3786407766990291,0.0,0.47058823529411764,0.09574468085106383,0.0,0.5882352941176471,0.04046242774566474,0.33108405710628547,0.0,0.0,0.0018936685727661562,0.993796038370766,0.0,0.0,0.3156907589969898,0.0972052296439488,0.0,0.0,0.5582600979880009,rice
0.0,0.0,0.5436893203883495,0.0,0.7058823529411765,0.05319148936170213,0.0,0.4117647058823529,0.057803468208092484,0.10382465652631995,0.3844974192712568,0.0,0.0,0.8150428918035634,0.08983589316201601,0.0,0.0,0.2728504071853245,0.0,0.0,0.4920515490810363,rice
0.0,0.4074074074074074,0.27184466019417475,0.0,0.47058823529411764,0.09574468085106383,0.0,0.35294117647058826,0.06358381502890173,0.21622221663500818,0.0,0.0,0.0,0.8495047776315096,0.07309734051275582,0.2626023483104273,0.0,0.0,0.0,0.0,0.6504710828022103,rice
0.0,0.0,0.5631067961165048,0.0,0.9411764705882353,0.010638297872340425,0.0,0.7647058823529411,0.023121387283236993,0.0,0.7872142674438902,0.03487762077533874,0.0,0.6450775022167964,0.17239012819006663,0.30191663825661774,0.0,0.0,0.0,0.0,0.9408336320652145,rice
0.0,0.19576719576719576,0.36893203883495146,0.2826086956521739,0.43478260869565216,0.0,0.0,0.5882352941176471,0.04046242774566474,0.1282968355262565,0.23941926698574204,0.0,0.0,0.5440534567413963,0.22145872276651205,0.07188852562502993,0.536926412571006,0.0,0.0,0.0,0.9281943547939947,rice
0.0,0.21693121693121692,0.3592233009708738,0.0,0.8235294117647058,0.031914893617021274,0.0,0.6470588235294118,0.03468208092485549,0.0,0.9808160096836516,0.0031444398605763473,0.0,0.6837079225345338,0.15362686817638696,0.0,0.0,0.1980680050793417,0.0,0.0,0.6014518850808412,rice
0.0,0.0,0.5242718446601942,0.32608695652173914,0.34782608695652173,0.0,0.0,0.23529411764705882,0.07514450867052024,0.0688748082582373,0.591690224186817,0.0,0.0,0.7909182490671974,0.10155352244682403,0.16244866530438576,0.0,0.0,0.0,0.0,0.8498524800054068,rice
0.0,0.2804232804232804,0.3300970873786408,0.10869565217391304,0.782608695652174,0.0,0.0,0.5294117647058824,0.046242774566473986,0.3170866063415417,0.0,0.0,0.0,0.825827170310725,0.08459783931674367,0.0,0.0,0.23123921762540367,0.0,0.0,0.47662998272781265,rice
0.0,0.0,0.6019417475728155,0.0,0.7647058823529411,0.0425531914893617,0.0,0.8235294117647058,0.017341040462427744,0.23101756612238816,0.0,0.0,0.003536295260371017,0.9884145301767687,0.0,0.0,0.846263631750491,0.021838049356773866,0.0,0.0,0.8988794433541434,rice
0.0,0.25925925925925924,0.33980582524271846,0.2391304347826087,0.5217391304347826,0.0,0.0,0.6470588235294118,0.03468208092485549,0.3090810949686038,0.0,0.0,0.0,0.8169112213155318,0.08892842303521026,0.0,0.0,0.3326012042590468,0.0,0.0,0.7377959970292421,rice
0.0,0.026455026455026454,0.44660194174757284,0.0,0.5882352941176471,0.07446808510638298,0.0,0.23529411764705882,0.07514450867052024,0.0,0.9471498497153974,0.008662646115429627,0.0,0.6786359130846535,0.15609040420103246,0.1882343748666015,0.0,0.0,0.0,0.0,0.7403073782386733,rice
0.0,0.0,0.5436893203883495,0.0,0.5882352941176471,0.07446808510638298,0.0,0.6470588235294118,0.03468208092485549,0.2971128287594792,0.0,0.0,0.0,0.6517053077075683,0.16917092330643904,0.0,0.0,0.1445436991576742,0.0,0.0,0.9066487650159538,rice
0.0,0.30158730158730157,0.32038834951456313,0.32608695652173914,0.34782608695652173,0.0,0.0,0.4117647058823529,0.057803468208092484,0.2240279207991844,0.0,0.0,0.0,0.9730130548041767,0.013107884033341921,0.0,0.0,0.14847802313078912,0.0,0.0,0.5278358859724779,rice
0.0,0.1746031746031746,0.3786407766990291,0.08695652173913043,0.8260869565217391,0.0,0.0,0.4117647058823529,0.057803468208092484,0.3288016879487778,0.0,0.0,0.0,0.7026052183117766,0.1444482242137425,0.23486350627625155,0.0,0.0,0.0,0.0,0.8285508741818643,rice
0.0,0.0,0.6019417475728155,0.21739130434782608,0.5652173913043478,0.0,0.0,0.7647058823529411,0.023121387283236993,0.0680063837680909,0.5968384956353978,0.0,0.0,0.7598880967334682,0.11662524084162801,0.0,0.371021710777693,0.0893455405560473,0.0,0.0,0.4305215486315446,rice
0.0,0.0,0.6019417475728155,0.0,0.8235294117647058,0.031914893617021274,0.0,0.7058823529411765,0.028901734104046242,0.26561815644290965,0.0,0.0,0.0020858745631617205,0.9931663407528871,0.0,0.2842953280746124,0.0,0.0,0.0,0.0,0.5096185347036218,rice
0.0,0.0,0.47572815533980584,0.0,0.5294117647058824,0.0851063829787234,0.0,0.8235294117647058,0.017341040462427744,0.0,0.936376993480794,0.01042842049280084,0.0,0.8271254245032611,0.08396726163267894,0.0,0.0,0.14859952810981542,0.0,0.0,0.7297491172743302,rice
0.0,0.32275132275132273,0.3106796116504854,0.10869565217391304,0.782608695652174,0.0,0.0,0.47058823529411764,0.05202312138728324,0.11670201134349131,0.30815673693132145,0.0,0.002826650091141919,0.9907394414434945,0.0,0.4838232404379365,0.0,0.0,0.0,0.0,0.8259641946648876,rice
0.0,0.0,0.5242718446601942,0.0,0.7058823529411765,0.05319148936170213,0.0,0.7058823529411765,0.028901734104046242,0.1291822867668812,0.23417005603770677,0.0,0.0,0.9898969382926484,0.004907178648073059,0.021084549710498564,0.8641828026256525,0.0,0.0,0.0,0.8573526159985135,rice
0.0,0.49206349206349204,0.23300970873786409,0.0,0.9411764705882353,0.010638297872340425,0.0,0.47058823529411764,0.05202312138728324,0.03708324900904066,0.7801597787026152,0.0,0.0,0.6392154287944709,0.17523740779349026,0.0,0.0866659201892444,0.12973790744009348,0.0,0.0,0.5396986343815298,rice
0.0,0.36507936507936506,0.2912621359223301,0.13043478260869565,0.7391304347826086,0.0,0.0,0.6470588235294118,0.03468208092485549,0.17115481019125844,0.0,0.0,0.0,0.8208516674228217,0.08701450094290977,0.0,0.0,0.2493886691712534,0.0,0.0,0.815051545088302,rice
0.0,0.1111111111111111,0.4077669902912621,0.1956521739130435,0.6086956521739131,0.0,0.0,0.7058823529411765,0.028901734104046242,0.04326506656788873,0.7435121769828766,0.0,0.0,0.7501927500806184,0.12133438738142513,0.0,0.6733367363631805,0.0464020879091404,0.0,0.0,0.9855141038670082,rice
0.0,0.13227513227513227,0.39805825242718446,0.17391304347826086,0.6521739130434783,0.0,0.0,0.4117647058823529,0.057803468208092484,0.2548694465143006,0.0,0.0,0.0,0.732992926485656,0.1296885486783324,0.0,0.0,0.24463824095315292,0.0,0.0,0.47842769158881887,rice
0.0,0.19576719576719576,0.36893203883495146,0.0,0.8235294117647058,0.031914893617021274,0.0,0.7647058823529411,0.023121387283236993,0.0,0.765112847306356,0.03850025534248524,0.0,0.5677279803606071,0.20995972175348676,0.0,0.0,0.170622041459258,0.0,0.0,0.7983792811960566,rice
0.0,0.0,0.5825242718446602,0.32608695652173914,0.34782608695652173,0.0,0.0,0.23529411764705882,0.07514450867052024,0.2009176230886106,0.0,0.0,0.0,0.8537738891271397,0.07102378168629081,0.0,0.0,0.14644774287339288,0.0,0.0,0.8994516789733932,rice
0.0,0.36507936507936506,0.2912621359223301,0.08695652173913043,0.8260869565217391,0.0,0.0,0.29411764705882354,0.06936416184971098,0.0,0.6179393477669052,0.06262340233855046,0.0,0.8614527186828577,0.06729408176665236,0.0,0.0,0.41122811640166035,0.0,0.0,0.9108672194438729,rice
0.0,0.23809523809523808,0.34951456310679613,0.34782608695652173,0.30434782608695654,0.0,0.0,0.6470588235294118,0.03468208092485549,0.04229897331261234,0.7492394571082532,0.0,0.0,0.8410526492242212,0.07720264099021769,0.4861629687127869,0.0,0.0,0.0,0.0,0.4471373352338441,rice
0.0,0.15343915343915343,0.3883495145631068,0.32608695652173914,0.34782608695652173,0.0,0.0,0.7058823529411765,0.028901734104046242,0.0,0.5660571650859705,0.07112738928732455,0.0,0.8958177802916862,0.05060255780576735,0.0989330198555601,0.36271792999817787,0.0,0.0,0.0,0.4895076399178503,rice
0.0,0.06878306878306878,0.42718446601941745,0.21739130434782608,0.5652173913043478,0.0,0.0,0.6470588235294118,0.03468208092485549,0.17410295277708251,0.0,0.0,0.0,0.6564239093381014,0.16687904171244014,0.0,0.0,0.3131112740631004,0.0,0.0,0.5206165904712954,rice
0.0,0.3439153439153439,0.30097087378640774,0.0,0.6470588235294118,0.06382978723404255,0.0,0.35294117647058826,0.06358381502890173,0.0,0.8346297523873784,0.027105768391853944,0.0014097459151453642,0.9953814465264343,0.0,0.24590067839755453,0.0,0.0,0.0,0.0,0.43220407749927764,rice
0.0,0.25925925925925924,0.33980582524271846,0.13043478260869565,0.7391304347826086,0.0,0.0,0.8235294117647058,0.017341040462427744,0.010070818228286482,0.9402972779593157,0.0,0.0,0.7389427904222835,0.12679862816567106,0.22824386355846152,0.0,0.0,0.0,0.0,0.4933408607087529,rice
0.0,0.49206349206349204,0.23300970873786409,0.0,0.8823529411764706,0.02127659574468085,0.0,0.35294117647058826,0.06358381502890173,0.0,0.7284678189706655,0.04450672667042888,0.0,0.9384516061515051,0.029894795544676413,0.02583266272823896,0.8335975915710833,0.0,0.0,0.0,0.6308507593596213,rice
0.0,0.36507936507936506,0.2912621359223301,0.17391304347826086,0.6521739130434783,0.0,0.0,0.5882352941176471,0.04046242774566474,0.0,0.8498034533098552,0.024618653395114178,0.0,0.5255272552156235,0.23045712178559535,0.14555945256336109,0.06237139659396044,0.0,0.0,0.0,0.45110181319370757,rice
0.0,0.36507936507936506,0.2912621359223301,0.0,0.5882352941176471,0.07446808510638298,0.0,0.5882352941176471,0.04046242774566474,0.01883804640457006,0.8883226146290082,0.0,0.0,0.992551154743924,0.0036179937777494117,0.3326560905487455,0.0,0.0,0.0,0.0,0.6148878858710606,rice
0.0,0.3862433862433862,0.2815533980582524,0.0,0.47058823529411764,0.09574468085106383,0.0,0.6470588235294118,0.03468208092485549,0.2094392007869522,0.0,0.0,0.0,0.6836897316502001,0.15363570370781074,0.017967013512187904,0.8842645703172244,0.0,0.0,0.0,0.6719387114352521,rice
0.0,0.047619047619047616,0.4368932038834951,0.17391304347826086,0.6521739130434783,0.0,0.0,0.6470588235294118,0.03468208092485549,0.13787151526746474,0.18265779733550616,0.0,0.0,0.8986799566380906,0.049212364311860934,0.4518234762334577,0.0,0.0,0.0,0.0,0.7238825363264959,rice
0.0,0.005291005291005291,0.4563106796116505,0.021739130434782608,0.9565217391304348,0.0,0.0,0.29411764705882354,0.06936416184971098,0.0067234970439314645,0.9601411656872392,0.0,0.0,0.9015168080061725,0.0478344714646779,0.16768895154640764,0.0,0.0,0.0,0.0,0.430979610185608,rice
0.0,0.06878306878306878,0.42718446601941745,0.0,0.8823529411764706,0.02127659574468085,0.0,0.4117647058823529,0.057803468208092484,0.11464479545879094,0.3203525074593776,0.0,0.0,0.940632120872567,0.02883569330508326,0.42708805205226824,0.0,0.0,0.0,0.0,0.6815954335304495,rice
0.0,0.0,0.5242718446601942,0.021739130434782608,0.9565217391304348,0.0,0.0,0.5294117647058824,0.046242774566473986,0.2846191413196058,0.0,0.0,0.0,0.6136358076404225,0.18766173760448265,0.0,0.9250972013662486,0.0106398442486271,0.0,0.0,0.6645144152522191,rice
0.0,0.0,0.5436893203883495,0.0,0.8823529411764706,0.02127659574468085,0.0,0.6470588235294118,0.03468208092485549,0.0,0.5507002319005585,0.07364453780794623,0.0,0.8479291960885293,0.07386261942819433,0.0,0.0,0.18350957682468305,0.0,0.0,0.9613106056338494,rice
0.0,0.0,0.5145631067961165,0.15217391304347827,0.6956521739130435,0.0,0.0,0.6470588235294118,0.03468208092485549,0.10514494899838815,0.3766703437858811,0.0,0.0,0.6400527624716309,0.17483070475030466,0.0,0.0,0.29859701788591647,0.0,0.0,0.7184051052130177,rice
0.0,0.06878306878306878,0.42718446601941745,0.13043478260869565,0.7391304347826086,0.0,0.0,0.8235294117647058,0.017341040462427744,0.0,0.6861129613367224,0.051449093739896735,0.0052929146676512365,0.9826595635703287,0.0,0.09131559984490797,0.4117859277157151,0.0,0.0,0.0,0.6090000198972968,rice
0.0,0.13227513227513227,0.39805825242718446,0.2391304347826087,0.5217391304347826,0.0,0.0,0.6470588235294118,0.03468208092485549,0.0,0.7078631854598835,0.047884023565155566,0.0,0.6429490315556581,0.1734239520034744,0.0,0.0,0.3204597843014831,0.0,0.0,0.7528899194966175,rice
0.0,0.5132275132275133,0.22330097087378642,0.0,1.0,0.0,0.0,0.7647058823529411,0.023121387283236993,0.17302283830343515,0.0,0.0,0.0,0.7532887843497412,0.11983060628028751,0.1358506553888359,0.12491110648700215,0.0,0.0,0.0,0.7959490762722008,rice
0.0,0.0,0.49514563106796117,0.10869565217391304,0.782608695652174,0.0,0.0,0.4117647058823529,0.057803468208092484,0.17382098623583736,0.0,0.0,0.0,0.6844074120074758,0.15328711772196033,0.0,0.6390911332584039,0.05126663088859242,0.0,0.0,0.4879784524889927,rice
0.0,0.0,0.5436893203883495,0.08695652173913043,0.8260869565217391,0.0,0.0,0.7058823529411765,0.028901734104046242,0.24236721499511393,0.0,0.0,0.0,0.8240859754192743,0.08544355862846907,0.0,0.8489804412092726,0.02145213013850839,0.0,0.0,0.9870626655984597,rice
0.0,0.5132275132275133,0.22330097087378642,0.0,0.7647058823529411,0.0425531914893617,0.0,0.23529411764705882,0.07514450867052024,0.24980807844702282,0.0,0.0,0.0,0.6985767790650341,0.14640488563275467,0.16755163278899457,0.0,0.0,0.0,0.0,0.9460784056111585,rice
0.0,0.13227513227513227,0.39805825242718446,0.34782608695652173,0.30434782608695654,0.0,0.0,0.29411764705882354,0.06936416184971098,0.0,0.6811339280885992,0.05226520500529866,0.0,0.5567162836114276,0.2153082353755811,0.0,0.0,0.18450198419937272,0.0,0.0,0.4357285829369394,rice
0.0,0.4074074074074074,0.27184466019417475,0.30434782608695654,0.391304347826087,0.0,0.0,0.5294117647058824,0.046242774566473986,0.13352628961857307,0.20841755123426867,0.0,0.0,0.6705254761192755,0.1600297410333598,0.3738401182514785,0.0,0.0,0.0,0.0,0.4592512922131707,rice
0.0,0.2804232804232804,0.3300970873786408,0.0,0.8235294117647058,0.031914893617021274,0.5925925925925926,0.0,0.0,0.17796997469529116,0.0,0.0,0.2534533443433699,0.1696462381427141,0.0,0.23118600057329267,0.0,0.0,0.09521072289988827,0.7655330461259714,0.0,maize
0.0,0.49206349206349204,0.23300970873786409,0.15217391304347827,0.6956521739130435,0.0,0.5555555555555556,0.0,0.0,0.0,0.8307466533392543,0.027742245539107386,0.13438589548563074,0.5597302764098542,0.0,0.0,0.0,0.14436032062103235,0.0,0.7483452537337313,0.03632249825547489,maize
0.0,0.08994708994708994,0.4174757281553398,0.17391304347826086,0.6521739130434783,0.0,0.5925925925925926,0.0,0.0,0.12161628901039681,0.27902347815062734,0.0,0.13410281340401253,0.5606576986618471,0.0,0.0,0.5328505407899535,0.06635796762586654,0.3770297775902184,0.07152240022027256,0.0,maize
0.0,0.23809523809523808,0.34951456310679613,0.0,0.5882352941176471,0.07446808510638298,0.4074074074074074,0.08333333333333333,0.0,0.33545146779008894,0.0,0.0,0.3441875706565689,0.0,0.0,0.0,0.6570070467256632,0.048721698892184674,0.45831207048667544,0.0,0.0,maize
0.0,0.49206349206349204,0.23300970873786409,0.2826086956521739,0.43478260869565216,0.0,0.4444444444444444,0.0,0.0,0.4244781944944209,0.0,0.0,0.2684901991085098,0.12038309287594627,0.0,0.15566480584285594,0.0,0.0,0.39419644356393224,0.029247583304305748,0.0,maize
0.0,0.3439153439153439,0.30097087378640774,0.21739130434782608,0.5652173913043478,0.0,0.5925925925925926,0.0,0.0,0.22785403773646526,0.0,0.0,0.3422895578334042,0.0,0.0,0.09116025515626396,0.41278658841410865,0.0,0.0,0.7544702813997847,0.03543844456677727,maize
0.0,0.0,0.5436893203883495,0.21739130434782608,0.5652173913043478,0.0,0.5555555555555556,0.0,0.0,0.0,0.99222949540051,0.0012736601716591743,0.2109638087053693,0.3088487641460209,0.0,0.1291440950214039,0.1681117555704845,0.0,0.0,0.6395276185640042,0.052028652906876756,maize
0.0,0.0,0.5048543689320388,0.0,0.47058823529411764,0.09574468085106383,0.48148148148148145,0.0,0.0,0.024251389879007792,0.8562307494558943,0.0,0.20815273776322488,0.3180582829144735,0.0,0.17511283172783149,0.0,0.0,0.22504751772189333,0.4457955537986392,0.0,maize
0.0,0.1746031746031746,0.3786407766990291,0.15217391304347827,0.6956521739130435,0.0,0.5555555555555556,0.0,0.0,0.30894032245312986,0.0,0.0,0.2706164587917352,0.11341712550540024,0.0,0.19504990683544274,0.0,0.0,0.3963445440991569,0.023957647740652014,0.0,maize
0.0,0.36507936507936506,0.2912621359223301,0.0,0.47058823529411764,0.09574468085106383,0.25925925925925924,0.4166666666666667,0.0,0.04036669141076183,0.7606945828661982,0.0,0.20670315977402445,0.3228073326441445,0.0,0.23106939514872432,0.0,0.0,0.0,0.5119503240426609,0.07044247631550292,maize
0.0,0.30158730158730157,0.32038834951456313,0.15217391304347827,0.6956521739130435,0.0,0.48148148148148145,0.0,0.0,0.13604003156151057,0.19351536224631957,0.0,0.10600288067756647,0.6527175801670229,0.0,0.19602080326354762,0.0,0.0,0.007641627377134434,0.9811816459408566,0.0,maize
0.0,0.0,0.5145631067961165,0.043478260869565216,0.9130434782608695,0.0,0.4074074074074074,0.08333333333333333,0.0,0.045222980111482895,0.731905099442288,0.0,0.18295958616345256,0.40059508375293934,0.0,0.0,0.9047768366980464,0.013526325382691887,0.27878235427100284,0.31346756532368447,0.0,maize
0.0,0.4708994708994709,0.24271844660194175,0.0,0.9411764705882353,0.010638297872340425,0.5925925925925926,0.0,0.0,0.19814121524496933,0.0,0.0,0.32670772228881767,0.0,0.0,0.0,0.0,0.15441751344154966,0.4152013272364772,0.0,0.0,maize
0.0,0.0,0.5339805825242718,0.15217391304347827,0.6956521739130435,0.0,0.5925925925925926,0.0,0.0,0.4007137277069192,0.0,0.0,0.2220790036521495,0.27243360473375394,0.0,0.11713602749929033,0.2454623321361922,0.0,0.0014162217998828306,0.9965123969095616,0.0,maize
0.0,0.3862433862433862,0.2815533980582524,0.0,0.8235294117647058,0.031914893617021274,0.4074074074074074,0.08333333333333333,0.0,0.02436093247594302,0.8555813492713026,0.0,0.3061684596471751,0.0,0.0,0.17327019775888536,0.0,0.0,0.3046474475164852,0.24977190752143621,0.0,maize
0.0,0.4497354497354497,0.2524271844660194,0.0,0.5882352941176471,0.07446808510638298,0.37037037037037035,0.16666666666666666,0.0,0.43788419476821,0.0,0.0,0.3804410037516809,0.0,0.0,0.07543682100365305,0.514069887750797,0.0,0.4171653167249115,0.0,0.0,maize
0.0,0.30158730158730157,0.32038834951456313,0.08695652173913043,0.8260869565217391,0.0,0.5555555555555556,0.0,0.0,0.05877185449027716,0.6515834549974219,0.0,0.15188228026128867,0.5024093167870535,0.0,0.0,0.6474474913288066,0.0500796211910031,0.0,0.6838426104472392,0.04563246432211199,maize
0.0,0.49206349206349204,0.23300970873786409,0.21739130434782608,0.5652173913043478,0.0,0.5555555555555556,0.0,0.0,0.027224193500119648,0.838607110119989,0.0,0.22972543981595667,0.2473826548247358,0.0,0.13804883245419136,0.11075143732411313,0.0,0.24355681136050292,0.4002143675033946,0.0,maize
0.0,0.3862433862433862,0.2815533980582524,0.0,0.8823529411764706,0.02127659574468085,0.48148148148148145,0.0,0.0,0.1493596782666868,0.11455264572288211,0.0,0.3074405349374336,0.0,0.0,0.13406020591038262,0.13644437769946743,0.0,0.393406780599827,0.031192215842970356,0.0,maize
0.0,0.21693121693121692,0.3592233009708738,0.0,0.7647058823529411,0.0425531914893617,0.48148148148148145,0.0,0.0,0.45002966223708235,0.0,0.0,0.26549041216510494,0.1302108754987396,0.0,0.046631348995384715,0.6996217980797235,0.0,0.1424056823249643,0.6493102296450881,0.0,maize
0.0,0.15343915343915343,0.3883495145631068,0.0,0.6470588235294118,0.06382978723404255,0.4074074074074074,0.08333333333333333,0.0,0.03973853017500903,0.764418504280006,0.0,0.10071407149304486,0.6700445663762217,0.0,0.0,0.7482566790912155,0.035759808364419055,0.2026195454530938,0.501026920385005,0.0,maize
0.0,0.0,0.6019417475728155,0.021739130434782608,0.9565217391304348,0.0,0.6296296296296297,0.0,0.0,0.4442606845030148,0.0,0.0,0.14163976820542695,0.5359654272360488,0.0,0.2916689680910219,0.0,0.0,0.09095122171833582,0.7760225397107596,0.0,maize
0.0,0.21693121693121692,0.3592233009708738,0.0,0.7058823529411765,0.05319148936170213,0.37037037037037035,0.16666666666666666,0.0,0.4361213140989177,0.0,0.0,0.20861731664749594,0.31653624805936686,0.0,0.0,0.1894180665284907,0.11514209989747529,0.18607781112619196,0.5417627738823076,0.0,maize
0.0,0.026455026455026454,0.44660194174757284,0.13043478260869565,0.7391304347826086,0.0,0.4074074074074074,0.08333333333333333,0.0,0.40334114626716433,0.0,0.0,0.3280569455339732,0.0,0.0,0.24272303110674626,0.0,0.0,0.20245207933854073,0.5014393242462555,0.0,maize
0.0,0.0,0.6116504854368932,0.06521739130434782,0.8695652173913043,0.0,0.5925925925925926,0.0,0.0,0.0,0.9594105454450197,0.006653000586273576,0.20012410482311985,0.3443613706944313,0.0,0.2996763897272505,0.0,0.0,0.27261866547444474,0.3286463318821111,0.0,maize
0.0,0.1111111111111111,0.4077669902912621,0.0,1.0,0.0,0.5925925925925926,0.0,0.0,0.015543780071516092,0.9078519778596827,0.0,0.18084673792144632,0.40751711309340305,0.0,0.0,0.6766944096356162,0.0459251348271711,0.0,0.9457080209732378,0.007836213473992302,maize
0.0,0.0,0.5533980582524272,0.2608695652173913,0.4782608695652174,0.0,0.5185185185185185,0.0,0.0,0.10180323205278437,0.3964810079662407,0.0,0.34713208652620986,0.0,0.0,0.18215711334955534,0.0,0.0,0.0,0.7291632151578119,0.03909113096774284,maize
0.0,0.19576719576719576,0.36893203883495146,0.043478260869565216,0.9130434782608695,0.0,0.6296296296296297,0.0,0.0,0.24223141117386918,0.0,0.0,0.13537826028142058,0.5564791303519726,0.0,0.1735378869982111,0.0,0.0,0.0,0.7408945983671382,0.037397885946628864,maize
0.0,0.13227513227513227,0.39805825242718446,0.06521739130434782,0.8695652173913043,0.0,0.37037037037037035,0.16666666666666666,0.0,0.14958214687065388,0.11323378752046508,0.0,0.2623049405529037,0.140646990845071,0.0,0.2864078014096337,0.0,0.0,0.3272713701454019,0.19405799146324793,0.0,maize
0.0,0.0,0.4854368932038835,0.0,0.8235294117647058,0.031914893617021274,0.4444444444444444,0.0,0.0,0.0,0.9937965833301838,0.0010167994419654507,0.2567687530732258,0.15878442798170603,0.0,0.0,0.6964024445366526,0.043125634332952634,0.0,0.5250745835182564,0.06854819099412725,maize
0.0,0.0,0.4854368932038835,0.34782608695652173,0.30434782608695654,0.0,0.25925925925925924,0.4166666666666667,0.0,0.24762531509418767,0.0,0.0,0.2614356700253289,0.14349486035933376,0.0,0.08457677696086598,0.4551943974378347,0.0,0.3881533151641816,0.044129456528280854,0.0,maize
0.0,0.4497354497354497,0.2524271844660194,0.17391304347826086,0.6521739130434783,0.0,0.48148148148148145,0.0,0.0,0.42213781967725134,0.0,0.0,0.3766793699555282,0.0,0.0,0.0,0.5650576914291225,0.06178298414402882,0.051965745936319176,0.8720285931628533,0.0,maize
0.0,0.005291005291005291,0.4563106796116505,0.0,0.6470588235294118,0.06382978723404255,0.25925925925925924,0.4166666666666667,0.0,0.18264977578241154,0.0,0.0,0.18848525262997184,0.38249211514098475,0.0,0.0,0.8716497453515101,0.018231985234744015,0.4079888864868906,0.0,0.0,maize
0.0,0.42857142857142855,0.2621359223300971,0.34782608695652173,0.30434782608695654,0.0,0.3333333333333333,0.25,0.0,0.1537177024467777,0.08871701843097551,0.0,0.2805768473085831,0.08078529696925763,0.0,0.255003262761697,0.0,0.0,0.42634266744717436,0.0,0.0,maize
0.0,0.5132275132275133,0.22330097087378642,0.10869565217391304,0.782608695652174,0.0,0.37037037037037035,0.16666666666666666,0.0,0.04203458381039495,0.750806834515287,0.0,0.22440435400856465,0.2648153844214994,0.0,0.0,0.5981545479580034,0.05708161910814655,0.0929300071336993,0.7711495613887857,0.0,maize
0.0,0.0,0.5922330097087378,0.15217391304347827,0.6956521739130435,0.0,0.4074074074074074,0.08333333333333333,0.0,0.0,0.9415928979072286,0.009573483771243972,0.09641352350897044,0.6841338505633189,0.0,0.0,0.8005750296291815,0.028328055329517057,0.0,0.5705572296870933,0.06198346944353912,maize
0.0,0.19576719576719576,0.36893203883495146,0.0,0.7058823529411765,0.05319148936170213,0.5185185185185185,0.0,0.0,0.36965176403008965,0.0,0.0,0.27358771115869274,0.10368282672657617,0.0,0.24957763244353093,0.0,0.0,0.45429017519376186,0.0,0.0,maize
0.0,0.0,0.47572815533980584,0.0,0.7647058823529411,0.0425531914893617,0.4074074074074074,0.08333333333333333,0.0,0.24188436272724528,0.0,0.0,0.3146246430628772,0.0,0.0,0.0,0.24009574449178647,0.107943402248699,0.0,0.4937424083734118,0.07307050934466094,maize
0.0,0.0,0.5922330097087378,0.34782608695652173,0.30434782608695654,0.0,0.5185185185185185,0.0,0.0,0.10738869243079238,0.36336878402788786,0.0,0.08523747885202264,0.7207483633748338,0.0,0.058983028276701675,0.6200578289227271,0.0,0.04158055232076364,0.897603283053525,0.0,maize
0.0,0.1746031746031746,0.3786407766990291,0.0,0.6470588235294118,0.06382978723404255,0.5185185185185185,0.0,0.0,0.3945873140100829,0.0,0.0,0.08981541792024378,0.7057503015552156,0.0,0.11379659233064975,0.2669734733104455,0.0,0.008105548756164227,0.9800391881455037,0.0,maize
0.0,0.0,0.6019417475728155,0.0,0.7058823529411765,0.05319148936170213,0.5555555555555556,0.0,0.0,0.08883917548876263,0.47333568332792575,0.0,0.11088139119006771,0.6367347981413585,0.0,0.0653067746536043,0.579323095593827,0.0,0.3186868865532425,0.21519823341426822,0.0,maize
0.0,0.5132275132275133,0.22330097087378642,0.15217391304347827,0.6956521739130435,0.0,0.3333333333333333,0.25,0.0,0.04793326270742481,0.7158377606412821,0.0,0.15748035286441509,0.4840691340713787,0.0,0.2405462265546759,0.0,0.0,0.2429669003082131,0.40166708882799207,0.0,maize
0.0,0.21693121693121692,0.3592233009708738,0.06521739130434782,0.8695652173913043,0.0,0.5555555555555556,0.0,0.0,0.2365147126406117,0.0,0.0,0.3049981060095974,0.0007773409321698478,0.0,0.0,0.988826264347308,0.0015872144858203395,0.3435687781914373,0.15392381850235257,0.0,maize
0.0,0.0,0.5048543689320388,0.0,0.47058823529411764,0.09574468085106383,0.5555555555555556,0.0,0.0,0.013307425291329316,0.921109735551191,0.0,0.3513230057495013,0.0,0.0,0.15104395402993254,0.027042701961495556,0.0,0.0,0.7675907007241124,0.033544713512268357,maize
0.0,0.32275132275132273,0.3106796116504854,0.0,1.0,0.0,0.3333333333333333,0.25,0.0,0.20159227685056516,0.0,0.0,0.115057093039816,0.6230545298919267,0.0,0.0,0.2446946036599135,0.10729014033909401,0.0,0.6002129934288213,0.057703115336353056,maize
0.0,0.0,0.5728155339805825,0.10869565217391304,0.782608695652174,0.0,0.37037037037037035,0.16666666666666666,0.0,0.29902507431540304,0.0,0.0,0.17325139191231453,0.4324006834705452,0.0,0.0,0.8497962818850813,0.021336241041163148,0.3827366070989416,0.05746870027519712,0.0,maize
0.0,0.49206349206349204,0.23300970873786409,0.0,0.47058823529411764,0.09574468085106383,0.6296296296296297,0.0,0.0,0.043144587358650274,0.7442264125670957,0.0,0.17715991197972536,0.4195957455452739,0.0,0.05461127852681097,0.6482186768803437,0.0,0.04831548021641466,0.88101777692398,0.0,maize
0.0,0.21693121693121692,0.3592233009708738,0.0,0.5882352941176471,0.07446808510638298,0.5185185185185185,0.0,0.0,0.33156888397402057,0.0,0.0,0.3642232059224125,0.0,0.0,0.0,0.39378335796965547,0.08611227844325417,0.0,0.5184839179531266,0.06949945236329909,maize
0.0,0.21693121693121692,0.3592233009708738,0.17391304347826086,0.6521739130434783,0.0,0.3333333333333333,0.25,0.0,0.0,0.8805453490767782,0.01957976206723345,0.28063571650390745,0.08059243205393467,0.0,0.03417811586160606,0.7798399315330077,0.0,0.0,0.8397208684452224,0.023133831420479638,maize
0.0,0.4497354497354497,0.2524271844660194,0.17391304347826086,0.6521739130434783,0.0,0.5555555555555556,0.0,0.0,0.3761871416840339,0.0,0.0,0.2265742454275203,0.2577064724944558,0.0,0.0,0.2329631855419956,0.10895657288723547,0.31541980588583973,0.22324378152918078,0.0,maize
0.0,0.0,0.6019417475728155,0.32608695652173914,0.34782608695652173,0.0,0.4444444444444444,0.0,0.0,0.29922308518678603,0.0,0.0,0.22845703347701757,0.2515381572026205,0.0,0.0,0.5065345887153871,0.07009611408280753,0.2213017118456548,0.4550200157799704,0.0,maize
0.0,0.15343915343915343,0.3883495145631068,0.32608695652173914,0.34782608695652173,0.0,0.3333333333333333,0.25,0.0,0.052734567267844805,0.6873742390975915,0.0,0.35851156119850014,0.0,0.0,0.0,0.5513813772992855,0.06372568661831522,0.08591372476402433,0.7884279340828729,0.0,maize
0.0,0.0,0.4854368932038835,0.0,0.47058823529411764,0.09574468085106383,0.3333333333333333,0.25,0.0,0.3175053121349468,0.0,0.0,0.2500989277471571,0.18063584432336235,0.0,0.0,0.9718676283280798,0.003996166477000553,0.4335076976325209,0.0,0.0,maize
0.0,0.5132275132275133,0.22330097087378642,0.2826086956521739,0.43478260869565216,0.0,0.5555555555555556,0.0,0.0,0.42803049488447004,0.0,0.0,0.2452211311200962,0.19661628754595237,0.0,0.0,0.9008593890920715,0.014082793674130973,0.24719261280641527,0.39126080361952176,0.0,maize
0.0,0.0,0.5533980582524272,0.0,0.8235294117647058,0.031914893617021274,0.5555555555555556,0.0,0.0,0.13160489484479015,0.21980813494944146,0.0,0.2828489628335429,0.07334148249360922,0.0,0.18950066734332105,0.0,0.0,0.0,0.5764544707364697,0.061132293255105746,maize
0.0,0.0,0.5631067961165048,0.2826086956521739,0.43478260869565216,0.0,0.37037037037037035,0.16666666666666666,0.0,0.34277069302848984,0.0,0.0,0.2903891021046832,0.04863877823480447,0.0,0.23779400610244814,0.0,0.0,0.0,0.7992747037933585,0.02897161420345786,maize
0.0,0.005291005291005291,0.4563106796116505,0.15217391304347827,0.6956521739130435,0.0,0.4074074074074074,0.08333333333333333,0.0,0.2223463361711301,0.0,0.0,0.2803392965292421,0.08156355138041545,0.0,0.19676294387500484,0.0,0.0,0.0,0.5782102804133114,0.060878869090172455,maize
0.0,0.15343915343915343,0.3883495145631068,0.0,0.5882352941176471,0.07446808510638298,0.48148148148148145,0.0,0.0,0.16652279418242602,0.012804732530353857,0.0,0.3619333686104851,0.0,0.0,0.2168944508456362,0.0,0.0,0.0,0.7711672863215591,0.03302848830272528,maize
0.0,0.3862433862433862,0.2815533980582524,0.15217391304347827,0.6956521739130435,0.0,0.4444444444444444,0.0,0.0,0.3887520971549543,0.0,0.0,0.17292368270276479,0.43347431134335895,0.0,0.0,0.3683171055554253,0.08972972617853198,0.18943416804930385,0.5334973730964789,0.0,maize
0.0,0.4497354497354497,0.2524271844660194,0.34782608695652173,0.30434782608695654,0.0,0.5925925925925926,0.0,0.0,0.2129302754648402,0.0,0.0,0.22831114184284654,0.2520161215694797,0.0,0.052264526641552386,0.6633353982884411,0.0,0.14914769387728816,0.6327072792261628,0.0,maize
0.0,0.1111111111111111,0.4077669902912621,0.13043478260869565,0.7391304347826086,0.0,0.4444444444444444,0.0,0.0,0.10691166380166006,0.36619674765556437,0.0,0.32058796253358346,0.0,0.0,0.24307028907547706,0.0,0.0,0.06570670041054001,0.8381899703610928,0.0,maize
0.0,0.25925925925925924,0.33980582524271846,0.0,0.47058823529411764,0.09574468085106383,0.25925925925925924,0.4166666666666667,0.0,0.4217240736351411,0.0,0.0,0.17285364445484358,0.4337037678643843,0.0,0.22312505999141274,0.0,0.0,0.0906189451237726,0.7768408076389718,0.0,maize
0.0,0.36507936507936506,0.2912621359223301,0.0,1.0,0.0,0.2962962962962963,0.3333333333333333,0.0,0.12494557170032045,0.25928652783281864,0.0,0.2892525016412662,0.052362463447845065,0.0,0.2879415941035471,0.0,0.0,0.4030428394812857,0.007462353234301255,0.0,maize
0.0,0.0,0.47572815533980584,0.32608695652173914,0.34782608695652173,0.0,0.2962962962962963,0.3333333333333333,0.0,0.0,0.6789796335918867,0.05261831451876157,0.1144946144404228,0.6248972998982976,0.0,0.21839482737155916,0.0,0.0,0.2884049616522407,0.2897708285246487,0.0,maize
0.0,0.1746031746031746,0.3786407766990291,0.06521739130434782,0.8695652173913043,0.0,0.5185185185185185,0.0,0.0,0.3757856170557703,0.0,0.0,0.16368369928659685,0.463745977353493,0.0,0.22226107098824904,0.0,0.0,0.15614636260953996,0.6154722820657073,0.0,maize
0.0,0.19576719576719576,0.36893203883495146,0.0,0.8823529411764706,0.02127659574468085,0.5185185185185185,0.0,0.0,0.29271380480335846,0.0,0.0,0.3176859976795094,0.0,0.0,0.0,0.11802913533829439,0.12528280388710408,0.0,0.7012296419121221,0.0431229133224941,maize
0.0,0.06878306878306878,0.42718446601941745,0.13043478260869565,0.7391304347826086,0.0,0.3333333333333333,0.25,0.0,0.37393581464344733,0.0,0.0,0.18785219028779565,0.3845661287969421,0.0,0.07967874131323995,0.48674534272403985,0.0,0.14249198535763524,0.6490976988653173,0.0,maize
0.0,0.23809523809523808,0.34951456310679613,0.13043478260869565,0.7391304347826086,0.0,0.4074074074074074,0.08333333333333333,0.0,0.059224344304222486,0.6489009645606131,0.0,0.10397114912231388,0.6593738582459682,0.0,0.0,0.5752926635708865,0.06032911978296694,0.0,0.9413491298956853,0.008465352466636957,maize
0.0,0.2804232804232804,0.3300970873786408,0.34782608695652173,0.30434782608695654,0.0,0.2962962962962963,0.3333333333333333,0.0,0.19823246179096876,0.0,0.0,0.31641139607750013,0.0,0.0,0.20498571959025058,0.0,0.0,0.36032532932279376,0.112658954823766,0.0,maize
0.0,0.0,0.5728155339805825,0.0,0.8235294117647058,0.031914893617021274,0.37037037037037035,0.16666666666666666,0.0,0.0,0.965145086511875,0.00571305434905276,0.2890373872830533,0.053067212548845694,0.0,0.0,0.0,0.15250885269161155,0.15618912695187925,0.6153669701346838,0.0,maize
0.0,0.0,0.6019417475728155,0.2608695652173913,0.4782608695652174,0.0,0.5185185185185185,0.0,0.0,0.3814101586523294,0.0,0.0,0.18375498653803377,0.39798922469462916,0.0,0.1069393498204911,0.31114474906608797,0.0,0.09398664830105932,0.768547465445146,0.0,maize
0.0,0.4708994708994709,0.24271844660194175,0.06521739130434782,0.8695652173913043,0.0,0.4444444444444444,0.0,0.0,0.23233019986562706,0.0,0.0,0.30202232884431596,0.010526463675221566,0.0,0.0,0.4316021709912779,0.0807401656843499,0.0,0.9712155165806533,0.004154598171884778,maize
0.0,0.0,0.47572815533980584,0.30434782608695654,0.391304347826087,0.0,0.5925925925925926,0.0,0.0,0.3029583150840217,0.0,0.0,0.3210867151909048,0.0,0.0,0.29570133921865327,0.0,0.0,0.36510604144562264,0.1008859215492793,0.0,maize
0.0,0.0,0.5533980582524272,0.021739130434782608,0.9565217391304348,0.0,0.48148148148148145,0.0,0.0,0.1368352289218297,0.1888012023941169,0.0,0.10341539376219121,0.6611946018433579,0.0,0.18895459712912446,0.0,0.0,0.0,0.9073741748935422,0.013369115507487624,maize
0.0,0.1746031746031746,0.3786407766990291,0.2608695652173913,0.4782608695652174,0.0,0.2962962962962963,0.3333333333333333,0.0,0.0801255959746095,0.5249923018787107,0.0,0.37493025729453466,0.0,0.0,0.0,0.0,0.1626185508150085,0.41026874378632944,0.0,0.0,maize
0.0,0.15343915343915343,0.3883495145631068,0.0,0.9411764705882353,0.010638297872340425,0.5555555555555556,0.0,0.0,0.04381703042727627,0.7402399756456547,0.0,0.22247402423940446,0.27113945400361456,0.0,0.2432103757058819,0.0,0.0,0.25510111149704534,0.37178524938327767,0.0,maize
0.0,0.21693121693121692,0.3592233009708738,0.2608695652173913,0.4782608695652174,0.0,0.3333333333333333,0.25,0.0,0.17720016870988414,0.0,0.0,0.22197981359702237,0.2727585672456001,0.0,0.0,0.2866165471832751,0.10133518327708484,0.08967908731383473,0.7791553116261178,0.0,maize
0.0,0.06878306878306878,0.42718446601941745,0.043478260869565216,0.9130434782608695,0.0,0.4444444444444444,0.0,0.0,0.4505353696637307,0.0,0.0,0.299904415594927,0.01746508679133643,0.0,0.31207394625513746,0.0,0.0,0.0,0.6814770636610067,0.04597389467576508,maize
0.0,0.4497354497354497,0.2524271844660194,0.1956521739130435,0.6086956521739131,0.0,0.4074074074074074,0.08333333333333333,0.0,0.1392901990937445,0.17424742945635058,0.0,0.12296122357380783,0.59715933194094,0.0,0.21457482911519263,0.0,0.0,0.3719090251668963,0.08413282040899263,0.0,maize
0.0,0.0,0.6019417475728155,0.2826086956521739,0.43478260869565216,0.0,0.4074074074074074,0.08333333333333333,0.0,0.16189000133071152,0.04026926794626533,0.0,0.1340467721132513,0.5608412989087623,0.0,0.024851412201947556,0.8399183666520252,0.0,0.36353034695633574,0.10476624380591891,0.0,maize
0.0,0.0,0.5145631067961165,0.0,0.9411764705882353,0.010638297872340425,0.25925925925925924,0.4166666666666667,0.0,0.0,0.8730558978138601,0.020807354903583784,0.16777574107224838,0.4503397928772303,0.0,0.0,0.2026807302458594,0.11325815592143358,0.0,0.7157880941441944,0.04102162429994432,maize
0.0,0.3439153439153439,0.30097087378640774,0.2391304347826087,0.5217391304347826,0.0,0.48148148148148145,0.0,0.0,0.0,0.8160127996228848,0.03015726536353733,0.2154711714309318,0.29408192173199604,0.0,0.0,0.5379416187783057,0.0656347866788028,0.0,0.5793006350729581,0.06072149313835566,maize
0.0,0.5132275132275133,0.22330097087378642,0.0,0.6470588235294118,0.06382978723404255,0.2962962962962963,0.3333333333333333,0.0,0.41361255808622427,0.0,0.0,0.2857334883135483,0.06389131489096439,0.0,0.10401395804346128,0.32998880871324826,0.0,0.2656859837553712,0.3457188287116803,0.0,maize
0.0,0.2804232804232804,0.3300970873786408,0.0,0.9411764705882353,0.010638297872340425,0.5185185185185185,0.0,0.0,0.029262396110563346,0.8265240557786714,0.0,0.36994304862461064,0.0,0.0,0.217195698019552,0.0,0.0,0.22378331941319693,0.44890878219881025,0.0,maize
0.0,0.49206349206349204,0.23300970873786409,0.0,0.5294117647058824,0.0851063829787234,0.5555555555555556,0.0,0.0,0.13475493728597346,0.20113377264647647,0.0,0.32058152518073935,0.0,0.0,0.0,0.9009267701158887,0.014073222288123983,0.0,0.6550772005728417,0.049784309520673496,maize
0.0,0.0,0.49514563106796117,0.2826086956521739,0.43478260869565216,0.0,0.6296296296296297,0.0,0.0,0.030781341556688904,0.817519308030342,0.0,0.21975630843005325,0.2800431264006003,0.0,0.0,0.9396880731022527,0.00856723006658739,0.4336632208926648,0.0,0.0,maize
0.0,0.4074074074074074,0.27184466019417475,0.0,0.47058823529411764,0.09574468085106383,0.37037037037037035,0.16666666666666666,0.0,0.013772688596257817,0.9183515201668784,0.0,0.12010250549798822,0.606524950352865,0.0,0.0,0.6350987113271375,0.051833749184548014,0.0,0.5562980099329665,0.06404156885286119,maize
0.0,0.13227513227513227,0.39805825242718446,0.30434782608695654,0.391304347826087,0.0,0.37037037037037035,0.16666666666666666,0.0,0.015293739209088603,0.9093342923816937,0.0,0.25908175337764855,0.1512066684183817,0.0,0.03235664449549851,0.791573031809708,0.0,0.27253947128049516,0.3288413563589171,0.0,maize
0.0,0.13227513227513227,0.39805825242718446,0.0,0.5882352941176471,0.07446808510638298,0.6296296296296297,0.0,0.0,0.035137363711915066,0.7916955493206409,0.0,0.19114335772136024,0.3737837370062849,0.0,0.0,0.7922451939620083,0.029511297554533807,0.4280148496343448,0.0,0.0,maize
0.0,0.0,0.5339805825242718,0.0,0.47058823529411764,0.09574468085106383,0.3333333333333333,0.25,0.0,0.4132366501948143,0.0,0.0,0.13526628930585136,0.5568459652068198,0.0,0.24085875615829822,0.0,0.0,0.3339928813670692,0.17750552537986858,0.0,maize
0.0,0.1111111111111111,0.4077669902912621,0.0,0.5294117647058824,0.0851063829787234,0.5555555555555556,0.0,0.0,0.3111363982577816,0.0,0.0,0.25273154016616806,0.1720109842675547,0.0,0.0,0.5604464916418891,0.06243799902238291,0.0,0.5361268245813353,0.0669529697130312,maize
0.0,0.0,0.5242718446601942,0.0,0.7647058823529411,0.0425531914893617,0.6296296296296297,0.0,0.0,0.4474859996211696,0.0,0.0,0.11874788756237048,0.6109628957334384,0.0,0.016571686378440094,0.8932526408868153,0.0,0.21305659078183137,0.47532453990578766,0.0,maize
0.0,0.1746031746031746,0.3786407766990291,0.0,1.0,0.0,0.5185185185185185,0.0,0.0,0.0,0.8072313737623922,0.03159662521793101,0.12853078440495086,0.578912558358157,0.0,0.06095444898234368,0.607358822362832,0.0,0.20116666528790472,0.50460479876152,0.0,maize
0.0,0.0,0.4854368932038835,0.06521739130434782,0.8695652173913043,0.0,0.25925925925925924,0.4166666666666667,0.0,0.4140415452729555,0.0,0.0,0.2883684728498876,0.055258683398752055,0.0,0.0,0.5353269779328805,0.06600619297962007,0.01670631374822187,0.95885885144336,0.0,maize
0.0,0.2804232804232804,0.3300970873786408,0.0,0.47058823529411764,0.09574468085106383,0.37037037037037035,0.16666666666666666,0.0,0.0,0.8393471756885658,0.02633253750386582,0.31868362215125245,0.0,0.0,0.07541831361387569,0.5141891040416255,0.0,0.12203515829746453,0.6994749019852787,0.0,maize
0.0,0.0,0.5145631067961165,0.0,0.6470588235294118,0.06382978723404255,0.2962962962962963,0.3333333333333333,0.0,0.3976728492784574,0.0,0.0,0.11586909355398473,0.6203942861168176,0.0,0.09115009692883698,0.4128520231517894,0.0,0.16778202991550206,0.5868181621680023,0.0,maize
0.0,0.36507936507936506,0.2912621359223301,0.34782608695652173,0.30434782608695654,0.0,0.37037037037037035,0.16666666666666666,0.0,0.13672110813879138,0.18947774338953138,0.0,0.26016216711521256,0.14766705992091733,0.0,0.013478461439675033,0.9131778063657975,0.0,0.0,0.5274581337771715,0.0682041621156507,maize
0.0,0.5132275132275133,0.22330097087378642,0.0,0.8235294117647058,0.031914893617021274,0.48148148148148145,0.0,0.0,0.4084193968055822,0.0,0.0,0.27145408669074467,0.11067292231178669,0.0,0.0024739904896035497,0.9840636646624028,0.0,0.329959957274529,0.18743704777968634,0.0,maize
0.0,0.026455026455026454,0.44660194174757284,0.0,0.5882352941176471,0.07446808510638298,0.3333333333333333,0.25,0.0,0.34916553664520494,0.0,0.0,0.31428651145814895,0.0,0.0,0.015013343407866102,0.9032907862452618,0.0,0.39325533200945034,0.03156517477629819,0.0,maize
0.0,0.026455026455026454,0.44660194174757284,0.0,0.6470588235294118,0.06382978723404255,0.48148148148148145,0.0,0.0,0.0,0.9555339635268013,0.007288409513479265,0.14688118337072179,0.5187937114268381,0.0,0.0,0.09180477219793814,0.12900794025613557,0.0,0.8683637945010592,0.018999664880286416,maize
0.0,0.9365079365079365,0.02912621359223301,0.0,0.0,0.22340425531914893,0.0,0.0,0.26011560693641617,0.5111607468269491,0.0,0.0,0.9587620999054279,0.0,0.0,0.0,0.0,0.3022612695734146,0.08460622927155738,0.7916477865951271,0.0,chickpea
0.3783783783783784,0.125,0.0,0.0,0.0,0.22340425531914893,0.0,0.0,0.30057803468208094,0.39218226866250716,0.0,0.0,0.9566027809984537,0.0,0.0,0.0,0.00680156691867715,0.14108253401367615,0.20012553653033321,0.5071686936773807,0.0,chickpea
0.0,0.9576719576719577,0.019417475728155338,0.0,0.5882352941176471,0.07446808510638298,0.0,0.0,0.3063583815028902,0.45972217050183894,0.0,0.0,0.9826647206075058,0.0,0.0,0.14659941295286935,0.055672438948542256,0.0,0.3525258425147261,0.13186605522138783,0.0,chickpea
0.40540540540540543,0.0625,0.0,0.0,0.0,0.22340425531914893,0.0,0.0,0.3063583815028902,0.401277608324196,0.0,0.0,0.9788559980094891,0.0,0.0,0.011598727083324833,0.925286210652024,0.0,0.08515195105261279,0.7903038862468301,0.0,chickpea
0.02702702702702703,0.9375,0.0,0.0,0.058823529411764705,0.1702127659574468,0.0,0.0,0.26011560693641617,0.4309997958563624,0.0,0.0,0.9198706921707752,0.0,0.0,0.0,0.0,0.20733802746816862,0.20901164065375327,0.4852856777505245,0.0,chickpea
0.13513513513513514,0.6875,0.0,0.0,0.0,0.23404255319148937,0.0,0.0,0.2832369942196532,0.3069159790058789,0.0,0.0,0.9827066468411674,0.0,0.0,0.14931805834893727,0.03816014661038697,0.0,0.029252529102786303,0.9279624060931301,0.0,chickpea
0.0,0.5555555555555556,0.20388349514563106,0.0,0.0,0.20212765957446807,0.0,0.0,0.30057803468208094,0.2947813426226867,0.0,0.0,0.9645070624043631,0.0,0.0,0.06643040438851121,0.5720851776123227,0.0,0.2706335178413099,0.3335349778702398,0.0,chickpea
0.0,0.5343915343915344,0.21359223300970873,0.0,0.0,0.20212765957446807,0.0,0.0,0.30057803468208094,0.49268562615434136,0.0,0.0,0.9321721241398444,0.0,0.0,0.0,0.0,0.3207260446706581,0.16408886778145043,0.5959129831016117,0.0,chickpea
0.0,0.8941798941798942,0.04854368932038835,0.0,0.35294117647058826,0.11702127659574468,0.0,0.0,0.24855491329479767,0.44235154453003306,0.0,0.0,0.9298312752051705,0.0,0.0,0.0,0.0,0.1668141560195063,0.17436758955266873,0.570600491924013,0.0,chickpea
0.24324324324324326,0.4375,0.0,0.0,0.0,0.24468085106382978,0.0,0.0,0.2832369942196532,0.45227223474130485,0.0,0.0,0.9388109215007159,0.0,0.0,0.0,0.0,0.6634529639396747,0.17254975881705492,0.5750771015143648,0.0,chickpea
0.0,0.5555555555555556,0.20388349514563106,0.0,0.11764705882352941,0.1595744680851064,0.0,0.0,0.27167630057803466,0.2745455525703111,0.0,0.0,0.923330726509491,0.0,0.0,0.0,0.0,0.6533099366183139,0.017611671347991548,0.9566293080461535,0.0,chickpea
0.0,0.873015873015873,0.05825242718446602,0.0,0.11764705882352941,0.1595744680851064,0.0,0.0,0.27167630057803466,0.3658467023370363,0.0,0.0,0.9853908003693548,0.0,0.0,0.0,0.0,0.442034822819645,0.2716710829371731,0.3309798588661664,0.0,chickpea
0.0,0.5555555555555556,0.20388349514563106,0.0,0.29411764705882354,0.1276595744680851,0.0,0.0,0.2832369942196532,0.3449139405361729,0.0,0.0,0.9933608311226947,0.0,0.0,0.0,0.8185825119743874,0.025770116094165726,0.21300901707006403,0.4754416954418746,0.0,chickpea
0.3783783783783784,0.125,0.0,0.0,0.35294117647058826,0.11702127659574468,0.0,0.0,0.3063583815028902,0.3949465421368608,0.0,0.0,0.9205909026028846,0.0,0.0,0.0,0.0,0.5883347938177416,0.18962551049638135,0.5330261711210434,0.0,chickpea
0.2702702702702703,0.375,0.0,0.0,0.35294117647058826,0.11702127659574468,0.0,0.0,0.26011560693641617,0.44126361273952347,0.0,0.0,0.9931637116009259,0.0,0.0,0.0,0.6964077494184248,0.04312488078145864,0.3306586808961457,0.1857163634473916,0.0,chickpea
0.24324324324324326,0.4375,0.0,0.0,0.0,0.22340425531914893,0.0,0.0,0.30057803468208094,0.4095304478695276,0.0,0.0,0.9256373184574742,0.0,0.0,0.0,0.8862052258044382,0.016164398338020143,0.3119295339094284,0.23183896297068216,0.0,chickpea
0.0,0.7248677248677249,0.1262135922330097,0.0,0.7058823529411765,0.05319148936170213,0.0,0.0,0.2543352601156069,0.27446888479560794,0.0,0.0,0.9153955805452061,0.0,0.0,0.0,0.0,0.4391851252547594,0.2861147395287845,0.2954107542454764,0.0,chickpea
0.0,0.9576719576719577,0.019417475728155338,0.0,0.0,0.2127659574468085,0.0,0.0,0.30057803468208094,0.31700520894705,0.0,0.0,0.9677216805379673,0.0,0.0,0.0,0.0,0.4888199274205411,0.16534730931311656,0.5928139314026915,0.0,chickpea
0.32432432432432434,0.25,0.0,0.0,0.0,0.2872340425531915,0.0,0.0,0.2543352601156069,0.48400750358561506,0.0,0.0,0.9773782633032386,0.0,0.0,0.0,0.0,0.2290335527449266,0.3736830948600481,0.07976397723414441,0.0,chickpea
0.16216216216216217,0.625,0.0,0.0,0.0,0.20212765957446807,0.0,0.0,0.26011560693641617,0.28083832749828097,0.0,0.0,0.9990168663304329,0.0,0.0,0.0,0.864618663073975,0.019230741245157588,0.059008249515867,0.8546856478343134,0.0,chickpea
0.2972972972972973,0.3125,0.0,0.0,0.0,0.30851063829787234,0.0,0.0,0.2947976878612717,0.5075835344032597,0.0,0.0,0.9714926416619559,0.0,0.0,0.0,0.0,0.31439897276999956,0.31554649529857576,0.2229317948139498,0.0,chickpea
0.32432432432432434,0.25,0.0,0.0,0.0,0.18085106382978725,0.0,0.0,0.26011560693641617,0.3282228112232767,0.0,0.0,0.9870912188546255,0.0,0.0,0.0,0.0,0.3636423489512298,0.12214064121060882,0.6992151386248355,0.0,chickpea
0.16216216216216217,0.625,0.0,0.0,0.0,0.2872340425531915,0.0,0.0,0.2543352601156069,0.47854068553816537,0.0,0.0,0.9888056498524193,0.0,0.0,0.0,0.0,0.5968385600339204,0.07443596042179224,0.8166932004377644,0.0,chickpea
0.0,0.5132275132275133,0.22330097087378642,0.0,0.0,0.18085106382978725,0.0,0.0,0.2947976878612717,0.3862179629373096,0.0,0.0,0.9369219670335299,0.0,0.0,0.0,0.6071868442361705,0.05579859327519925,0.1250814134289498,0.6919731612186059,0.0,chickpea
0.0,0.5343915343915344,0.21359223300970873,0.0,0.35294117647058826,0.11702127659574468,0.0,0.0,0.2947976878612717,0.41865059642301566,0.0,0.0,0.9250617753165563,0.0,0.0,0.0,0.0,0.47844132138391127,0.29358812563969094,0.27700671294446494,0.0,chickpea
0.40540540540540543,0.0625,0.0,0.0,0.058823529411764705,0.1702127659574468,0.0,0.0,0.2658959537572254,0.5027496537146092,0.0,0.0,0.9974849328132965,0.0,0.0,0.07566173610973856,0.5126210856765238,0.0,0.3019294012750432,0.25646539753295267,0.0,chickpea
0.02702702702702703,0.9375,0.0,0.0,0.17647058823529413,0.14893617021276595,0.0,0.0,0.2774566473988439,0.43590797444215895,0.0,0.0,0.9634346827851945,0.0,0.0,0.12805356744489574,0.17513644431814257,0.0,0.2678026277596229,0.34050635834072807,0.0,chickpea
0.0,0.5343915343915344,0.21359223300970873,0.0,0.47058823529411764,0.09574468085106383,0.0,0.0,0.30057803468208094,0.3916075193992268,0.0,0.0,0.9334107257994052,0.0,0.0,0.0,0.0,0.3606554622799669,0.002112397480397639,0.9947979871645257,0.0,chickpea
0.0,0.6402116402116402,0.1650485436893204,0.0,0.0,0.2765957446808511,0.0,0.0,0.3063583815028902,0.5041926009137038,0.0,0.0,0.9575896941681329,0.0,0.0,0.0,0.0,0.4000420763781214,0.14897000010051378,0.6331448698387921,0.0,chickpea
0.0,0.873015873015873,0.05825242718446602,0.0,0.0,0.18085106382978725,0.0,0.0,0.2832369942196532,0.4841465393832717,0.0,0.0,0.9445066213735799,0.0,0.0,0.0,0.32499754530134206,0.09588321286300379,0.2136056809297717,0.4739723445808432,0.0,chickpea
0.24324324324324326,0.4375,0.0,0.0,0.0,0.26595744680851063,0.0,0.0,0.28901734104046245,0.3000458428816532,0.0,0.0,0.0,0.0,0.0,0.0,0.5399493310084059,0.06534959379130094,0.14879178942200938,0.6335837333792013,0.0,chickpea
0.0,0.8941798941798942,0.04854368932038835,0.0,0.0,0.2978723404255319,0.0,0.0,0.3063583815028902,0.4993043430118852,0.0,0.0,0.9764003568396922,0.0,0.0,0.10119237948125913,0.3481641502667377,0.0,0.24501349267554937,0.3966271283742129,0.0,chickpea
0.13513513513513514,0.6875,0.0,0.0,0.47058823529411764,0.09574468085106383,0.0,0.0,0.2947976878612717,0.3521892070797223,0.0,0.0,0.921706467080902,0.0,0.0,0.0,0.0,0.6849563874309477,0.04161611848168827,0.8975156974417472,0.0,chickpea
0.40540540540540543,0.0625,0.0,0.0,0.0,0.2872340425531915,0.0,0.0,0.2543352601156069,0.46206212917447137,0.0,0.0,0.9270002033888616,0.0,0.0,0.0,0.0,0.6258089067598571,0.24837693580032827,0.3883442770316738,0.0,chickpea
0.16216216216216217,0.625,0.0,0.0,0.0,0.2978723404255319,0.0,0.0,0.24855491329479767,0.4041292936143736,0.0,0.0,0.9720692209712697,0.0,0.0,0.0,0.0,0.5070637475447395,0.06880097730673077,0.8305699706783315,0.0,chickpea
0.24324324324324326,0.4375,0.0,0.0,0.5882352941176471,0.07446808510638298,0.0,0.0,0.2832369942196532,0.4843304371121317,0.0,0.0,0.9654896197703888,0.0,0.0,0.08376481527218406,0.4604246898769096,0.0,0.020323542629661066,0.9499510245572226,0.0,chickpea
0.0,0.5767195767195767,0.1941747572815534,0.0,0.5882352941176471,0.07446808510638298,0.0,0.0,0.26011560693641617,0.409717485760675,0.0,0.0,0.9497694099095236,0.0,0.0,0.0,0.0,0.4427154869384511,0.18305017423512948,0.5492186651691585,0.0,chickpea
0.0,0.746031746031746,0.11650485436893204,0.0,0.7647058823529411,0.0425531914893617,0.0,0.0,0.2658959537572254,0.41393218213089966,0.0,0.0,0.9710083243813912,0.0,0.0,0.0,0.0,0.40970079088377376,0.17627341949265862,0.5659071745431419,0.0,chickpea
0.0,0.8095238095238095,0.08737864077669903,0.0,0.0,0.26595744680851063,0.0,0.0,0.26011560693641617,0.43897990810384513,0.0,0.0,0.9180346366600247,0.0,0.0,0.0,0.0,0.15464123874908436,0.14893347742358617,0.6332348109772031,0.0,chickpea
0.0,0.6402116402116402,0.1650485436893204,0.0,0.4117647058823529,0.10638297872340426,0.0,0.0,0.26011560693641617,0.40462078714144,0.0,0.0,0.9855298511173843,0.0,0.0,0.07480861690644741,0.5181164963354266,0.0,0.23205903170994246,0.4285289237726114,0.0,chickpea
0.0,0.9788359788359788,0.009708737864077669,0.0,0.47058823529411764,0.09574468085106383,0.0,0.0,0.2543352601156069,0.41424577565696125,0.0,0.0,0.946379539016747,0.0,0.0,0.0,0.0,0.6962007190072116,0.22690147465111762,0.44122997945397285,0.0,chickpea
0.0,0.5343915343915344,0.21359223300970873,0.0,0.7647058823529411,0.0425531914893617,0.0,0.0,0.27167630057803466,0.31189908984095266,0.0,0.0,0.9601646291138441,0.0,0.0,0.0,0.0,0.6669666848132499,0.1689483268489735,0.5839460267511626,0.0,chickpea
0.02702702702702703,0.9375,0.0,0.0,0.0,0.26595744680851063,0.0,0.0,0.24855491329479767,0.4303035645828245,0.0,0.0,0.9640563623773127,0.0,0.0,0.0,0.0,0.6584794018593705,0.3261216906850187,0.19688920451149916,0.0,chickpea
0.0,0.5767195767195767,0.1941747572815534,0.0,0.0,0.18085106382978725,0.0,0.0,0.2832369942196532,0.5025074832304536,0.0,0.0,0.9539902976720839,0.0,0.0,0.0,0.0,0.47180300422661753,0.2957736351795832,0.2716246535621412,0.0,chickpea
0.05405405405405406,0.875,0.0,0.0,0.11764705882352941,0.1595744680851064,0.0,0.0,0.2832369942196532,0.37129166743052994,0.0,0.0,0.9770967446111017,0.0,0.0,0.09820976912975174,0.3673767862662509,0.0,0.12884938633919515,0.6826941104600687,0.0,chickpea
0.05405405405405406,0.875,0.0,0.0,0.23529411764705882,0.13829787234042554,0.0,0.0,0.2658959537572254,0.4572959804806941,0.0,0.0,0.9997698399813273,0.0,0.0,0.0,0.0,0.3052951881141733,0.12716715611282003,0.6868367887727596,0.0,chickpea
0.0,0.6825396825396826,0.14563106796116504,0.0,0.47058823529411764,0.09574468085106383,0.0,0.0,0.27167630057803466,0.366379723273249,0.0,0.0,0.9399401763593238,0.0,0.0,0.0,0.0,0.5570127291171892,0.2576588048829084,0.36548664604468506,0.0,chickpea
0.2702702702702703,0.375,0.0,0.0,0.0,0.26595744680851063,0.0,0.0,0.2947976878612717,0.3857623681366181,0.0,0.0,0.9899664136842902,0.0,0.0,0.0463759136636428,0.7012671977370042,0.0,0.07030943157408381,0.8268552349179861,0.0,chickpea
0.0,0.5767195767195767,0.1941747572815534,0.0,0.47058823529411764,0.09574468085106383,0.0,0.0,0.30057803468208094,0.3872448431047767,0.0,0.0,0.9546356445222963,0.0,0.0,0.0,0.675626196981327,0.046076873032863834,0.2595440419348187,0.36084404093226885,0.0,chickpea
0.0,0.6825396825396826,0.14563106796116504,0.0,0.0,0.18085106382978725,0.0,0.0,0.2658959537572254,0.48373239865966633,0.0,0.0,0.9591835433153518,0.0,0.0,0.0,0.05433370470598089,0.1343306562189083,0.11809903774999098,0.7091680349301623,0.0,chickpea
0.0,0.873015873015873,0.05825242718446602,0.0,0.0,0.2978723404255319,0.0,0.0,0.27167630057803466,0.3691151820174874,0.0,0.0,0.9286829614024786,0.0,0.0,0.0,0.0,0.39364230513413384,0.1957901312966292,0.5178451094002708,0.0,chickpea
0.0,0.8518518518518519,0.06796116504854369,0.0,0.0,0.24468085106382978,0.0,0.0,0.3063583815028902,0.32267292583742646,0.0,0.0,0.9187623417565857,0.0,0.0,0.0,0.0,0.2067312350421808,0.22244895668415463,0.4521947982578476,0.0,chickpea
0.35135135135135137,0.1875,0.0,0.0,0.7647058823529411,0.0425531914893617,0.0,0.0,0.2658959537572254,0.494592811201912,0.0,0.0,0.9864680485150603,0.0,0.0,0.0,0.5504379246338827,0.06385970283131309,0.2583801468061992,0.363710261638556,0.0,chickpea
0.21621621621621623,0.5,0.0,0.0,0.0,0.2765957446808511,0.0,0.0,0.24855491329479767,0.48262522644437156,0.0,0.0,0.9815330394143338,0.0,0.0,0.0,0.0,0.385620745778033,0.29365158051752116,0.2768504482774174,0.0,chickpea
0.4594594594594595,0.0,0.0,0.0,0.47058823529411764,0.09574468085106383,0.0,0.0,0.2658959537572254,0.4427553233739049,0.0,0.0,0.9933124042575768,0.0,0.0,0.02270488474924086,0.8537453322129049,0.0,0.05480515987353923,0.8650362217537267,0.0,chickpea
0.0,0.5978835978835979,0.18446601941747573,0.0,0.058823529411764705,0.1702127659574468,0.0,0.0,0.2658959537572254,0.4784014899600849,0.0,0.0,0.9628449448470642,0.0,0.0,0.0,0.0,0.5214762910791474,0.22836246986539258,0.4376321168699888,0.0,chickpea
0.0,1.0,0.0,0.0,0.11764705882352941,0.1595744680851064,0.0,0.0,0.3063583815028902,0.2782409536196985,0.0,0.0,0.929700116613972,0.0,0.0,0.0,0.9376185935965704,0.008861196914526536,0.22501119851055992,0.44588499388048175,0.0,chickpea
0.0,0.746031746031746,0.11650485436893204,0.0,0.0,0.2127659574468085,0.0,0.0,0.2543352601156069,0.35102267941790083,0.0,0.0,0.9489428533512686,0.0,0.0,0.0,0.6228883396018651,0.05356821646406831,0.12441499020482596,0.693614302243399,0.0,chickpea
0.0,0.5343915343915344,0.21359223300970873,0.0,0.0,0.19148936170212766,0.0,0.0,0.2774566473988439,0.38867878059578526,0.0,0.0,0.9454881267138012,0.0,0.0,0.0,0.0,0.4958095405978018,0.3410484249614494,0.16013046757005459,0.0,chickpea
0.4594594594594595,0.0,0.0,0.0,0.0,0.2978723404255319,0.0,0.0,0.26011560693641617,0.4202467760296757,0.0,0.0,0.9733084005956241,0.0,0.0,0.0,0.0,0.34860784680549406,0.24836427298043556,0.3883754606286182,0.0,chickpea
0.35135135135135137,0.1875,0.0,0.0,0.7058823529411765,0.05319148936170213,0.0,0.0,0.3063583815028902,0.44116428714678835,0.0,0.0,0.9523478496446178,0.0,0.0,0.0,0.7576335139024684,0.034427841284995674,0.19056761647388606,0.5307061307721817,0.0,chickpea
0.0,0.7037037037037037,0.13592233009708737,0.0,0.0,0.22340425531914893,0.0,0.0,0.24855491329479767,0.40005726387308144,0.0,0.0,0.9888775887240481,0.0,0.0,0.0,0.0,0.1934959346651882,0.19765612069085015,0.5132499037774307,0.0,chickpea
0.0,0.5767195767195767,0.1941747572815534,0.0,0.0,0.23404255319148937,0.0,0.0,0.3063583815028902,0.4236316301125777,0.0,0.0,0.9930059670822827,0.0,0.0,0.0,0.0,0.26582400787481536,0.03913492266742904,0.9036259170348288,0.0,chickpea
0.40540540540540543,0.0625,0.0,0.0,0.23529411764705882,0.13829787234042554,0.0,0.0,0.28901734104046245,0.3642129081530305,0.0,0.0,0.9559834067715242,0.0,0.0,0.0,0.90176596430525,0.01395401585482613,0.09851132073993715,0.7574049582599316,0.0,chickpea
0.0,0.6825396825396826,0.14563106796116504,0.0,0.0,0.23404255319148937,0.0,0.0,0.27167630057803466,0.49728665310766207,0.0,0.0,0.9321695603744043,0.0,0.0,0.0,0.0,0.4032124754874253,0.011583101119126662,0.9714753301613712,0.0,chickpea
0.21621621621621623,0.5,0.0,0.0,0.0,0.2553191489361702,0.0,0.0,0.24855491329479767,0.3561988532969751,0.0,0.0,0.9326922204162955,0.0,0.0,0.0,0.0,0.18226119926093498,0.08584741266131532,0.7885912349827465,0.0,chickpea
0.0,0.8518518518518519,0.06796116504854369,0.0,0.5294117647058824,0.0851063829787234,0.0,0.0,0.2658959537572254,0.29353264489686043,0.0,0.0,0.9154898273174406,0.0,0.0,0.0,0.0,0.3344652413704067,0.13507468917904641,0.6673636124935945,0.0,chickpea
0.0,0.9153439153439153,0.038834951456310676,0.0,0.0,0.19148936170212766,0.0,0.0,0.28901734104046245,0.33237179849033915,0.0,0.0,0.9641334902461585,0.0,0.0,0.0,0.4172813769034243,0.08277441569090124,0.34678304647729613,0.1460083267282627,0.0,chickpea
0.0,0.6825396825396826,0.14563106796116504,0.0,0.7058823529411765,0.05319148936170213,0.0,0.0,0.3063583815028902,0.3267121308369176,0.0,0.0,0.9972175047125431,0.0,0.0,0.0,0.21363611536033245,0.11170195784301895,0.08285882281359856,0.7959509685991983,0.0,chickpea
0.08108108108108109,0.8125,0.0,0.0,0.0,0.26595744680851063,0.0,0.0,0.2774566473988439,0.2946264730619711,0.0,0.0,0.9760223014144723,0.0,0.0,0.0,0.0,0.44454470484265446,0.3968786331132621,0.022642394369805332,0.0,chickpea
0.0,0.8941798941798942,0.04854368932038835,0.0,0.0,0.24468085106382978,0.0,0.0,0.2947976878612717,0.37801410145768544,0.0,0.0,0.9996620213815106,0.0,0.0,0.0,0.0,0.31914491329693484,0.38961456460998894,0.04053096787098105,0.0,chickpea
0.08108108108108109,0.8125,0.0,0.0,0.0,0.2127659574468085,0.0,0.0,0.27167630057803466,0.45733492874762355,0.0,0.0,0.975863677036177,0.0,0.0,0.0,0.0,0.37149174899860127,0.270960136779672,0.3327306425472546,0.0,chickpea
0.2702702702702703,0.375,0.0,0.0,0.0,0.23404255319148937,0.0,0.0,0.27167630057803466,0.38370019905877467,0.0,0.0,0.9761841845657803,0.0,0.0,0.0,0.0,0.26493337240139336,0.16301299047584916,0.5985624501669103,0.0,chickpea
0.1891891891891892,0.5625,0.0,0.0,0.0,0.20212765957446807,0.0,0.0,0.27167630057803466,0.31772876803884725,0.0,0.0,0.9137394885011922,0.0,0.0,0.0,0.0,0.2530101034645858,0.3378564603356053,0.1679910341102568,0.0,chickpea
0.0,0.5767195767195767,0.1941747572815534,0.0,0.6470588235294118,0.06382978723404255,0.0,0.0,0.24855491329479767,0.5072224175287835,0.0,0.0,0.939690787797805,0.0,0.0,0.0,0.0,0.3874576046089158,0.10170835995040128,0.7495318949928714,0.0,chickpea
0.2702702702702703,0.375,0.0,0.0,0.0,0.2978723404255319,0.0,0.0,0.28901734104046245,0.5087277697149591,0.0,0.0,0.9504312375912006,0.0,0.0,0.04042072106412357,0.7396278731982603,0.0,0.32142096840171547,0.2084652539437965,0.0,chickpea
0.13513513513513514,0.6875,0.0,0.0,0.0,0.2127659574468085,0.0,0.0,0.3063583815028902,0.2963699284858385,0.0,0.0,0.9972506439784502,0.0,0.0,0.007212616787888995,0.9535395627928215,0.0,0.03752287588188335,0.9075957608486054,0.0,chickpea
0.16216216216216217,0.625,0.0,0.0,0.0,0.26595744680851063,0.0,0.0,0.28901734104046245,0.2846147288758825,0.0,0.0,0.9457445401074034,0.0,0.0,0.0,0.0,0.3345354737941201,0.20979502377753304,0.4833565100144272,0.0,chickpea
0.10810810810810811,0.75,0.0,0.0,0.0,0.2553191489361702,0.0,0.0,0.30057803468208094,0.365860754667607,0.0,0.0,0.9324885150861321,0.0,0.0,0.0,0.0,0.22563046491141456,0.34897996495859007,0.14059817156370027,0.0,chickpea
0.0,0.7883597883597884,0.0970873786407767,0.0,0.0,0.30851063829787234,0.0,0.0,0.26011560693641617,0.5017707160210717,0.0,0.0,0.9672147540660305,0.0,0.0,0.0,0.0,0.3236604052415892,0.2949172953749062,0.27373348520807683,0.0,chickpea
0.0,0.6402116402116402,0.1650485436893204,0.0,0.35294117647058826,0.11702127659574468,0.0,0.0,0.2774566473988439,0.4834893750195901,0.0,0.0,0.9677941445163608,0.0,0.0,0.0,0.0,0.303272369583498,0.20641297808413803,0.4916851722432279,0.0,chickpea
0.0,0.7883597883597884,0.0970873786407767,0.0,0.0,0.2978723404255319,0.0,0.0,0.2658959537572254,0.4837972039302809,0.0,0.0,0.9924170562967983,0.0,0.0,0.0,0.6296581529423052,0.052606573363297646,0.39854567293859694,0.01853712410267441,0.0,chickpea
0.05405405405405406,0.875,0.0,0.0,0.6470588235294118,0.06382978723404255,0.0,0.0,0.2947976878612717,0.3646049324042194,0.0,0.0,0.9518643584595384,0.0,0.0,0.0,0.0,0.29964161005481665,0.19246847537033834,0.5260250551367814,0.0,chickpea
0.0,0.6613756613756614,0.1553398058252427,0.0,0.0,0.23404255319148937,0.0,0.0,0.26011560693641617,0.35086683328877316,0.0,0.0,0.9420280685134608,0.0,0.0,0.0,0.0,0.25652260612032074,0.28427396982221875,0.2999438535932871,0.0,chickpea
0.0,0.8306878306878307,0.07766990291262135,0.0,0.4117647058823529,0.10638297872340426,0.0,0.0,0.2658959537572254,0.3644066908051345,0.0,0.0,0.9727500106403024,0.0,0.0,0.0,0.8709499522235978,0.01833138993020343,0.17867463591526314,0.55999391306321,0.0,chickpea
0.0,1.0,0.0,0.0,0.0,0.2872340425531915,0.0,0.0,0.27167630057803466,0.3366147199532191,0.0,0.0,0.9914174994865301,0.0,0.0,0.0,0.0,0.38783573247510017,0.08286760076671723,0.7959293519171031,0.0,chickpea
0.1891891891891892,0.5625,0.0,0.0,0.0,0.2553191489361702,0.0,0.0,0.2832369942196532,0.36849633574197355,0.0,0.0,0.9615392501889704,0.0,0.0,0.005686889723127663,0.9633676111381411,0.0,0.3532519734474908,0.130077877348838,0.0,chickpea
0.0,1.0,0.0,0.0,0.7647058823529411,0.0425531914893617,0.0,0.0,0.28901734104046245,0.36622953325189067,0.0,0.0,0.9431501443455633,0.0,0.0,0.0,0.0,0.569459414636755,0.2199212409197015,0.4584195783823915,0.0,chickpea
0.0,0.6613756613756614,0.1553398058252427,0.0,0.17647058823529413,0.14893617021276595,0.0,0.0,0.2543352601156069,0.3223817838457152,0.0,0.0,0.9673497028799698,0.0,0.0,0.0,0.0,0.6538136469035929,0.23480479709130397,0.42176717230794164,0.0,chickpea
0.40540540540540543,0.0625,0.0,0.0,0.47058823529411764,0.09574468085106383,0.0,0.0,0.3063583815028902,0.4029926049467284,0.0,0.0,0.992710443579793,0.0,0.0,0.0,0.0,0.3951381037099162,0.0011483058332146597,0.9971721696608404,0.0,chickpea
0.0,0.5132275132275133,0.22330097087378642,0.0,0.4117647058823529,0.10638297872340426,0.0,0.0,0.2658959537572254,0.2913310083757373,0.0,0.0,0.9157534644403387,0.0,0.0,0.036945630669801784,0.7620128443956433,0.0,0.011131344142954342,0.9725878317669503,0.0,chickpea
0.0,0.8941798941798942,0.04854368932038835,0.0,0.058823529411764705,0.1702127659574468,0.0,0.0,0.26011560693641617,0.393754334541451,0.0,0.0,0.9746545162417306,0.0,0.0,0.0,0.0,0.19639632188695363,0.21659980439870588,0.46659898380905385,0.0,chickpea
0.0,0.9576719576719577,0.019417475728155338,0.0,0.0,0.26595744680851063,0.0,0.0,0.2543352601156069,0.33567712305960146,0.0,0.0,0.9801374012316755,0.0,0.0,0.0,0.0,0.4874168940250707,0.34437835908435327,0.15193013585721368,0.0,chickpea
0.05405405405405406,0.875,0.0,0.0,0.29411764705882354,0.1276595744680851,0.0,0.0,0.2543352601156069,0.46402188973207087,0.0,0.0,0.9494144652228617,0.0,0.0,0.0,0.0,0.36726241374662966,0.05420366641839664,0.8665174660286047,0.0,chickpea
0.1891891891891892,0.5625,0.0,0.0,0.17647058823529413,0.14893617021276595,0.0,0.0,0.28901734104046245,0.29120872746335974,0.0,0.0,0.984592626760515,0.0,0.0,0.0,0.0,0.19337436131097846,0.24229333341913079,0.4033258219192175,0.0,chickpea
0.0,0.5767195767195767,0.1941747572815534,0.0,0.7058823529411765,0.05319148936170213,0.0,0.0,0.2658959537572254,0.4922900986577373,0.0,0.0,0.9320665174220161,0.0,0.0,0.0,0.0,0.6941318640357436,0.36049282236070745,0.11224648466075696,0.0,chickpea
0.0,0.7671957671957672,0.10679611650485436,0.0,0.17647058823529413,0.14893617021276595,0.0,0.0,0.2658959537572254,0.4865770631503189,0.0,0.0,0.9987852583038056,0.0,0.0,0.0,0.0,0.4091351221416943,0.2916691197285961,0.28173247761399445,0.0,chickpea
0.02702702702702703,0.9375,0.0,0.0,0.7058823529411765,0.05319148936170213,0.0,0.0,0.2947976878612717,0.39950418393550857,0.0,0.0,0.9168801502477036,0.0,0.0,0.0,0.0,0.2927670429658766,0.34521507082167174,0.14986964050181145,0.0,chickpea
0.0,0.9365079365079365,0.02912621359223301,0.0,0.5882352941176471,0.07446808510638298,0.0,0.0,0.24855491329479767,0.4177414762166014,0.0,0.0,0.9921233056526088,0.0,0.0,0.0,0.0,0.21169263859049853,0.07042668548755111,0.8265664841650967,0.0,chickpea
0.0,0.746031746031746,0.11650485436893204,0.0,0.0,0.19148936170212766,0.0,0.0,0.28901734104046245,0.4342139305182086,0.0,0.0,0.9833361942754233,0.0,0.0,0.0,0.0,0.23876422386848503,0.17520972360119227,0.5685266435265113,0.0,chickpea
0.6486486486486487,0.0,0.0,0.0,0.47058823529411764,0.09574468085106383,0.25925925925925924,0.4166666666666667,0.0,0.5044867435579292,0.0,0.0,0.9042910671489706,0.0,0.0,0.25308200962561245,0.0,0.0,0.0,0.0,0.16391982443996334,kidneybeans
0.32432432432432434,0.25,0.0,0.0,0.0,0.20212765957446807,0.5925925925925926,0.0,0.0,0.35556807476248625,0.0,0.0,0.9297891845075266,0.0,0.0,0.22799365578444386,0.0,0.0,0.0,0.6091074980527311,0.056419330176412354,kidneybeans
0.16216216216216217,0.625,0.0,0.0,0.7647058823529411,0.0425531914893617,0.37037037037037035,0.16666666666666666,0.0,0.16008989420741684,0.050940823403760944,0.0,0.8930532355334857,0.0,0.0,0.18897877175854122,0.0,0.0,0.0,0.5116330404727968,0.07048827132665955,kidneybeans
0.0,0.9365079365079365,0.02912621359223301,0.0,0.23529411764705882,0.13829787234042554,0.5925925925925926,0.0,0.0,0.5464305547978364,0.0,0.0,0.8492425737133181,0.0,0.0,0.17065694863799813,0.0,0.0,0.0,0.0,0.22339633880674653,kidneybeans
0.9459459459459459,0.0,0.0,0.0,0.4117647058823529,0.10638297872340426,0.4444444444444444,0.0,0.0,0.2062208826204979,0.0,0.0,0.8676363762191557,0.0,0.0,0.16074708841642657,0.0,0.0,0.24413650051029545,0.39878681874621735,0.0,kidneybeans
0.2972972972972973,0.3125,0.0,0.0,0.17647058823529413,0.14893617021276595,0.37037037037037035,0.16666666666666666,0.0,0.46208901580797795,0.0,0.0,0.9317651215435031,0.0,0.0,0.16268785226628424,0.0,0.0,0.0,0.0,0.23678237752011808,kidneybeans
0.5405405405405406,0.0,0.0,0.0,0.6470588235294118,0.06382978723404255,0.4074074074074074,0.08333333333333333,0.0,0.3407110714944956,0.0,0.0,0.9085163196255379,0.0,0.0,0.21772849182601003,0.0,0.0,0.45472184560176654,0.0,0.0,kidneybeans
0.2972972972972973,0.3125,0.0,0.0,0.0,0.30851063829787234,0.5185185185185185,0.0,0.0,0.3740290894469178,0.0,0.0,0.8629400516269853,0.0,0.0,0.2890202324619105,0.0,0.0,0.0,0.6628976295131599,0.04865555069233326,kidneybeans
0.5405405405405406,0.0,0.0,0.0,0.5294117647058824,0.0851063829787234,0.5555555555555556,0.0,0.0,0.4281872770407082,0.0,0.0,0.8615080433446511,0.0,0.0,0.25175115924225777,0.0,0.0,0.0,0.0,0.1871079317928776,kidneybeans
0.2702702702702703,0.375,0.0,0.0,0.5294117647058824,0.0851063829787234,0.37037037037037035,0.16666666666666666,0.0,0.22578027444255858,0.0,0.0,0.8648665961571618,0.0,0.0,0.21603543737068845,0.0,0.0,0.0,0.0,0.17277605311778232,kidneybeans
0.24324324324324326,0.4375,0.0,0.0,0.5882352941176471,0.07446808510638298,0.2962962962962963,0.3333333333333333,0.0,0.35006626480218705,0.0,0.0,0.9392330452689872,0.0,0.0,0.2317763379216262,0.0,0.0,0.0,0.0,0.240045493845419,kidneybeans
0.32432432432432434,0.25,0.0,0.0,0.6470588235294118,0.06382978723404255,0.48148148148148145,0.0,0.0,0.5034492558781365,0.0,0.0,0.9152358558137655,0.0,0.0,0.2939850168922572,0.0,0.0,0.09203405114459043,0.7733559522781022,0.0,kidneybeans
0.24324324324324326,0.4375,0.0,0.0,0.0,0.30851063829787234,0.5555555555555556,0.0,0.0,0.3563231600820415,0.0,0.0,0.9333434769451975,0.0,0.0,0.21080956440864712,0.0,0.0,0.0,0.0,0.2419780932935268,kidneybeans
0.32432432432432434,0.25,0.0,0.0,0.47058823529411764,0.09574468085106383,0.37037037037037035,0.16666666666666666,0.0,0.2365228256704973,0.0,0.0,0.8954746487129965,0.0,0.0,0.1841535253834991,0.0,0.0,0.0,0.0,0.19390685392319018,kidneybeans
0.6756756756756757,0.0,0.0,0.0,0.0,0.2872340425531915,0.3333333333333333,0.25,0.0,0.5683810392015693,0.0,0.0,0.9325417201660683,0.0,0.0,0.14619106590756709,0.058302827171698476,0.0,0.09110056814344829,0.7756547575923011,0.0,kidneybeans
0.8378378378378378,0.0,0.0,0.0,0.0,0.2765957446808511,0.25925925925925924,0.4166666666666667,0.0,0.29732699414716046,0.0,0.0,0.8473897850117693,0.0,0.0,0.21651951722887355,0.0,0.0,0.3379388815822847,0.16778806265856702,0.0,kidneybeans
0.40540540540540543,0.0625,0.0,0.0,0.0,0.2978723404255319,0.5555555555555556,0.0,0.0,0.24886291165772154,0.0,0.0,0.9072937020829898,0.0,0.0,0.17558354203693796,0.0,0.0,0.0,0.26349816971536855,0.10630272960305107,kidneybeans
0.2702702702702703,0.375,0.0,0.0,0.0,0.30851063829787234,0.6296296296296297,0.0,0.0,0.3891804905308559,0.0,0.0,0.8949955186173734,0.0,0.0,0.21801179833411158,0.0,0.0,0.11584343062933916,0.7147227173714656,0.0,kidneybeans
0.7297297297297297,0.0,0.0,0.0,0.7647058823529411,0.0425531914893617,0.3333333333333333,0.25,0.0,0.262931888606212,0.0,0.0,0.9188048390079856,0.0,0.0,0.2386103721437734,0.0,0.0,0.0,0.0,0.2077997002187316,kidneybeans
0.3783783783783784,0.125,0.0,0.0,0.17647058823529413,0.14893617021276595,0.4444444444444444,0.0,0.0,0.15237469074852936,0.09667878005752326,0.0,0.8766434062963411,0.0,0.0,0.20241297530972782,0.0,0.0,0.0,0.5407870471247409,0.0662803381504861,kidneybeans
0.4864864864864865,0.0,0.0,0.0,0.0,0.2872340425531915,0.5925925925925926,0.0,0.0,0.2948148470274846,0.0,0.0,0.8663847705782693,0.0,0.0,0.1566664854839309,0.0,0.0,0.3636654126149375,0.10443362965720956,0.0,kidneybeans
0.4864864864864865,0.0,0.0,0.0,0.17647058823529413,0.14893617021276595,0.25925925925925924,0.4166666666666667,0.0,0.44733648151226585,0.0,0.0,0.939060060421314,0.0,0.0,0.27392759426975744,0.0,0.0,0.0,0.0,0.24508810922958146,kidneybeans
0.40540540540540543,0.0625,0.0,0.0,0.0,0.20212765957446807,0.48148148148148145,0.0,0.0,0.4388557849470273,0.0,0.0,0.8970266250886748,0.0,0.0,0.3114174710216986,0.0,0.0,0.34046810626044366,0.16155956666684448,0.0,kidneybeans
0.0,1.0,0.0,0.0,0.23529411764705882,0.13829787234042554,0.37037037037037035,0.16666666666666666,0.0,0.4839198067882886,0.0,0.0,0.931025444556393,0.0,0.0,0.16107285402088276,0.0,0.0,0.0,0.07916258911791697,0.1329087400360454,kidneybeans
0.7027027027027027,0.0,0.0,0.0,0.0,0.2127659574468085,0.5555555555555556,0.0,0.0,0.3386101681839473,0.0,0.0,0.891033901149383,0.0,0.0,0.2323730907222037,0.0,0.0,0.16317539459680674,0.5981625120257248,0.0,kidneybeans
0.5135135135135135,0.0,0.0,0.0,0.0,0.2978723404255319,0.4444444444444444,0.0,0.0,0.31738749672770217,0.0,0.0,0.8644218645567247,0.0,0.0,0.1875489080212676,0.0,0.0,0.0,0.0,0.22035436514255097,kidneybeans
0.43243243243243246,0.0,0.0,0.0,0.29411764705882354,0.1276595744680851,0.5555555555555556,0.0,0.0,0.5857616556232424,0.0,0.0,0.9249072197983274,0.0,0.0,0.1524063892581604,0.018266506271157706,0.0,0.0,0.5416132476766993,0.06616108878780798,kidneybeans
0.35135135135135137,0.1875,0.0,0.0,0.0,0.30851063829787234,0.37037037037037035,0.16666666666666666,0.0,0.5298382520619483,0.0,0.0,0.9257197514601783,0.0,0.0,0.27019594125953167,0.0,0.0,0.0,0.9351958691245872,0.009353481170504956,kidneybeans
0.08108108108108109,0.8125,0.0,0.0,0.47058823529411764,0.09574468085106383,0.37037037037037035,0.16666666666666666,0.0,0.47321307380031735,0.0,0.0,0.941176750082838,0.0,0.0,0.27045693836204304,0.0,0.0,0.0,0.8025994958763022,0.02849173152123434,kidneybeans
0.5675675675675675,0.0,0.0,0.0,0.0,0.2553191489361702,0.4074074074074074,0.08333333333333333,0.0,0.4228079143313623,0.0,0.0,0.8586627519633677,0.0,0.0,0.2553925017925497,0.0,0.0,0.10469698368672577,0.7421720779219684,0.0,kidneybeans
0.5405405405405406,0.0,0.0,0.0,0.0,0.2765957446808511,0.3333333333333333,0.25,0.0,0.06471377426264203,0.6163580367130225,0.0,0.900970685082657,0.0,0.0,0.25852964287326813,0.0,0.0,0.41085107973015883,0.0,0.0,kidneybeans
0.0,1.0,0.0,0.0,0.0,0.22340425531914893,0.5185185185185185,0.0,0.0,0.40079507680956633,0.0,0.0,0.8447130314566496,0.0,0.0,0.23997702133278703,0.0,0.0,0.0,0.6413445951498299,0.051766400237900426,kidneybeans
0.0,0.9365079365079365,0.02912621359223301,0.0,0.0,0.23404255319148937,0.4444444444444444,0.0,0.0,0.23879202486693976,0.0,0.0,0.9084699389702426,0.0,0.0,0.2101607774449596,0.0,0.0,0.45178877400028705,0.0,0.0,kidneybeans
0.7567567567567568,0.0,0.0,0.0,0.0,0.2765957446808511,0.5555555555555556,0.0,0.0,0.326414734157043,0.0,0.0,0.8460474301389305,0.0,0.0,0.21971078370125,0.0,0.0,0.0,0.6159652565127013,0.055429518049303975,kidneybeans
0.972972972972973,0.0,0.0,0.0,0.35294117647058826,0.11702127659574468,0.3333333333333333,0.25,0.0,0.6059274648308971,0.0,0.0,0.9378277931169517,0.0,0.0,0.2798475530754249,0.0,0.0,0.0,0.0,0.21681004748728616,kidneybeans
0.10810810810810811,0.75,0.0,0.0,0.5294117647058824,0.0851063829787234,0.37037037037037035,0.16666666666666666,0.0,0.17625476582712074,0.0,0.0,0.889210757495964,0.0,0.0,0.16369787148163084,0.0,0.0,0.0,0.06390863072919155,0.1351104146922322,kidneybeans
0.3783783783783784,0.125,0.0,0.0,0.5294117647058824,0.0851063829787234,0.48148148148148145,0.0,0.0,0.21541055473667287,0.0,0.0,0.839689026651334,0.0,0.0,0.19621259908966487,0.0,0.0,0.0,0.0,0.170342241286336,kidneybeans
0.8378378378378378,0.0,0.0,0.0,0.35294117647058826,0.11702127659574468,0.37037037037037035,0.16666666666666666,0.0,0.3021618669053089,0.0,0.0,0.9420947739871283,0.0,0.0,0.2057856163934809,0.0,0.0,0.0,0.12981612651987273,0.12559767973929475,kidneybeans
0.32432432432432434,0.25,0.0,0.0,0.29411764705882354,0.1276595744680851,0.4444444444444444,0.0,0.0,0.58502763568324,0.0,0.0,0.8959844437146676,0.0,0.0,0.3157375526676441,0.0,0.0,0.0,0.9897055027550984,0.0014858525967290615,kidneybeans
0.8108108108108109,0.0,0.0,0.0,0.0,0.2978723404255319,0.3333333333333333,0.25,0.0,0.355461261549062,0.0,0.0,0.9180025319012608,0.0,0.0,0.20662151540662074,0.0,0.0,0.0,0.9390723756380813,0.008793966982265705,kidneybeans
0.7837837837837838,0.0,0.0,0.0,0.0,0.22340425531914893,0.5555555555555556,0.0,0.0,0.2996050337321352,0.0,0.0,0.9170282684130884,0.0,0.0,0.2443611051192084,0.0,0.0,0.09361470288086693,0.7694634222515195,0.0,kidneybeans
0.2702702702702703,0.375,0.0,0.0,0.23529411764705882,0.13829787234042554,0.6296296296296297,0.0,0.0,0.3242044939370456,0.0,0.0,0.8401567792827023,0.0,0.0,0.3116529812976751,0.0,0.0,0.0,0.0,0.21291205798649754,kidneybeans
0.24324324324324326,0.4375,0.0,0.0,0.11764705882352941,0.1595744680851064,0.3333333333333333,0.25,0.0,0.24198396078137507,0.0,0.0,0.8490401528332647,0.0,0.0,0.1468633751688577,0.05397211293349767,0.0,0.0,0.12164007372174793,0.1267777674106091,kidneybeans
0.13513513513513514,0.6875,0.0,0.0,0.6470588235294118,0.06382978723404255,0.5185185185185185,0.0,0.0,0.5997933655764287,0.0,0.0,0.8565650167380526,0.0,0.0,0.2498456209678988,0.0,0.0,0.0,0.5742352170467936,0.06145260844672318,kidneybeans
0.2702702702702703,0.375,0.0,0.0,0.7058823529411765,0.05319148936170213,0.37037037037037035,0.16666666666666666,0.0,0.33864878258133424,0.0,0.0,0.9026965501783082,0.0,0.0,0.20273113722498767,0.0,0.0,0.0,0.5314324930592677,0.06763052438287445,kidneybeans
0.5405405405405406,0.0,0.0,0.0,0.0,0.2765957446808511,0.2962962962962963,0.3333333333333333,0.0,0.28791306245540055,0.0,0.0,0.9294204919005336,0.0,0.0,0.2933227535408951,0.0,0.0,0.0,0.5186461566910842,0.06947603569278576,kidneybeans
0.0,0.0,0.0,0.0,0.17647058823529413,0.14893617021276595,0.6296296296296297,0.0,0.0,0.1274075877119757,0.24469098512004175,0.0,0.8646239924522734,0.0,0.0,0.2669628204246505,0.0,0.0,0.0,0.9668396608100437,0.004786185757465238,kidneybeans
0.6486486486486487,0.0,0.0,0.0,0.0,0.22340425531914893,0.4074074074074074,0.08333333333333333,0.0,0.07616558602301966,0.5484683857538079,0.0,0.8977600729835757,0.0,0.0,0.20677746825342838,0.0,0.0,0.46335101889140135,0.0,0.0,kidneybeans
0.08108108108108109,0.8125,0.0,0.0,0.47058823529411764,0.09574468085106383,0.3333333333333333,0.25,0.0,0.3262950365602515,0.0,0.0,0.8382293793585902,0.0,0.0,0.2622306393701413,0.0,0.0,0.0,0.8237376000244311,0.02544077078063267,kidneybeans
0.7567567567567568,0.0,0.0,0.0,0.0,0.30851063829787234,0.48148148148148145,0.0,0.0,0.22610704031446802,0.0,0.0,0.9348664375853394,0.0,0.0,0.16422301742524223,0.0,0.0,0.0,0.0,0.14840824004184638,kidneybeans
0.7027027027027027,0.0,0.0,0.0,0.0,0.22340425531914893,0.4444444444444444,0.0,0.0,0.3622741372581409,0.0,0.0,0.8388882478967684,0.0,0.0,0.16226721946727854,0.0,0.0,0.0,0.37188860931518136,0.09065823407222282,kidneybeans
0.918918918918919,0.0,0.0,0.0,0.058823529411764705,0.1702127659574468,0.2962962962962963,0.3333333333333333,0.0,0.5126099976022472,0.0,0.0,0.9146740675402338,0.0,0.0,0.3096145727921965,0.0,0.0,0.0,0.7134336800551261,0.04136144781971361,kidneybeans
0.05405405405405406,0.875,0.0,0.0,0.0,0.19148936170212766,0.3333333333333333,0.25,0.0,0.5252947281753885,0.0,0.0,0.8382426849327281,0.0,0.0,0.28991442870843265,0.0,0.0,0.26004944136250685,0.35959943884659495,0.0,kidneybeans
0.918918918918919,0.0,0.0,0.0,0.0,0.2765957446808511,0.25925925925925924,0.4166666666666667,0.0,0.04469270227128008,0.7350487397881181,0.0,0.8695674272738804,0.0,0.0,0.2797253862225185,0.0,0.0,0.43740016000887944,0.0,0.0,kidneybeans
0.3783783783783784,0.125,0.0,0.0,0.35294117647058826,0.11702127659574468,0.48148148148148145,0.0,0.0,0.541396807877059,0.0,0.0,0.9064032336734229,0.0,0.0,0.2792905212897417,0.0,0.0,0.0,0.8669954601687498,0.01919716292924283,kidneybeans
0.40540540540540543,0.0625,0.0,0.0,0.0,0.2127659574468085,0.5555555555555556,0.0,0.0,0.44390887006867,0.0,0.0,0.9225557204238347,0.0,0.0,0.3135815155525787,0.0,0.0,0.0,0.5638359547610086,0.06295358226834938,kidneybeans
0.16216216216216217,0.625,0.0,0.0,0.0,0.2978723404255319,0.25925925925925924,0.4166666666666667,0.0,0.1436860846761646,0.14818734882529216,0.0,0.8783900563772647,0.0,0.0,0.17909568385097316,0.0,0.0,0.4217395195743063,0.0,0.0,kidneybeans
0.08108108108108109,0.8125,0.0,0.0,0.5294117647058824,0.0851063829787234,0.5185185185185185,0.0,0.0,0.13227598335698604,0.21582972823013513,0.0,0.8832478713100744,0.0,0.0,0.233170992520108,0.0,0.0,0.09642363944017147,0.7625461047622066,0.0,kidneybeans
0.6756756756756757,0.0,0.0,0.0,0.29411764705882354,0.1276595744680851,0.5555555555555556,0.0,0.0,0.4316319223891297,0.0,0.0,0.92269144504262,0.0,0.0,0.2424078281411983,0.0,0.0,0.0,0.0,0.21378863324545108,kidneybeans
0.2702702702702703,0.375,0.0,0.0,0.7058823529411765,0.05319148936170213,0.4444444444444444,0.0,0.0,0.3779247931436203,0.0,0.0,0.9055286604283568,0.0,0.0,0.30214610804273007,0.0,0.0,0.0,0.9970840588564737,0.0004208713273650626,kidneybeans
0.8108108108108109,0.0,0.0,0.0,0.29411764705882354,0.1276595744680851,0.2962962962962963,0.3333333333333333,0.0,0.1576407274035876,0.06546019229769917,0.0,0.8523374521002643,0.0,0.0,0.19396252757320956,0.0,0.0,0.0,0.5624501601554476,0.06315360043963265,kidneybeans
0.35135135135135137,0.1875,0.0,0.0,0.058823529411764705,0.1702127659574468,0.37037037037037035,0.16666666666666666,0.0,0.32663472079867817,0.0,0.0,0.8695098928193052,0.0,0.0,0.2760685332420461,0.0,0.0,0.0,0.6681078338271907,0.04790353770662617,kidneybeans
0.7027027027027027,0.0,0.0,0.0,0.0,0.2127659574468085,0.2962962962962963,0.3333333333333333,0.0,0.265818521690764,0.0,0.0,0.8722316368635518,0.0,0.0,0.2802543910255552,0.0,0.0,0.0,0.0,0.22945395379507474,kidneybeans
0.0,1.0,0.0,0.0,0.0,0.24468085106382978,0.6296296296296297,0.0,0.0,0.04024869833722474,0.7613940799192106,0.0,0.9400760840179132,0.0,0.0,0.2886240800835599,0.0,0.0,0.4307564519408747,0.0,0.0,kidneybeans
0.32432432432432434,0.25,0.0,0.0,0.0,0.26595744680851063,0.2962962962962963,0.3333333333333333,0.0,0.6121895631098558,0.0,0.0,0.8390544373162053,0.0,0.0,0.2944944061975131,0.0,0.0,0.0,0.0,0.1986520631583121,kidneybeans
0.08108108108108109,0.8125,0.0,0.0,0.11764705882352941,0.1595744680851064,0.5555555555555556,0.0,0.0,0.40468091704606657,0.0,0.0,0.8939775078609212,0.0,0.0,0.1833482808291236,0.0,0.0,0.0,0.0,0.14834759126778452,kidneybeans
0.4594594594594595,0.0,0.0,0.0,0.0,0.19148936170212766,0.6296296296296297,0.0,0.0,0.12854493219479374,0.2379484782072003,0.0,0.871411224824659,0.0,0.0,0.16810261826348089,0.0,0.0,0.0,0.5732602029801308,0.06159333675509354,kidneybeans
0.0,1.0,0.0,0.0,0.17647058823529413,0.14893617021276595,0.5925925925925926,0.0,0.0,0.16475810882901695,0.023266297495147685,0.0,0.9287981902449229,0.0,0.0,0.2539118414392396,0.0,0.0,0.4189175427322753,0.0,0.0,kidneybeans
0.5135135135135135,0.0,0.0,0.0,0.0,0.24468085106382978,0.6296296296296297,0.0,0.0,0.041442230679284174,0.7543184751322632,0.0,0.8789235911280414,0.0,0.0,0.24541347419529247,0.0,0.0,0.0,0.0,0.2533480670381404,kidneybeans
0.8918918918918919,0.0,0.0,0.0,0.058823529411764705,0.1702127659574468,0.25925925925925924,0.4166666666666667,0.0,0.10800664858625762,0.3597053612804247,0.0,0.8474856524111797,0.0,0.0,0.1632989645851135,0.0,0.0,0.0,0.15738384117333284,0.1216187034542687,kidneybeans
0.0,1.0,0.0,0.0,0.7058823529411765,0.05319148936170213,0.25925925925925924,0.4166666666666667,0.0,0.21121841483122603,0.0,0.0,0.9192668627351241,0.0,0.0,0.22267975706475687,0.0,0.0,0.0,0.0,0.1564069074162022,kidneybeans
0.8648648648648649,0.0,0.0,0.0,0.5294117647058824,0.0851063829787234,0.6296296296296297,0.0,0.0,0.40086781327040516,0.0,0.0,0.9105288197685084,0.0,0.0,0.15503706197344952,0.0013208944224101984,0.0,0.0,0.0,0.19300440044007405,kidneybeans
0.7027027027027027,0.0,0.0,0.0,0.4117647058823529,0.10638297872340426,0.4074074074074074,0.08333333333333333,0.0,0.41587061259809494,0.0,0.0,0.8676123301955265,0.0,0.0,0.3057723075917318,0.0,0.0,0.0,0.0,0.19868272211830115,kidneybeans
0.40540540540540543,0.0625,0.0,0.0,0.0,0.30851063829787234,0.4444444444444444,0.0,0.0,0.15440546774262756,0.08463974691672833,0.0,0.9303667931892035,0.0,0.0,0.25870162870056923,0.0,0.0,0.0,0.8213942676119165,0.025778994830559794,kidneybeans
0.6756756756756757,0.0,0.0,0.0,0.4117647058823529,0.10638297872340426,0.48148148148148145,0.0,0.0,0.373639792790653,0.0,0.0,0.8507604826360963,0.0,0.0,0.2634387935016474,0.0,0.0,0.3530186996748814,0.13065233985911573,0.0,kidneybeans
0.8648648648648649,0.0,0.0,0.0,0.0,0.24468085106382978,0.4074074074074074,0.08333333333333333,0.0,0.5576814510218102,0.0,0.0,0.8927752359779113,0.0,0.0,0.2853622114479396,0.0,0.0,0.3736733601230323,0.0797879501025918,0.0,kidneybeans
0.2702702702702703,0.375,0.0,0.0,0.0,0.19148936170212766,0.37037037037037035,0.16666666666666666,0.0,0.45800762400699324,0.0,0.0,0.8391589562157924,0.0,0.0,0.16872354672076945,0.0,0.0,0.34452275938008253,0.15157453413036046,0.0,kidneybeans
0.16216216216216217,0.625,0.0,0.0,0.0,0.2553191489361702,0.5185185185185185,0.0,0.0,0.6039938844150041,0.0,0.0,0.8915690442944774,0.0,0.0,0.20574544062969025,0.0,0.0,0.08009583518814285,0.8027551317480636,0.0,kidneybeans
0.02702702702702703,0.9375,0.0,0.0,0.0,0.18085106382978725,0.4444444444444444,0.0,0.0,0.5090108547191723,0.0,0.0,0.856317153357211,0.0,0.0,0.19197243168640518,0.0,0.0,0.17457882501440242,0.5700803011959692,0.0,kidneybeans
0.8648648648648649,0.0,0.0,0.0,0.17647058823529413,0.14893617021276595,0.5925925925925926,0.0,0.0,0.25463114653205693,0.0,0.0,0.9361597435295681,0.0,0.0,0.1911797571037937,0.0,0.0,0.0,0.5158585640152026,0.06987838188974384,kidneybeans
0.13513513513513514,0.6875,0.0,0.0,0.0,0.2978723404255319,0.6296296296296297,0.0,0.0,0.10073274315729,0.4028271756287478,0.0,0.902013998826673,0.0,0.0,0.24615566308957657,0.0,0.0,0.1776876398554716,0.5624245002132343,0.0,kidneybeans
0.7027027027027027,0.0,0.0,0.0,0.0,0.2872340425531915,0.37037037037037035,0.16666666666666666,0.0,0.1014203433069555,0.3987508831488272,0.0,0.8718457087634599,0.0,0.0,0.16590748233137212,0.0,0.0,0.0,0.39475885297835406,0.08735726559106836,kidneybeans
0.0,0.0,0.0,0.0,0.7647058823529411,0.0425531914893617,0.37037037037037035,0.16666666666666666,0.0,0.15572771990967196,0.0768010537929646,0.0,0.9045328677138608,0.0,0.0,0.17404623051797688,0.0,0.0,0.0,0.0,0.24051386849431838,kidneybeans
0.6216216216216216,0.0,0.0,0.0,0.5294117647058824,0.0851063829787234,0.6296296296296297,0.0,0.0,0.25322430315062816,0.0,0.0,0.8692985700430396,0.0,0.0,0.22119520326644918,0.0,0.0,0.0,0.0,0.2532603897766136,kidneybeans
0.21621621621621623,0.5,0.0,0.0,0.0,0.18085106382978725,0.3333333333333333,0.25,0.0,0.08554504985787306,0.49286421243549133,0.0,0.924170801886276,0.0,0.0,0.2046592547408796,0.0,0.0,0.0,0.2562960969662048,0.10734223821057208,kidneybeans
0.13513513513513514,0.6875,0.0,0.0,0.0,0.18085106382978725,0.48148148148148145,0.0,0.0,0.057851413721585865,0.6570400939836903,0.0,0.9407202959307268,0.0,0.0,0.31189032940296557,0.0,0.0,0.0,0.0,0.269408448292869,kidneybeans
0.5405405405405406,0.0,0.0,0.0,0.23529411764705882,0.13829787234042554,0.5555555555555556,0.0,0.0,0.2728525651049849,0.0,0.0,0.8386935639219631,0.0,0.0,0.2610512635157691,0.0,0.0,0.0,0.0,0.1460251301279632,kidneybeans
0.6486486486486487,0.0,0.0,0.0,0.0,0.19148936170212766,0.48148148148148145,0.0,0.0,0.49426094070317406,0.0,0.0,0.9130218209933572,0.0,0.0,0.19215239993202932,0.0,0.0,0.0,0.3084455348520898,0.09981526764976312,kidneybeans
0.6216216216216216,0.0,0.0,0.0,0.058823529411764705,0.1702127659574468,0.37037037037037035,0.16666666666666666,0.0,0.1057010796689069,0.3733734403876028,0.0,0.8414740709924068,0.0,0.0,0.27406668921883354,0.0,0.0,0.13697678788954776,0.6626794836787351,0.0,kidneybeans
0.7567567567567568,0.0,0.0,0.0,0.0,0.19148936170212766,0.4444444444444444,0.0,0.0,0.3751632681310371,0.0,0.0,0.8534233532563761,0.0,0.0,0.28541118427434914,0.0,0.0,0.0,0.0,0.16926155590363284,kidneybeans
0.4594594594594595,0.0,0.0,0.0,0.0,0.23404255319148937,0.37037037037037035,0.16666666666666666,0.0,0.5700230447877368,0.0,0.0,0.8780653052540529,0.0,0.0,0.15366017682508176,0.010190170006918143,0.0,0.0,0.0,0.17439256089761596,kidneybeans
0.0,0.9365079365079365,0.02912621359223301,0.0,0.0,0.2872340425531915,0.4444444444444444,0.0,0.0,0.3823381657395308,0.0,0.0,0.9006881660145615,0.0,0.0,0.25881273673147204,0.0,0.0,0.19709895514215608,0.5146219856714336,0.0,kidneybeans
0.2702702702702703,0.375,0.0,0.0,0.0,0.22340425531914893,0.3333333333333333,0.25,0.0,0.33803087889108274,0.0,0.0,0.8861002902190407,0.0,0.0,0.1585836749866132,0.0,0.0,0.4131090455247074,0.0,0.0,kidneybeans
0.6216216216216216,0.0,0.0,0.0,0.058823529411764705,0.1702127659574468,0.6296296296296297,0.0,0.0,0.3597997901326462,0.0,0.0,0.84269735182771,0.0,0.0,0.25168008589341,0.0,0.0,0.0,0.0,0.2180957944279173,kidneybeans
0.8108108108108109,0.0,0.0,0.0,0.7058823529411765,0.05319148936170213,0.5185185185185185,0.0,0.0,0.4343355246132411,0.0,0.0,0.8478915566176738,0.0,0.0,0.24883597979681604,0.0,0.0,0.25083041863623323,0.3823023037182087,0.0,kidneybeans
0.2702702702702703,0.375,0.0,0.0,0.17647058823529413,0.14893617021276595,0.5185185185185185,0.0,0.0,0.3272371997160603,0.0,0.0,0.8646049457410477,0.0,0.0,0.284222731248474,0.0,0.0,0.2880365506932959,0.29067808132860457,0.0,kidneybeans
0.1891891891891892,0.5625,0.0,0.0,0.29411764705882354,0.1276595744680851,0.5925925925925926,0.0,0.0,0.11885919551979654,0.2953683254687081,0.0,0.8845073814916731,0.0,0.0,0.3078940221228951,0.0,0.0,0.0,0.8050928152775574,0.02813185915265755,kidneybeans
0.0,1.0,0.0,0.0,0.0,0.20212765957446807,0.25925925925925924,0.4166666666666667,0.0,0.349807288756125,0.0,0.0,0.8393594091159066,0.0,0.0,0.20739066529460884,0.0,0.0,0.14471752417471284,0.6436170629529394,0.0,kidneybeans
0.2702702702702703,0.375,0.0,0.0,0.29411764705882354,0.1276595744680851,0.48148148148148145,0.0,0.0,0.2781010730128599,0.0,0.0,0.8953220598155003,0.0,0.0,0.29546464995137295,0.0,0.0,0.0,0.0,0.18814545898226379,kidneybeans
0.40540540540540543,0.0625,0.0,0.0,0.47058823529411764,0.09574468085106383,0.2962962962962963,0.3333333333333333,0.0,0.4063926006095842,0.0,0.0,0.9095426451010089,0.0,0.0,0.27202083111828745,0.0,0.0,0.0,0.6806297541818864,0.04609619078793389,kidneybeans
0.918918918918919,0.0,0.0,0.0,0.0,0.22340425531914893,0.2962962962962963,0.3333333333333333,0.0,0.0,0.0,0.6037567822050095,0.3404702552974572,0.0,0.0,0.13472534979466635,0.1321598196010262,0.0,0.0,0.054882475923876885,0.1364132015342606,pigeonpeas
0.0,0.9365079365079365,0.02912621359223301,0.0,0.5294117647058824,0.0851063829787234,0.3333333333333333,0.25,0.0,0.0,0.0,0.6247203102157487,0.2679352875135565,0.1222010721634616,0.0,0.3958372048341853,0.0,0.0,0.0,0.0,0.3380538464529845,pigeonpeas
0.10810810810810811,0.75,0.0,0.0,0.0,0.23404255319148937,0.3333333333333333,0.25,0.0,0.0,0.0,0.20118118639234692,0.31840876130545304,0.0,0.0,0.15041387066921363,0.03110141591745156,0.0,0.0,0.7121568178538972,0.04154574327117927,pigeonpeas
0.2702702702702703,0.375,0.0,0.0,0.6470588235294118,0.06382978723404255,0.2962962962962963,0.3333333333333333,0.0,0.0,0.4138782364035268,0.09607097408892308,0.5605244538349912,0.0,0.0,0.1140921561706497,0.26506958382998835,0.0,0.0,0.0,0.2330117456827791,pigeonpeas
0.7297297297297297,0.0,0.0,0.0,0.0,0.2978723404255319,0.5185185185185185,0.0,0.0,0.2703344548367994,0.0,0.0,0.37760698200427273,0.0,0.0,0.2740526187126826,0.0,0.0,0.0,0.0,0.44063993329716294,pigeonpeas
0.1891891891891892,0.5625,0.0,0.0,0.0,0.2553191489361702,0.25925925925925924,0.4166666666666667,0.0,0.0,0.0,0.2618866629759138,0.5757092189579496,0.0,0.0,0.0,0.9577886064832968,0.005996073053709031,0.0,0.0,0.26722795163853963,pigeonpeas
0.0,0.9365079365079365,0.02912621359223301,0.0,0.0,0.20212765957446807,0.4444444444444444,0.0,0.0,0.0,0.0,0.34312541885006265,0.5352446919379767,0.0,0.0,0.2744776770950786,0.0,0.0,0.0,0.0,0.25611410171652094,pigeonpeas
0.0,0.9788359788359788,0.009708737864077669,0.0,0.7647058823529411,0.0425531914893617,0.48148148148148145,0.0,0.0,0.0,0.0,0.4194962113274714,0.6379405076766225,0.0,0.0,0.19190606094794807,0.0,0.0,0.0,0.0,0.51038825575477,pigeonpeas
0.05405405405405406,0.875,0.0,0.0,0.5882352941176471,0.07446808510638298,0.4444444444444444,0.0,0.0,0.0,0.0,0.20947802992906409,0.2566744451367004,0.1590933958908482,0.0,0.22714938569334414,0.0,0.0,0.06447404944892772,0.8412255099238269,0.0,pigeonpeas
0.0,0.9788359788359788,0.009708737864077669,0.0,0.4117647058823529,0.10638297872340426,0.4074074074074074,0.08333333333333333,0.0,0.0,0.0,0.25862192361442776,0.1976337264136811,0.3525202493475538,0.0,0.5919017776790473,0.0,0.0,0.0,0.0,0.16156260158709243,pigeonpeas
0.10810810810810811,0.75,0.0,0.0,0.5882352941176471,0.07446808510638298,0.2962962962962963,0.3333333333333333,0.0,0.0,0.0,0.5454069172536643,0.17692398379085864,0.42036868409008254,0.0,0.3956935394532382,0.0,0.0,0.0,0.5317777257194459,0.06758069534971252,pigeonpeas
0.5675675675675675,0.0,0.0,0.0,0.7058823529411765,0.05319148936170213,0.5555555555555556,0.0,0.0,0.0,0.0,0.4537034905544966,0.6107446475062348,0.0,0.0,0.0,0.0,0.29070837532685356,0.0,0.0,0.40133518832082304,pigeonpeas
0.16216216216216217,0.625,0.0,0.0,0.0,0.22340425531914893,0.5555555555555556,0.0,0.0,0.0,0.0,0.17110946493109508,0.4681845892217822,0.0,0.0,0.20272403177347556,0.0,0.0,0.0,0.9491629026871863,0.0073375543511677785,pigeonpeas
0.5675675675675675,0.0,0.0,0.0,0.0,0.30851063829787234,0.4444444444444444,0.0,0.0,0.0,0.0,0.31208642053975066,0.35942636982438453,0.0,0.0,0.0,0.0,0.26047402217975785,0.0,0.07662732737363348,0.13327466613777875,pigeonpeas
0.2702702702702703,0.375,0.0,0.0,0.0,0.22340425531914893,0.5555555555555556,0.0,0.0,0.0,0.0,0.1870740616735877,0.3509847768859994,0.0,0.0,0.02640691127976012,0.8298985403731794,0.0,0.0,0.11986242722370394,0.12703434338536038,pigeonpeas
0.0,0.9365079365079365,0.02912621359223301,0.0,0.35294117647058826,0.11702127659574468,0.48148148148148145,0.0,0.0,0.0,0.4183871351727405,0.09533192237009809,0.6997764905257056,0.0,0.0,0.5914798932932811,0.0,0.0,0.0,0.9439584171032936,0.008088741925995263,pigeonpeas
0.5135135135135135,0.0,0.0,0.0,0.5882352941176471,0.07446808510638298,0.5925925925925926,0.0,0.0,0.24578850497663748,0.0,0.0,0.6293565189830957,0.0,0.0,0.500766145737332,0.0,0.0,0.0,0.0,0.419822097387953,pigeonpeas
0.918918918918919,0.0,0.0,0.0,0.0,0.18085106382978725,0.5925925925925926,0.0,0.0,0.43400588507848276,0.0,0.0,0.6913132386322907,0.0,0.0,0.5000037444873391,0.0,0.0,0.0,0.5712725794597731,0.06188021968864389,pigeonpeas
0.2972972972972973,0.3125,0.0,0.0,0.058823529411764705,0.1702127659574468,0.2962962962962963,0.3333333333333333,0.0,0.0,0.0,0.6294947520813537,0.6453696038571409,0.0,0.0,0.2678608501906752,0.0,0.0,0.0,0.0,0.3270305693336623,pigeonpeas
0.5675675675675675,0.0,0.0,0.0,0.0,0.20212765957446807,0.4444444444444444,0.0,0.0,0.04733896180525001,0.7193609482082478,0.0,0.6093605144022163,0.0,0.0,0.2793040569180485,0.0,0.0,0.0,0.09195940171807909,0.13106171664291924,pigeonpeas
0.35135135135135137,0.1875,0.0,0.0,0.29411764705882354,0.1276595744680851,0.48148148148148145,0.0,0.0,0.3726669064825755,0.0,0.0,0.37008308691164904,0.0,0.0,0.5970186050744973,0.0,0.0,0.0,0.0,0.48958353323995984,pigeonpeas
0.7567567567567568,0.0,0.0,0.0,0.0,0.26595744680851063,0.25925925925925924,0.4166666666666667,0.0,0.0,0.0,0.18168748048621,0.458353230174716,0.0,0.0,0.24502097590239177,0.0,0.0,0.0,0.0,0.4140946079675025,pigeonpeas
0.5675675675675675,0.0,0.0,0.0,0.7647058823529411,0.0425531914893617,0.48148148148148145,0.0,0.0,0.3610293434211809,0.0,0.0,0.5026234187087217,0.0,0.0,0.003938470959349733,0.9746301393682223,0.0,0.0,0.0,0.47900437361640524,pigeonpeas
0.24324324324324326,0.4375,0.0,0.0,0.0,0.2553191489361702,0.4074074074074074,0.08333333333333333,0.0,0.049156226842057595,0.7085876756789077,0.0,0.4519653686053901,0.0,0.0,0.14297781533942797,0.07900114383571916,0.0,0.0,0.3396397502667248,0.09531286166779869,pigeonpeas
0.5675675675675675,0.0,0.0,0.0,0.0,0.2127659574468085,0.2962962962962963,0.3333333333333333,0.0,0.4332818794361721,0.0,0.0,0.6352536978059324,0.0,0.0,0.5063448832973865,0.0,0.0,0.0,0.0,0.21984466251014811,pigeonpeas
0.35135135135135137,0.1875,0.0,0.0,0.0,0.20212765957446807,0.4074074074074074,0.08333333333333333,0.0,0.38462980514260686,0.0,0.0,0.5300870475365942,0.0,0.0,0.31087195897068065,0.0,0.0,0.0,0.0,0.18610011900240714,pigeonpeas
0.0,0.9788359788359788,0.009708737864077669,0.0,0.0,0.22340425531914893,0.4074074074074074,0.08333333333333333,0.0,0.0,0.11052909304797888,0.1457928057990862,0.46863945566971865,0.0,0.0,0.1790717937820481,0.0,0.0,0.0,0.0,0.449860632451153,pigeonpeas
0.7567567567567568,0.0,0.0,0.0,0.11764705882352941,0.1595744680851064,0.4074074074074074,0.08333333333333333,0.0,0.0,0.0,0.25001259501138967,0.6998413222577488,0.0,0.0,0.24146734749717355,0.0,0.0,0.0,0.0,0.3054516047370785,pigeonpeas
0.08108108108108109,0.8125,0.0,0.0,0.7058823529411765,0.05319148936170213,0.5555555555555556,0.0,0.0,0.0,0.0,0.4322664002942976,0.6802684166002683,0.0,0.0,0.6426900315407945,0.0,0.0,0.0,0.0,0.2199522874876443,pigeonpeas
0.972972972972973,0.0,0.0,0.0,0.0,0.26595744680851063,0.48148148148148145,0.0,0.0,0.08425207268395626,0.5005293549362748,0.0,0.5102412320986843,0.0,0.0,0.0,0.5096561476167697,0.06965270073738601,0.0,0.0,0.40487586961233063,pigeonpeas
0.8378378378378378,0.0,0.0,0.0,0.0,0.19148936170212766,0.48148148148148145,0.0,0.0,0.0,0.5654300997389275,0.07123017130711881,0.5856211511602061,0.0,0.0,0.5732699003914591,0.0,0.0,0.005359814048681141,0.9868008640723495,0.0,pigeonpeas
0.2972972972972973,0.3125,0.0,0.0,0.0,0.23404255319148937,0.4074074074074074,0.08333333333333333,0.0,0.0,0.0,0.31714767755200884,0.3397843084970479,0.0,0.0,0.5063811762315534,0.0,0.0,0.0,0.0,0.328506943328753,pigeonpeas
0.2702702702702703,0.375,0.0,0.0,0.4117647058823529,0.10638297872340426,0.5185185185185185,0.0,0.0,0.0,0.0,0.4264264163991396,0.20230032606658588,0.3372317212481898,0.0,0.39681574946756826,0.0,0.0,0.0,0.5360052186574088,0.06697052166078984,pigeonpeas
0.2702702702702703,0.375,0.0,0.0,0.0,0.2127659574468085,0.3333333333333333,0.25,0.0,0.12787817683230476,0.2419011967622832,0.0,0.5132665369352977,0.0,0.0,0.0,0.0,0.19502666498228197,0.0,0.0,0.2749418745970345,pigeonpeas
0.02702702702702703,0.9375,0.0,0.0,0.4117647058823529,0.10638297872340426,0.4074074074074074,0.08333333333333333,0.0,0.0,0.0,0.49453143057287335,0.6256647331459589,0.0,0.0,0.27669726331387967,0.0,0.0,0.0,0.0,0.36195348370914543,pigeonpeas
0.5405405405405406,0.0,0.0,0.0,0.0,0.23404255319148937,0.5185185185185185,0.0,0.0,0.363534504916873,0.0,0.0,0.6941358616212092,0.0,0.0,0.2714426836428668,0.0,0.0,0.0,0.0,0.5032470220404892,pigeonpeas
0.2972972972972973,0.3125,0.0,0.0,0.0,0.22340425531914893,0.37037037037037035,0.16666666666666666,0.0,0.0,0.0,0.17532173096445505,0.6478162919339487,0.0,0.0,0.5992904641310925,0.0,0.0,0.042150135834112874,0.8962006205457287,0.0,pigeonpeas
0.5405405405405406,0.0,0.0,0.0,0.23529411764705882,0.13829787234042554,0.5925925925925926,0.0,0.0,0.0,0.0,0.2975578644800893,0.7282930789328118,0.0,0.0,0.0,0.0,0.20989824245752067,0.0,0.0,0.4214647401515338,pigeonpeas
0.6216216216216216,0.0,0.0,0.0,0.0,0.24468085106382978,0.48148148148148145,0.0,0.0,0.42932652517611514,0.0,0.0,0.6591660922596587,0.0,0.0,0.0,0.5990334475327818,0.056956772576956825,0.02336462566306209,0.9424620206551173,0.0,pigeonpeas
0.0,0.9576719576719577,0.019417475728155338,0.0,0.47058823529411764,0.09574468085106383,0.6296296296296297,0.0,0.0,0.0,0.0,0.5252523161614803,0.7473565203288612,0.0,0.0,0.48658496507362076,0.0,0.0,0.0,0.250232862061954,0.10821737306298278,pigeonpeas
0.8378378378378378,0.0,0.0,0.0,0.11764705882352941,0.1595744680851064,0.6296296296296297,0.0,0.0,0.0,0.0,0.5162998488363524,0.7562123072739744,0.0,0.0,0.027134010249620828,0.8252148954456766,0.0,0.0,0.0,0.31614988558898693,pigeonpeas
0.7837837837837838,0.0,0.0,0.0,0.5294117647058824,0.0851063829787234,0.5185185185185185,0.0,0.0,0.0,0.0,0.21610778414410553,0.6758702581100027,0.0,0.0,0.07130476980817005,0.5406867053012513,0.0,0.0,0.0,0.45671079652874846,pigeonpeas
0.9459459459459459,0.0,0.0,0.0,0.058823529411764705,0.1702127659574468,0.5185185185185185,0.0,0.0,0.0,0.0,0.49348638166174097,0.49752008955691185,0.0,0.0,0.17237260767477613,0.0,0.0,0.0,0.0,0.16759987758337283,pigeonpeas
0.972972972972973,0.0,0.0,0.0,0.0,0.26595744680851063,0.5555555555555556,0.0,0.0,0.0,0.04297953432293752,0.1568648258281181,0.4284979541848382,0.0,0.0,0.14119342073295757,0.0904954122829148,0.0,0.0,0.0,0.25614030886787637,pigeonpeas
0.5675675675675675,0.0,0.0,0.0,0.0,0.23404255319148937,0.48148148148148145,0.0,0.0,0.42820181288592046,0.0,0.0,0.6896875672902298,0.0,0.0,0.5961614287440004,0.0,0.0,0.0,0.0,0.3358352678847027,pigeonpeas
0.3783783783783784,0.125,0.0,0.0,0.0,0.2553191489361702,0.25925925925925924,0.4166666666666667,0.0,0.0,0.0,0.3029516604400529,0.5025238335775821,0.0,0.0,0.0,0.0,0.18578811569010295,0.04761898788503417,0.8827329664568555,0.0,pigeonpeas
0.13513513513513514,0.6875,0.0,0.0,0.0,0.20212765957446807,0.4444444444444444,0.0,0.0,0.28052587687920716,0.0,0.0,0.5168696778941365,0.0,0.0,0.07403437198168557,0.5231038343249168,0.0,0.0,0.0,0.49438328154927064,pigeonpeas
0.24324324324324326,0.4375,0.0,0.0,0.5294117647058824,0.0851063829787234,0.37037037037037035,0.16666666666666666,0.0,0.0,0.0,0.2936020110882624,0.4179411165724248,0.0,0.0,0.0,0.0,0.1785649294696028,0.0,0.0,0.37372196354847503,pigeonpeas
0.8648648648648649,0.0,0.0,0.0,0.35294117647058826,0.11702127659574468,0.3333333333333333,0.25,0.0,0.0,0.211553945222594,0.12923386436676174,0.21171263360506182,0.30639549380530806,0.0,0.5830999977250229,0.0,0.0,0.0,0.0,0.2479485376663923,pigeonpeas
0.02702702702702703,0.9375,0.0,0.0,0.058823529411764705,0.1702127659574468,0.25925925925925924,0.4166666666666667,0.0,0.0,0.0,0.5727271035752491,0.6636754157160594,0.0,0.0,0.002391067644652923,0.9845978163779546,0.0,0.0,0.0,0.20215792136975655,pigeonpeas
0.972972972972973,0.0,0.0,0.0,0.11764705882352941,0.1595744680851064,0.3333333333333333,0.25,0.0,0.36102754350662875,0.0,0.0,0.35558097160728314,0.0,0.0,0.5552459381407349,0.0,0.0,0.0,0.0,0.3844080451290179,pigeonpeas
0.35135135135135137,0.1875,0.0,0.0,0.0,0.23404255319148937,0.4444444444444444,0.0,0.0,0.35541194544044286,0.0,0.0,0.7272941114140578,0.0,0.0,0.6219752779487923,0.0,0.0,0.0,0.0,0.40033770335327146,pigeonpeas
0.5405405405405406,0.0,0.0,0.0,0.058823529411764705,0.1702127659574468,0.5185185185185185,0.0,0.0,0.0,0.0,0.3109279323021325,0.3625223672913209,0.0,0.0,0.2785796854142736,0.0,0.0,0.0,0.0,0.16856409622926188,pigeonpeas
0.8648648648648649,0.0,0.0,0.0,0.7647058823529411,0.0425531914893617,0.5185185185185185,0.0,0.0,0.0,0.0,0.4375813426954549,0.5250068514747375,0.0,0.0,0.0,0.0,0.25556726037388716,0.0,0.0,0.15614805889820374,pigeonpeas
0.8648648648648649,0.0,0.0,0.0,0.7058823529411765,0.05319148936170213,0.2962962962962963,0.3333333333333333,0.0,0.04719434025090619,0.7202183065940668,0.0,0.5355582394243384,0.0,0.0,0.48006492366445996,0.0,0.0,0.0,0.0,0.4596401072291003,pigeonpeas
0.0,1.0,0.0,0.0,0.0,0.2765957446808511,0.5555555555555556,0.0,0.0,0.0,0.0,0.5869961568446529,0.7328786824152695,0.0,0.0,0.27665802067564904,0.0,0.0,0.0,0.0,0.4722718412670097,pigeonpeas
0.6486486486486487,0.0,0.0,0.0,0.0,0.23404255319148937,0.4444444444444444,0.0,0.0,0.0,0.0,0.27137079575509054,0.6793659149848383,0.0,0.0,0.35389766286173957,0.0,0.0,0.0,0.0,0.33248720635732015,pigeonpeas
0.8378378378378378,0.0,0.0,0.0,0.29411764705882354,0.1276595744680851,0.3333333333333333,0.25,0.0,0.0,0.8590567247755454,0.023101953524146537,0.4610141159004873,0.0,0.0,0.17753299850783882,0.0,0.0,0.0,0.0,0.3213968241631698,pigeonpeas
0.5675675675675675,0.0,0.0,0.0,0.0,0.2765957446808511,0.37037037037037035,0.16666666666666666,0.0,0.0,0.0,0.32561070703009415,0.6770899719344714,0.0,0.0,0.0,0.7008319285571027,0.04249643194079881,0.0,0.8068294480076802,0.02788120288550515,pigeonpeas
0.32432432432432434,0.25,0.0,0.0,0.23529411764705882,0.13829787234042554,0.4444444444444444,0.0,0.0,0.0,0.0,0.4178025243776763,0.7251124898922809,0.0,0.0,0.5538035208684045,0.0,0.0,0.0,0.6540665469092085,0.04993018185759084,pigeonpeas
0.08108108108108109,0.8125,0.0,0.0,0.0,0.2553191489361702,0.2962962962962963,0.3333333333333333,0.0,0.12499032214294434,0.25902123427110313,0.0,0.440729501194271,0.0,0.0,0.5701507540807151,0.0,0.0,0.0,0.0,0.4783424920818326,pigeonpeas
0.4594594594594595,0.0,0.0,0.0,0.0,0.2765957446808511,0.3333333333333333,0.25,0.0,0.0,0.0,0.5130218549164277,0.6287883256756291,0.0,0.0,0.4262496217862329,0.0,0.0,0.0,0.0,0.26207472589440395,pigeonpeas
0.05405405405405406,0.875,0.0,0.0,0.0,0.30851063829787234,0.25925925925925924,0.4166666666666667,0.0,0.0,0.1582754058655079,0.13796672755659242,0.5367344020083045,0.0,0.0,0.5236180023851005,0.0,0.0,0.0,0.0,0.5019663474517333,pigeonpeas
0.6216216216216216,0.0,0.0,0.0,0.0,0.2553191489361702,0.2962962962962963,0.3333333333333333,0.0,0.06266700968701695,0.6284918488592928,0.0,0.3493416927499074,0.0,0.0,0.0,0.9777079160726887,0.003166561267272065,0.0,0.20091413266901492,0.11533577432071969,pigeonpeas
0.02702702702702703,0.9375,0.0,0.0,0.0,0.30851063829787234,0.4074074074074074,0.08333333333333333,0.0,0.0,0.0,0.4452670454278443,0.48415304077595517,0.0,0.0,0.0,0.0,0.18263068051545966,0.0,0.8095331389906356,0.027490966609540642,pigeonpeas
0.8108108108108109,0.0,0.0,0.0,0.0,0.2765957446808511,0.5185185185185185,0.0,0.0,0.30045681482558173,0.0,0.0,0.3009032225762951,0.01419283510139726,0.0,0.0,0.5369554061585113,0.06577487688720678,0.0,0.0,0.4723879859497363,pigeonpeas
0.21621621621621623,0.5,0.0,0.0,0.0,0.2872340425531915,0.25925925925925924,0.4166666666666667,0.0,0.33618135132493665,0.0,0.0,0.3192861745369176,0.0,0.0,0.1514199957547001,0.024620410100630357,0.0,0.0,0.0,0.4954501618085968,pigeonpeas
0.1891891891891892,0.5625,0.0,0.0,0.47058823529411764,0.09574468085106383,0.4074074074074074,0.08333333333333333,0.0,0.0,0.0,0.18133645098692627,0.27158493266445605,0.11024424993906015,0.0,0.33119074406999344,0.0,0.0,0.0,0.0,0.42908401701043886,pigeonpeas
0.4594594594594595,0.0,0.0,0.0,0.0,0.24468085106382978,0.5925925925925926,0.0,0.0,0.0,0.0,0.5778038080119585,0.5566509934412005,0.0,0.0,0.5703383516978904,0.0,0.0,0.0,0.0,0.3192372934262994,pigeonpeas
0.4864864864864865,0.0,0.0,0.0,0.6470588235294118,0.06382978723404255,0.3333333333333333,0.25,0.0,0.11478318021083934,0.3195321226406933,0.0,0.5011722949997239,0.0,0.0,0.0,0.0,0.26135396121051935,0.0,0.0,0.22709451485660898,pigeonpeas
0.918918918918919,0.0,0.0,0.0,0.47058823529411764,0.09574468085106383,0.48148148148148145,0.0,0.0,0.0,0.9500157972478288,0.008192889849361349,0.6003748805001439,0.0,0.0,0.5493479963042446,0.0,0.0,0.0,0.7989264473116776,0.029021879678820407,pigeonpeas
0.8648648648648649,0.0,0.0,0.0,0.0,0.2765957446808511,0.48148148148148145,0.0,0.0,0.0,0.0,0.303535846252123,0.2081823426392528,0.3179612925976055,0.0,0.06266263685087617,0.5963554434869045,0.0,0.0,0.0,0.39796607888965163,pigeonpeas
0.8648648648648649,0.0,0.0,0.0,0.0,0.18085106382978725,0.4444444444444444,0.0,0.0,0.4095158219987781,0.0,0.0,0.28907728724192044,0.05293649389122,0.0,0.4876245518704734,0.0,0.0,0.0,0.0,0.22093784172588185,pigeonpeas
0.0,1.0,0.0,0.0,0.0,0.23404255319148937,0.4074074074074074,0.08333333333333333,0.0,0.0,0.0,0.21598706089562633,0.256859991468483,0.15848551638152994,0.0,0.29614175701898343,0.0,0.0,0.0,0.0,0.4646870669068888,pigeonpeas
0.7567567567567568,0.0,0.0,0.0,0.5294117647058824,0.0851063829787234,0.2962962962962963,0.3333333333333333,0.0,0.307846527078778,0.0,0.0,0.6207136391959182,0.0,0.0,0.5744946953191912,0.0,0.0,0.0,0.0,0.20796221430786194,pigeonpeas
0.4594594594594595,0.0,0.0,0.0,0.0,0.22340425531914893,0.6296296296296297,0.0,0.0,0.0,0.0,0.5756254019706922,0.3693991150382342,0.0,0.0,0.0,0.0,0.2531226584170792,0.0,0.0,0.19633527822177954,pigeonpeas
0.16216216216216217,0.625,0.0,0.0,0.7058823529411765,0.05319148936170213,0.3333333333333333,0.25,0.0,0.0,0.0,0.3247128506542601,0.6807903583770537,0.0,0.0,0.26135010545154375,0.0,0.0,0.0,0.0,0.39129952393484185,pigeonpeas
0.0,0.0,0.0,0.0,0.0,0.20212765957446807,0.4074074074074074,0.08333333333333333,0.0,0.0,0.0,0.5920187150824708,0.36914436395413963,0.0,0.0,0.6001480818556615,0.0,0.0,0.0,0.7707550601987027,0.033087986813484425,pigeonpeas
0.43243243243243246,0.0,0.0,0.0,0.0,0.24468085106382978,0.6296296296296297,0.0,0.0,0.0,0.0,0.21531875621226185,0.20187390192008026,0.33862875506960205,0.0,0.0,0.906102894685204,0.013337960585843734,0.0,0.0,0.28662237574006644,pigeonpeas
0.6486486486486487,0.0,0.0,0.0,0.058823529411764705,0.1702127659574468,0.5185185185185185,0.0,0.0,0.0,0.0,0.27530377286331464,0.6904351069846976,0.0,0.0,0.3562253372089425,0.0,0.0,0.0,0.0,0.4060473943760367,pigeonpeas
0.2702702702702703,0.375,0.0,0.0,0.0,0.24468085106382978,0.4444444444444444,0.0,0.0,0.05388514133128931,0.6805533034059803,0.0,0.30969449116196696,0.0,0.0,0.19355313405755398,0.0,0.0,0.03897457704499167,0.90402078589534,0.0,pigeonpeas
0.21621621621621623,0.5,0.0,0.0,0.0,0.22340425531914893,0.2962962962962963,0.3333333333333333,0.0,0.14455344734192618,0.14304537217864968,0.0,0.6614000624102756,0.0,0.0,0.0,0.0,0.15308668537871287,0.0,0.0,0.33248894476208085,pigeonpeas
0.8648648648648649,0.0,0.0,0.0,0.0,0.18085106382978725,0.4444444444444444,0.0,0.0,0.39079957537672666,0.0,0.0,0.7153381938061691,0.0,0.0,0.10388634447673531,0.33081083798196137,0.0,0.0,0.0,0.29703077011131157,pigeonpeas
0.0,0.9576719576719577,0.019417475728155338,0.0,0.6470588235294118,0.06382978723404255,0.48148148148148145,0.0,0.0,0.0,0.0,0.2060709235545362,0.5216432335038211,0.0,0.0,0.001128922012165307,0.992727991545859,0.0,0.0,0.0,0.346324558707941,pigeonpeas
0.40540540540540543,0.0625,0.0,0.0,0.35294117647058826,0.11702127659574468,0.5925925925925926,0.0,0.0,0.0,0.0,0.5004673213771297,0.3949207659995819,0.0,0.0,0.5465578882148289,0.0,0.0,0.0,0.0,0.422368906019797,pigeonpeas
0.5135135135135135,0.0,0.0,0.0,0.7647058823529411,0.0425531914893617,0.3333333333333333,0.25,0.0,0.21461316635748007,0.0,0.0,0.3649179111472403,0.0,0.0,0.0,0.0,0.15973422748775448,0.0,0.0,0.20599584336483595,pigeonpeas
0.0,0.9576719576719577,0.019417475728155338,0.0,0.0,0.2765957446808511,0.4074074074074074,0.08333333333333333,0.0,0.15506742373044136,0.08071548044227149,0.0,0.30553390625550636,0.0,0.0,0.623732680742733,0.0,0.0,0.0,0.0,0.3182332038952774,pigeonpeas
0.6486486486486487,0.0,0.0,0.0,0.0,0.2553191489361702,0.4444444444444444,0.0,0.0,0.0,0.0,0.27445293310585617,0.6823681731166207,0.0,0.0,0.0,0.0,0.15797367792495762,0.0,0.0,0.412544593556105,pigeonpeas
0.2702702702702703,0.375,0.0,0.0,0.0,0.2127659574468085,0.2962962962962963,0.3333333333333333,0.0,0.0,0.0,0.32447587563459146,0.48775623987862615,0.0,0.0,0.0,0.0,0.18231335072224394,0.0,0.0,0.3462951855096209,pigeonpeas
0.2972972972972973,0.3125,0.0,0.0,0.23529411764705882,0.13829787234042554,0.37037037037037035,0.16666666666666666,0.0,0.0,0.8812361074717682,0.019466540146485113,0.6024436952853982,0.0,0.0,0.4314227027844806,0.0,0.0,0.0,0.5131105191150395,0.07027501997256595,pigeonpeas
0.3783783783783784,0.125,0.0,0.0,0.7647058823529411,0.0425531914893617,0.5925925925925926,0.0,0.0,0.2734909809052613,0.0,0.0,0.1628288969077569,0.4665464468945566,0.0,0.4498029714112011,0.0,0.0,0.0,0.0,0.4434934527901159,pigeonpeas
0.8918918918918919,0.0,0.0,0.0,0.0,0.19148936170212766,0.48148148148148145,0.0,0.0,0.37844664972080594,0.0,0.0,0.49489655965755003,0.0,0.0,0.3597880133365634,0.0,0.0,0.0,0.0,0.26606563094499963,pigeonpeas
0.4594594594594595,0.0,0.0,0.0,0.058823529411764705,0.1702127659574468,0.48148148148148145,0.0,0.0,0.3788266057804203,0.0,0.0,0.4519843660831372,0.0,0.0,0.258065268572322,0.0,0.0,0.0,0.0,0.42111961304898216,pigeonpeas
0.8108108108108109,0.0,0.0,0.0,0.0,0.24468085106382978,0.5555555555555556,0.0,0.0,0.18638035416148352,0.0,0.0,0.2704491780805295,0.11396516391537155,0.0,0.2594347842545697,0.0,0.0,0.0,0.9360730362049837,0.00922687557208024,pigeonpeas
0.5405405405405406,0.0,0.0,0.0,0.23529411764705882,0.13829787234042554,0.5185185185185185,0.0,0.0,0.0,0.0,0.616933404282838,0.3354997915981207,0.0,0.0,0.11836509391628325,0.2375452384142528,0.0,0.0,0.0,0.1459807897604966,pigeonpeas
0.05405405405405406,0.875,0.0,0.0,0.0,0.2127659574468085,0.5555555555555556,0.0,0.0,0.0,0.0,0.2375516200673097,0.21323524613732567,0.301407171211689,0.0,0.0,0.0,0.1444082986321206,0.0,0.0,0.5070028570635117,pigeonpeas
0.7027027027027027,0.0,0.0,0.0,0.0,0.22340425531914893,0.37037037037037035,0.16666666666666666,0.0,0.0,0.0,0.2090338274116589,0.5383998011430801,0.0,0.0,0.0,0.16225165867244845,0.11900105248209505,0.0,0.0,0.3806426761267642,pigeonpeas
0.4594594594594595,0.0,0.0,0.0,0.47058823529411764,0.09574468085106383,0.37037037037037035,0.16666666666666666,0.0,0.0,0.0,0.22414566204316297,0.567465880025663,0.0,0.0,0.0,0.09440507080913266,0.128638571250869,0.0,0.0,0.45193114125249495,pigeonpeas
0.7297297297297297,0.0,0.0,0.0,0.0,0.2127659574468085,0.5185185185185185,0.0,0.0,0.36104678035424015,0.0,0.0,0.21332553701465357,0.30111136383205134,0.0,0.09383167309875884,0.3955785141157735,0.0,0.0,0.0,0.3841235024878977,pigeonpeas
0.10810810810810811,0.75,0.0,0.0,0.4117647058823529,0.10638297872340426,0.2962962962962963,0.3333333333333333,0.0,0.33104210222488545,0.0,0.0,0.47623709148867605,0.0,0.0,0.6361001443993485,0.0,0.0,0.0,0.06160185968600668,0.13544336166992682,pigeonpeas
0.918918918918919,0.0,0.0,0.043478260869565216,0.9130434782608695,0.0,0.5185185185185185,0.0,0.0,0.0,0.21961203716357444,0.12791306587376963,0.23807014126837114,0.22004407596108078,0.0,0.9355847889803286,0.0,0.0,0.8329994695106793,0.0,0.0,mothbeans
0.40540540540540543,0.0625,0.0,0.0,0.5294117647058824,0.0851063829787234,0.3333333333333333,0.25,0.0,0.0,0.4183139279926319,0.0953439217284911,0.4409032875206902,0.0,0.0,0.7031142854285609,0.0,0.0,0.7817664211281201,0.0,0.0,mothbeans
0.02702702702702703,0.9375,0.0,0.0,0.5882352941176471,0.07446808510638298,0.25925925925925924,0.4166666666666667,0.0,0.0,0.0,0.16936342136907603,0.3194774604955587,0.0,0.0,0.0,0.0,0.5624117153172137,0.7761070854987125,0.0,0.0,mothbeans
0.8918918918918919,0.0,0.0,0.17391304347826086,0.6521739130434783,0.0,0.5185185185185185,0.0,0.0,0.0,0.0,0.18979356238211606,0.292671447621595,0.04116144866657308,0.0,0.0,0.0,0.6881993448597673,0.29317608329904454,0.2780214128599363,0.0,mothbeans
0.21621621621621623,0.5,0.0,0.0,0.8235294117647058,0.031914893617021274,0.5925925925925926,0.0,0.0,0.0,0.26370203760369965,0.12068629226981235,0.3899842064973469,0.0,0.0,0.0,0.0,0.4922949439520934,0.841420258535841,0.0,0.0,mothbeans
0.13513513513513514,0.6875,0.0,0.17391304347826086,0.6521739130434783,0.0,0.37037037037037035,0.16666666666666666,0.0,0.0,0.0,0.3540777484461664,0.39817801730523267,0.0,0.0,0.3952671346305845,0.0,0.0,0.31130577041498486,0.2333750496847152,0.0,mothbeans
0.6216216216216216,0.0,0.0,0.0,0.7647058823529411,0.0425531914893617,0.6296296296296297,0.0,0.0,0.0,0.4137229390366214,0.09609642881563464,0.38051115390760104,0.0,0.0,0.0,0.0,0.46303079077500015,0.28691289420112703,0.29344520993445117,0.0,mothbeans
0.8648648648648649,0.0,0.0,0.34782608695652173,0.30434782608695654,0.0,0.4444444444444444,0.0,0.0,0.0,0.0,0.184260111172277,0.40629699564194716,0.0,0.0,0.0,0.0,0.9271092468984715,0.3819002755033981,0.05952825948936114,0.0,mothbeans
0.32432432432432434,0.25,0.0,0.0,0.6470588235294118,0.06382978723404255,0.2962962962962963,0.3333333333333333,0.0,0.0,0.30608990613749265,0.11373851439750267,0.3303367500899089,0.0,0.0,0.0,0.0,0.1566740722497651,0.775889376777089,0.0,0.0,mothbeans
0.7027027027027027,0.0,0.0,0.0,0.8823529411764706,0.02127659574468085,0.2962962962962963,0.3333333333333333,0.0,0.0,0.012719464043724463,0.16182474134103994,0.37303424703556265,0.0,0.0,0.0,0.0,0.2760231800530583,0.4492352640492095,0.0,0.0,mothbeans
0.0,0.9365079365079365,0.02912621359223301,0.043478260869565216,0.9130434782608695,0.0,0.5555555555555556,0.0,0.0,0.0,0.0,0.3000235420540987,0.5222486720889046,0.0,0.0,0.0,0.4740646749474703,0.07470842272225156,0.5531985875046075,0.0,0.0,mothbeans
0.0,0.9788359788359788,0.009708737864077669,0.0,0.7058823529411765,0.05319148936170213,0.25925925925925924,0.4166666666666667,0.0,0.0,0.951987210481872,0.007869756327473035,0.5299119393063757,0.0,0.0,0.0,0.0,0.41484966408383783,0.36745353103005957,0.09510496836092171,0.0,mothbeans
0.2702702702702703,0.375,0.0,0.17391304347826086,0.6521739130434783,0.0,0.3333333333333333,0.25,0.0,0.0,0.0,0.3377689453147318,0.3567002479271352,0.0,0.0,0.18823847479773195,0.0,0.0,0.6687233624826439,0.0,0.0,mothbeans
0.35135135135135137,0.1875,0.0,0.2826086956521739,0.43478260869565216,0.0,0.37037037037037035,0.16666666666666666,0.0,0.06676965705395442,0.6041701691479822,0.0,0.3315936161618631,0.0,0.0,0.0,0.0,0.5064494933920315,0.8023200419552216,0.0,0.0,mothbeans
0.3783783783783784,0.125,0.0,0.13043478260869565,0.7391304347826086,0.0,0.4074074074074074,0.08333333333333333,0.0,0.0,0.0,0.3245275385399591,0.43303942393131134,0.0,0.0,0.0,0.0,0.7294215850412376,0.273577744822394,0.3262844927279898,0.0,mothbeans
0.21621621621621623,0.5,0.0,0.0,0.6470588235294118,0.06382978723404255,0.4444444444444444,0.0,0.0,0.0,0.9962735685698124,0.0006107978232662552,0.4491443210877882,0.0,0.0,0.1876421606517753,0.0,0.0,0.5555471881799622,0.0,0.0,mothbeans
0.16216216216216217,0.625,0.0,0.34782608695652173,0.30434782608695654,0.0,0.3333333333333333,0.25,0.0,0.0,0.0,0.26021814530407605,0.5027600413099121,0.0,0.0,0.0,0.0,0.36539406671958014,0.35934282477604096,0.11507848112530181,0.0,mothbeans
0.0,0.0,0.0,0.0,0.7647058823529411,0.0425531914893617,0.25925925925925924,0.4166666666666667,0.0,0.0,0.13053145060537852,0.1425142277049663,0.5558537631216477,0.0,0.0,0.6509188415821388,0.0,0.0,0.6574911870063287,0.0,0.0,mothbeans
0.8108108108108109,0.0,0.0,0.13043478260869565,0.7391304347826086,0.0,0.37037037037037035,0.16666666666666666,0.0,0.005505725176881946,0.9673604693862389,0.0,0.538289414549181,0.0,0.0,0.0,0.0,0.9974705629596033,0.275144329303784,0.32242660487512625,0.0,mothbeans
0.5405405405405406,0.0,0.0,0.0,0.5882352941176471,0.07446808510638298,0.25925925925925924,0.4166666666666667,0.0,0.0,0.0,0.3059321619916039,0.5570520135657949,0.0,0.0,0.0,0.9387332766140524,0.008702857654726797,0.8318139002732583,0.0,0.0,mothbeans
0.7027027027027027,0.0,0.0,0.15217391304347827,0.6956521739130435,0.0,0.5555555555555556,0.0,0.0,0.0,0.7496627370508024,0.041032676477855655,0.3757683603117151,0.0,0.0,0.0,0.0,0.45331763651858786,0.8005012182700026,0.0,0.0,mothbeans
0.40540540540540543,0.0625,0.0,0.043478260869565216,0.9130434782608695,0.0,0.37037037037037035,0.16666666666666666,0.0,0.0,0.11026365247316039,0.14583631405312042,0.28560090210249206,0.06432568856003609,0.0,0.929354047998464,0.0,0.0,0.2973753447342075,0.26768026632480696,0.0,mothbeans
0.7567567567567568,0.0,0.0,0.0,1.0,0.0,0.48148148148148145,0.0,0.0,0.0,0.5120281162889159,0.07998326816679331,0.47039189823552996,0.0,0.0,0.3198770308577219,0.0,0.0,0.6244015737987364,0.0,0.0,mothbeans
0.24324324324324326,0.4375,0.0,0.06521739130434782,0.8695652173913043,0.0,0.6296296296296297,0.0,0.0,0.026079960573202568,0.8453904537209739,0.0,0.38086155068942923,0.0,0.0,0.0,0.0,0.8059850506893431,0.7229162886233955,0.0,0.0,mothbeans
0.2972972972972973,0.3125,0.0,0.021739130434782608,0.9565217391304348,0.0,0.48148148148148145,0.0,0.0,0.0,0.4197630494585036,0.09510639683273359,0.4350054932793704,0.0,0.0,0.14375349710633623,0.07400455035459762,0.0,0.8346031230390819,0.0,0.0,mothbeans
0.02702702702702703,0.9375,0.0,0.0,0.7058823529411765,0.05319148936170213,0.4444444444444444,0.0,0.0,0.011108119895048372,0.9341478537835245,0.0,0.4652775613236238,0.0,0.0,0.0,0.0,0.2883247460846275,0.843778844161332,0.0,0.0,mothbeans
0.7837837837837838,0.0,0.0,0.0,0.47058823529411764,0.09574468085106383,0.5185185185185185,0.0,0.0,0.0,0.0,0.31076333569074727,0.5203414426377194,0.0,0.0,0.8960115085796208,0.0,0.0,0.5591901126629849,0.0,0.0,mothbeans
0.35135135135135137,0.1875,0.0,0.30434782608695654,0.391304347826087,0.0,0.4074074074074074,0.08333333333333333,0.0,0.0,0.0,0.27523155875402366,0.3359698279983971,0.0,0.0,0.20779623624856633,0.0,0.0,0.4302324327993459,0.0,0.0,mothbeans
0.40540540540540543,0.0625,0.0,0.17391304347826086,0.6521739130434783,0.0,0.2962962962962963,0.3333333333333333,0.0,0.010345355576012833,0.938669741190252,0.0,0.4115725364039742,0.0,0.0,0.651102378647795,0.0,0.0,0.6519723271575448,0.0,0.0,mothbeans
0.02702702702702703,0.9375,0.0,0.17391304347826086,0.6521739130434783,0.0,0.2962962962962963,0.3333333333333333,0.0,0.0,0.4953316243451094,0.08271998320543446,0.5560678461441991,0.0,0.0,0.9980645784223849,0.0,0.0,0.7143414332803338,0.0,0.0,mothbeans
0.40540540540540543,0.0625,0.0,0.15217391304347827,0.6956521739130435,0.0,0.2962962962962963,0.3333333333333333,0.0,0.07687002750632806,0.5442922529790388,0.0,0.3646261970474049,0.0,0.0,0.1351227386927956,0.1296000188392048,0.0,0.4804984214016722,0.0,0.0,mothbeans
0.5405405405405406,0.0,0.0,0.17391304347826086,0.6521739130434783,0.0,0.37037037037037035,0.16666666666666666,0.0,0.0,0.0,0.2468762755040407,0.5221235950405021,0.0,0.0,0.3173327046165025,0.0,0.0,0.7208030913450627,0.0,0.0,mothbeans
0.7837837837837838,0.0,0.0,0.13043478260869565,0.7391304347826086,0.0,0.6296296296296297,0.0,0.0,0.0,0.15726296922836505,0.13813267562399875,0.29433778007814393,0.03570227657561126,0.0,0.6210613857331099,0.0,0.0,0.8174322897042304,0.0,0.0,mothbeans
0.8108108108108109,0.0,0.0,0.0,0.7058823529411765,0.05319148936170213,0.3333333333333333,0.25,0.0,0.0,0.7501165972674597,0.040958284438824516,0.6110963782736976,0.0,0.0,0.30128006034200056,0.0,0.0,0.5272602854898485,0.0,0.0,mothbeans
0.02702702702702703,0.9375,0.0,0.0,0.6470588235294118,0.06382978723404255,0.5925925925925926,0.0,0.0,0.0,0.0,0.1668103544333927,0.35235098462412634,0.0,0.0,0.0,0.0,0.5321385393111115,0.5068383847254652,0.0,0.0,mothbeans
0.7027027027027027,0.0,0.0,0.13043478260869565,0.7391304347826086,0.0,0.48148148148148145,0.0,0.0,0.0,0.0,0.1715695364077399,0.5453966613612687,0.0,0.0,0.8892990690075138,0.0,0.0,0.6798001545395528,0.0,0.0,mothbeans
0.8378378378378378,0.0,0.0,0.32608695652173914,0.34782608695652173,0.0,0.37037037037037035,0.16666666666666666,0.0,0.08242939836436254,0.5113346952578538,0.0,0.3123272603427903,0.0,0.0,0.0,0.0,0.6964261787652173,0.7048266452509238,0.0,0.0,mothbeans
0.5405405405405406,0.0,0.0,0.0,0.6470588235294118,0.06382978723404255,0.4444444444444444,0.0,0.0,0.0,0.018520205785413565,0.16087394417878678,0.5326911502979429,0.0,0.0,0.9010979804589168,0.0,0.0,0.38431394056453605,0.05358434185781209,0.0,mothbeans
0.8918918918918919,0.0,0.0,0.08695652173913043,0.8260869565217391,0.0,0.4444444444444444,0.0,0.0,0.0,0.8714810136283161,0.0210654935143292,0.23434669815344372,0.2322426721388174,0.0,0.7642576205974316,0.0,0.0,0.3037271960744808,0.2520381286552872,0.0,mothbeans
0.7567567567567568,0.0,0.0,0.043478260869565216,0.9130434782608695,0.0,0.5925925925925926,0.0,0.0,0.0,0.0,0.29242642856390305,0.5906133775673325,0.0,0.0,0.0,0.0,0.35227238281979356,0.5332944303277333,0.0,0.0,mothbeans
0.32432432432432434,0.25,0.0,0.0,1.0,0.0,0.2962962962962963,0.3333333333333333,0.0,0.005631145059155625,0.9666169440638644,0.0,0.2839929303470265,0.06959366164427469,0.0,0.0,0.0,0.8454731933870735,0.39899896427841763,0.017420843956613738,0.0,mothbeans
0.02702702702702703,0.9375,0.0,0.15217391304347827,0.6956521739130435,0.0,0.4074074074074074,0.08333333333333333,0.0,0.02822414291560504,0.8326791208887082,0.0,0.4400997510872287,0.0,0.0,0.6536642877140165,0.0,0.0,0.755204740180946,0.0,0.0,mothbeans
0.43243243243243246,0.0,0.0,0.2826086956521739,0.43478260869565216,0.0,0.4444444444444444,0.0,0.0,0.0,0.4915940250315152,0.08333261155181727,0.25530778538691207,0.1635707921838649,0.0,0.21599050660450259,0.0,0.0,0.4375357866377963,0.0,0.0,mothbeans
0.0,1.0,0.0,0.0,0.6470588235294118,0.06382978723404255,0.4444444444444444,0.0,0.0,0.0,0.0,0.3043642428778676,0.5384338454894705,0.0,0.0,0.0,0.0,0.2647378005753805,0.322387547178032,0.20608494661643256,0.0,mothbeans
0.13513513513513514,0.6875,0.0,0.06521739130434782,0.8695652173913043,0.0,0.5185185185185185,0.0,0.0,0.0,0.7102949861654979,0.04748542812460244,0.36352555182364593,0.0,0.0,0.14777000475701596,0.04813201241387403,0.0,0.4112971566809699,0.0,0.0,mothbeans
0.21621621621621623,0.5,0.0,0.15217391304347827,0.6956521739130435,0.0,0.4444444444444444,0.0,0.0,0.0,0.0,0.24576417711456833,0.255393621993629,0.16328957770836786,0.0,0.0,0.0,0.6253657680547532,0.8443447155996232,0.0,0.0,mothbeans
0.32432432432432434,0.25,0.0,0.0,1.0,0.0,0.5185185185185185,0.0,0.0,0.0,0.2644849943180951,0.12055795816094071,0.38740159762295384,0.0,0.0,0.0,0.0,0.8645039514673405,0.5971793815151719,0.0,0.0,mothbeans
0.7297297297297297,0.0,0.0,0.15217391304347827,0.6956521739130435,0.0,0.2962962962962963,0.3333333333333333,0.0,0.0,0.0,0.2983866771086698,0.5656055557324459,0.0,0.0,0.0,0.0,0.4585032440007201,0.4901339821339902,0.0,0.0,mothbeans
0.3783783783783784,0.125,0.0,0.34782608695652173,0.30434782608695654,0.0,0.5185185185185185,0.0,0.0,0.0,0.6989025233394648,0.049352761960242714,0.500003691113936,0.0,0.0,0.34604490310594704,0.0,0.0,0.7752051994050693,0.0,0.0,mothbeans
0.7567567567567568,0.0,0.0,0.0,0.47058823529411764,0.09574468085106383,0.3333333333333333,0.25,0.0,0.0,0.0,0.35245096050560076,0.3518740183851965,0.0,0.0,0.051036295414739384,0.671247112090436,0.0,0.4100443955765062,0.0,0.0,mothbeans
0.918918918918919,0.0,0.0,0.0,0.5882352941176471,0.07446808510638298,0.4074074074074074,0.08333333333333333,0.0,0.014147002856797257,0.9161324770120648,0.0,0.5081411164497791,0.0,0.0,0.0,0.0,0.7793763665385687,0.525908230228561,0.0,0.0,mothbeans
0.40540540540540543,0.0625,0.0,0.1956521739130435,0.6086956521739131,0.0,0.37037037037037035,0.16666666666666666,0.0,0.0033507284422766184,0.9801359130620418,0.0,0.3550056710092078,0.0,0.0,0.0,0.0,0.41669358920496713,0.6215097524019548,0.0,0.0,mothbeans
0.6756756756756757,0.0,0.0,0.2608695652173913,0.4782608695652174,0.0,0.4074074074074074,0.08333333333333333,0.0,0.0,0.0,0.18778200722292115,0.2660067213902969,0.12851936375905249,0.0,0.0,0.0,0.5010760097107115,0.3267815496991945,0.19526422858097506,0.0,mothbeans
0.0,0.9576719576719577,0.019417475728155338,0.32608695652173914,0.34782608695652173,0.0,0.37037037037037035,0.16666666666666666,0.0,0.0,0.0,0.2071429152876305,0.3015918516951528,0.011936775782671945,0.0,0.0,0.0,0.7541116410497999,0.8148571957907274,0.0,0.0,mothbeans
0.13513513513513514,0.6875,0.0,0.21739130434782608,0.5652173913043478,0.0,0.5925925925925926,0.0,0.0,0.0,0.0,0.16803283961790402,0.2881311197595759,0.05603629014897803,0.0,0.0,0.0,0.36388188715937597,0.35253321536311544,0.131847898765365,0.0,mothbeans
0.1891891891891892,0.5625,0.0,0.21739130434782608,0.5652173913043478,0.0,0.6296296296296297,0.0,0.0,0.04570595877282133,0.7290418623034745,0.0,0.5482479394429415,0.0,0.0,0.184895319796813,0.0,0.0,0.5731130945034274,0.0,0.0,mothbeans
0.4864864864864865,0.0,0.0,0.32608695652173914,0.34782608695652173,0.0,0.37037037037037035,0.16666666666666666,0.0,0.009050395455490969,0.9463466391718018,0.0,0.3310348847436725,0.0,0.0,0.08906039014532341,0.42631297548740676,0.0,0.5065792077333192,0.0,0.0,mothbeans
0.8918918918918919,0.0,0.0,0.10869565217391304,0.782608695652174,0.0,0.6296296296296297,0.0,0.0,0.0,0.0,0.2995030245909372,0.2728866810931114,0.10597951353352505,0.0,0.0,0.0,0.0,0.41651778593085587,0.0,0.0,mothbeans
0.43243243243243246,0.0,0.0,0.2608695652173913,0.4782608695652174,0.0,0.4444444444444444,0.0,0.0,0.0,0.5062022375283034,0.08093818552734597,0.42547433853981564,0.0,0.0,0.0,0.0,0.2743446556387332,0.4570513584182827,0.0,0.0,mothbeans
0.05405405405405406,0.875,0.0,0.0,0.6470588235294118,0.06382978723404255,0.25925925925925924,0.4166666666666667,0.0,0.0,0.4947838546827586,0.08280976790258594,0.5770750278444903,0.0,0.0,0.0,0.0,0.5456774878921368,0.3179973064262891,0.2168964008779146,0.0,mothbeans
0.40540540540540543,0.0625,0.0,0.0,0.7647058823529411,0.0425531914893617,0.2962962962962963,0.3333333333333333,0.0,0.0,0.0,0.1642609651398005,0.34987160748079726,0.0,0.0,0.0,0.0,0.6369530809438575,0.406359875975089,0.0,0.0,mothbeans
0.05405405405405406,0.875,0.0,0.0,1.0,0.0,0.5555555555555556,0.0,0.0,0.0,0.0,0.1770556346564849,0.4625985475591747,0.0,0.0,0.9814845593183015,0.0,0.0,0.7234786079194263,0.0,0.0,mothbeans
0.5405405405405406,0.0,0.0,0.0,0.7058823529411765,0.05319148936170213,0.5555555555555556,0.0,0.0,0.0,0.20881714891238412,0.1296824515098009,0.5294744885219062,0.0,0.0,0.1604154710018073,0.0,0.0,0.3376098885661133,0.16859824441118998,0.0,mothbeans
0.24324324324324326,0.4375,0.0,0.0,0.6470588235294118,0.06382978723404255,0.5555555555555556,0.0,0.0,0.0,0.0,0.2698975316695781,0.2852927899317636,0.06533511339402759,0.0,0.0,0.0,0.8521137033934595,0.442042533476533,0.0,0.0,mothbeans
0.40540540540540543,0.0625,0.0,0.32608695652173914,0.34782608695652173,0.0,0.5925925925925926,0.0,0.0,0.0,0.0,0.27564068813872505,0.4485632681769275,0.0,0.0,0.0,0.0,0.501185326528506,0.40561888066844415,0.0011185664022008456,0.0,mothbeans
0.7027027027027027,0.0,0.0,0.21739130434782608,0.5652173913043478,0.0,0.48148148148148145,0.0,0.0,0.0,0.5746080445229121,0.06972581820116795,0.5838386373595265,0.0,0.0,0.44285487363275344,0.0,0.0,0.6795048031328524,0.0,0.0,mothbeans
0.0,0.9788359788359788,0.009708737864077669,0.2826086956521739,0.43478260869565216,0.0,0.5185185185185185,0.0,0.0,0.0,0.7597590875261456,0.03937778787764806,0.29125762401154137,0.04579336132194624,0.0,0.04482939176736513,0.7112291970452421,0.0,0.7920770403840547,0.0,0.0,mothbeans
0.3783783783783784,0.125,0.0,0.30434782608695654,0.391304347826087,0.0,0.2962962962962963,0.3333333333333333,0.0,0.0,0.0,0.17589624913615445,0.5474262209045895,0.0,0.0,0.0,0.0,0.44639227350633787,0.8158631046405413,0.0,0.0,mothbeans
0.32432432432432434,0.25,0.0,0.34782608695652173,0.30434782608695654,0.0,0.4444444444444444,0.0,0.0,0.0,0.0,0.18276249100584022,0.5605894376471355,0.0,0.0,0.0,0.0,0.711686060328119,0.307642103023168,0.24239723654774467,0.0,mothbeans
0.0,0.9365079365079365,0.02912621359223301,0.13043478260869565,0.7391304347826086,0.0,0.4444444444444444,0.0,0.0,0.0,0.0,0.2090072087621195,0.3439836914990008,0.0,0.0,0.0,0.09054289024364663,0.1291871889317353,0.7571302977109646,0.0,0.0,mothbeans
0.3783783783783784,0.125,0.0,0.0,0.5882352941176471,0.07446808510638298,0.48148148148148145,0.0,0.0,0.08512247177396913,0.4953693774888073,0.0,0.3355895866671344,0.0,0.0,0.4045520222800554,0.0,0.0,0.4778975496430867,0.0,0.0,mothbeans
0.9459459459459459,0.0,0.0,0.0,0.7058823529411765,0.05319148936170213,0.3333333333333333,0.25,0.0,0.0,0.6440597141798269,0.058342023961724616,0.3123594167513999,0.0,0.0,0.0,0.0,0.320521680935722,0.7762111681292221,0.0,0.0,mothbeans
0.918918918918919,0.0,0.0,0.0,0.7058823529411765,0.05319148936170213,0.5555555555555556,0.0,0.0,0.0,0.12235481170015765,0.1438544571814796,0.40727065685063235,0.0,0.0,0.0,0.0,0.6507740267272772,0.5723801804912076,0.0,0.0,mothbeans
0.2972972972972973,0.3125,0.0,0.0,1.0,0.0,0.25925925925925924,0.4166666666666667,0.0,0.0,0.0,0.17515248087453925,0.4205344085075918,0.0,0.0,0.0,0.0,0.3895854949981186,0.5311209741485804,0.0,0.0,mothbeans
0.0,0.9576719576719577,0.019417475728155338,0.1956521739130435,0.6086956521739131,0.0,0.4444444444444444,0.0,0.0,0.0,0.0,0.20751888780800984,0.2902601590200237,0.04906121643813492,0.0,0.0,0.0,0.46462748320074415,0.7238394673445945,0.0,0.0,mothbeans
0.2702702702702703,0.375,0.0,0.0,0.5294117647058824,0.0851063829787234,0.4444444444444444,0.0,0.0,0.0,0.18639453990806526,0.1333577320102927,0.42080496837106507,0.0,0.0,0.6942270842501049,0.0,0.0,0.7883534174815238,0.0,0.0,mothbeans
0.35135135135135137,0.1875,0.0,0.13043478260869565,0.7391304347826086,0.0,0.48148148148148145,0.0,0.0,0.0,0.5748083812987222,0.06969298108370653,0.4779650588236608,0.0,0.0,0.16185373184182675,0.0,0.0,0.8053564484946846,0.0,0.0,mothbeans
0.8108108108108109,0.0,0.0,0.2391304347826087,0.5217391304347826,0.0,0.5555555555555556,0.0,0.0,0.0,0.0,0.3105472952393174,0.5972518763558503,0.0,0.0,0.0,0.0,0.600286659250276,0.5502535410353696,0.0,0.0,mothbeans
0.5945945945945946,0.0,0.0,0.13043478260869565,0.7391304347826086,0.0,0.3333333333333333,0.25,0.0,0.08313750108492322,0.5071368576101496,0.0,0.2875379972463234,0.05797945452661695,0.0,0.0,0.0,0.22767465011692475,0.654294295405532,0.0,0.0,mothbeans
0.2972972972972973,0.3125,0.0,0.0,0.9411764705882353,0.010638297872340425,0.3333333333333333,0.25,0.0,0.0,0.0,0.24283397539526333,0.46619721144293863,0.0,0.0,0.5113030735262986,0.0,0.0,0.5617516003674049,0.0,0.0,mothbeans
0.4594594594594595,0.0,0.0,0.13043478260869565,0.7391304347826086,0.0,0.5925925925925926,0.0,0.0,0.0,0.0,0.24013962128368654,0.3904699794880363,0.0,0.0,0.6159768390031345,0.0,0.0,0.6621127380006305,0.0,0.0,mothbeans
0.08108108108108109,0.8125,0.0,0.0,0.8235294117647058,0.031914893617021274,0.2962962962962963,0.3333333333333333,0.0,0.0,0.0,0.3105215882555673,0.5876876820255293,0.0,0.0,0.47907577495796977,0.0,0.0,0.349149189128393,0.1401814382966157,0.0,mothbeans
0.4864864864864865,0.0,0.0,0.0,1.0,0.0,0.25925925925925924,0.4166666666666667,0.0,0.0,0.5929574979610361,0.06671816693262782,0.48679573775182633,0.0,0.0,0.9929411924383659,0.0,0.0,0.6829907944289079,0.0,0.0,mothbeans
0.21621621621621623,0.5,0.0,0.21739130434782608,0.5652173913043478,0.0,0.4074074074074074,0.08333333333333333,0.0,0.0,0.0,0.3261245098091851,0.2661624837328443,0.12800906137016496,0.0,0.0,0.0,0.6965013609823728,0.40585356222472396,0.0005406370686612704,0.0,mothbeans
0.4594594594594595,0.0,0.0,0.021739130434782608,0.9565217391304348,0.0,0.37037037037037035,0.16666666666666666,0.0,0.0,0.0,0.2986288283763899,0.5141758496853497,0.0,0.0,0.0,0.0,0.8495167076838943,0.7574927062339586,0.0,0.0,mothbeans
0.7027027027027027,0.0,0.0,0.2391304347826087,0.5217391304347826,0.0,0.3333333333333333,0.25,0.0,0.0,0.0,0.2220435853307299,0.2631673569043183,0.13782157671001755,0.0,0.21256742708795565,0.0,0.0,0.5983388325480141,0.0,0.0,mothbeans
0.5945945945945946,0.0,0.0,0.0,0.8235294117647058,0.031914893617021274,0.6296296296296297,0.0,0.0,0.0,0.0,0.242152928412271,0.35401743759698173,0.0,0.0,0.0,0.0,0.5498255996946543,0.6698303680149578,0.0,0.0,mothbeans
0.05405405405405406,0.875,0.0,0.0,0.7647058823529411,0.0425531914893617,0.37037037037037035,0.16666666666666666,0.0,0.0,0.0,0.29264790139278996,0.4205411634616801,0.0,0.0,0.0,0.0,0.6295885606564195,0.5270589380005748,0.0,0.0,mothbeans
0.7567567567567568,0.0,0.0,0.0,0.5294117647058824,0.0851063829787234,0.25925925925925924,0.4166666666666667,0.0,0.0,0.0,0.26523056789833294,0.3067298688531259,0.0,0.0,0.0,0.0,0.3630026145017505,0.7968871600495779,0.0,0.0,mothbeans
0.0,0.9365079365079365,0.02912621359223301,0.13043478260869565,0.7391304347826086,0.0,0.5185185185185185,0.0,0.0,0.0,0.0,0.26764383796615415,0.3816036381536946,0.0,0.0,0.3985077393036727,0.0,0.0,0.8565577874542091,0.0,0.0,mothbeans
0.05405405405405406,0.875,0.0,0.2826086956521739,0.43478260869565216,0.0,0.48148148148148145,0.0,0.0,0.016204915097972464,0.9039325782815016,0.0,0.261138938792383,0.14446699941780825,0.0,0.0,0.0,0.7657241031858315,0.8325658272679064,0.0,0.0,mothbeans
0.6216216216216216,0.0,0.0,0.0,0.5882352941176471,0.07446808510638298,0.5555555555555556,0.0,0.0,0.0,0.0,0.2731761108700886,0.3096951683488327,0.0,0.0,0.62300075896906,0.0,0.0,0.8221461196456348,0.0,0.0,mothbeans
0.0,0.9365079365079365,0.02912621359223301,0.0,0.7647058823529411,0.0425531914893617,0.5185185185185185,0.0,0.0,0.0,0.0,0.26464228014340707,0.6022876207784325,0.0,0.0,0.0,0.0,0.19684895505598388,0.6283933678370975,0.0,0.0,mothbeans
0.5135135135135135,0.0,0.0,0.32608695652173914,0.34782608695652173,0.0,0.3333333333333333,0.25,0.0,0.09422510529277293,0.4414063343186968,0.0,0.40333563814703655,0.0,0.0,0.0,0.0,0.22479291507523652,0.8014532530738225,0.0,0.0,mothbeans
0.05405405405405406,0.875,0.0,0.0,0.9411764705882353,0.010638297872340425,0.6296296296296297,0.0,0.0,0.0,0.0,0.17147501746554997,0.29186092486690024,0.0438168510648936,0.0,0.0,0.0,0.0,0.3910143433358643,0.037083857672072486,0.0,mothbeans
0.8918918918918919,0.0,0.0,0.0,0.5294117647058824,0.0851063829787234,0.37037037037037035,0.16666666666666666,0.0,0.0,0.0,0.20682537567621526,0.4752679082612033,0.0,0.0,0.0,0.0,0.7091160631292791,0.7022453728950244,0.0,0.0,mothbeans
0.40540540540540543,0.0625,0.0,0.0,1.0,0.0,0.5925925925925926,0.0,0.0,0.0,0.2010883964693245,0.1309492681028938,0.2888184553669472,0.05378446858111572,0.0,0.0,0.0,0.6309151702553731,0.331691828685645,0.1831721225496484,0.0,mothbeans
0.10810810810810811,0.75,0.0,0.08695652173913043,0.8260869565217391,0.0,0.5555555555555556,0.0,0.0,0.04356123866197697,0.7417563831825384,0.0,0.4862610366508792,0.0,0.0,0.0,0.0,0.6257664830927858,0.41455088617450453,0.0,0.0,mothbeans
0.9459459459459459,0.0,0.0,0.0,1.0,0.0,0.5555555555555556,0.0,0.0,0.0,0.9061312534623671,0.01538598713864732,0.521176035126645,0.0,0.0,0.20084853808756026,0.0,0.0,0.7545918379183485,0.0,0.0,mothbeans
0.5675675675675675,0.0,0.0,0.0,1.0,0.0,0.4074074074074074,0.08333333333333333,0.0,0.0,0.0,0.29988400795398523,0.4605655019533155,0.0,0.0,0.9906665685906616,0.0,0.0,0.8312039516774276,0.0,0.0,mothbeans
0.4864864864864865,0.0,0.0,0.0,0.7647058823529411,0.0425531914893617,0.4444444444444444,0.0,0.0,0.0,0.38082174701922056,0.1014892494923542,0.0,0.22623240310154613,0.3758282330699771,0.0,0.0,0.21659440274029942,0.5375824602252758,0.0,0.0,mungbean
0.7837837837837838,0.0,0.0,0.0,0.8235294117647058,0.031914893617021274,0.4444444444444444,0.0,0.0,0.0,0.07681868004641214,0.15131826555019362,0.0,0.9683805477576156,0.015357948451872662,0.0,0.0,0.17355017561510444,0.7510409826213217,0.0,0.0,mungbean
0.02702702702702703,0.9375,0.0,0.0,0.7647058823529411,0.0425531914893617,0.4444444444444444,0.0,0.0,0.0,0.5220960053678337,0.07833304466221656,0.0,0.5916384018734954,0.19834614229478725,0.0,0.5769664089245431,0.060091366451988676,0.5300455576208882,0.0,0.0,mungbean
0.7297297297297297,0.0,0.0,0.0,0.7058823529411765,0.05319148936170213,0.5925925925925926,0.0,0.0,0.0,0.13072305624961544,0.1424828217036436,0.0,0.939592091332943,0.029340848167840834,0.0,0.19144731116339433,0.11485384836012874,0.7837298825972178,0.0,0.0,mungbean
0.40540540540540543,0.0625,0.0,0.0,0.7058823529411765,0.05319148936170213,0.5555555555555556,0.0,0.0,0.0,0.0,0.23677793998477012,0.0,0.27662115376073826,0.3513538105137,0.0,0.0659102403324327,0.13268622452542242,0.6712819628240952,0.0,0.0,mungbean
0.7567567567567568,0.0,0.0,0.0,0.6470588235294118,0.06382978723404255,0.2962962962962963,0.3333333333333333,0.0,0.0,0.0,0.23752182994934246,0.0,0.024667248100251078,0.47373085442070606,0.0,0.0,0.2108450866046613,0.6948187229248776,0.0,0.0,mungbean
0.08108108108108109,0.8125,0.0,0.0,0.5294117647058824,0.0851063829787234,0.3333333333333333,0.25,0.0,0.0,0.0,0.16393545343148774,0.0,0.707099757679417,0.1422651723571197,0.0,0.0,0.1455134959989948,0.5141554448314573,0.0,0.0,mungbean
0.16216216216216217,0.625,0.0,0.0,1.0,0.0,0.25925925925925924,0.4166666666666667,0.0,0.0,0.34618232744331573,0.10716698232403114,0.0,0.46208884515924054,0.261269920946256,0.0,0.0,0.21986295470942427,0.5605501470170855,0.0,0.0,mungbean
0.0,0.0,0.0,0.043478260869565216,0.9130434782608695,0.0,0.5185185185185185,0.0,0.0,0.0,0.0,0.22597602528635616,0.0,0.21241762900942363,0.3825382350888193,0.0,0.0,0.16098087288020485,0.7104917006879713,0.0,0.0,mungbean
0.43243243243243246,0.0,0.0,0.2608695652173913,0.4782608695652174,0.0,0.4444444444444444,0.0,0.0,0.0,0.14079446545618432,0.14083202121641009,0.0,0.8262743598058503,0.08438063399763485,0.0,0.0,0.18225885541664721,0.6444290275091483,0.0,0.0,mungbean
0.24324324324324326,0.4375,0.0,0.34782608695652173,0.30434782608695654,0.0,0.37037037037037035,0.16666666666666666,0.0,0.0,0.0,0.217498840647948,0.0,0.3393243764354132,0.32089810071133024,0.0,0.0,0.2084069372708352,0.46875182583246544,0.0,0.0,mungbean
0.5405405405405406,0.0,0.0,0.0,0.9411764705882353,0.010638297872340425,0.5555555555555556,0.0,0.0,0.0,0.22886718175567383,0.12639605897943262,0.0,0.36908324377363017,0.30644386073705826,0.020572622988582062,0.8674804045942217,0.0,0.6727297630467818,0.0,0.0,mungbean
0.35135135135135137,0.1875,0.0,0.1956521739130435,0.6086956521739131,0.0,0.3333333333333333,0.25,0.0,0.0,0.11371773132332634,0.14527015742778163,0.0,0.8009612456079134,0.09667551817298972,0.0,0.9939647914445283,0.000857293455110849,0.6811952827572212,0.0,0.0,mungbean
0.24324324324324326,0.4375,0.0,0.10869565217391304,0.782608695652174,0.0,0.5925925925925926,0.0,0.0,0.0,0.0,0.18860809591803934,0.0,0.5263903075126843,0.23003792689923475,0.0,0.5203694155204368,0.06813089509102835,0.6557714903119943,0.0,0.0,mungbean
0.43243243243243246,0.0,0.0,0.2826086956521739,0.43478260869565216,0.0,0.4074074074074074,0.08333333333333333,0.0,0.0,0.0,0.2299464432029987,0.0,0.3690350506469858,0.3064672687186092,0.0,0.5735392126193152,0.06057819518952885,0.7678059784454951,0.0,0.0,mungbean
0.08108108108108109,0.8125,0.0,0.0,0.47058823529411764,0.09574468085106383,0.25925925925925924,0.4166666666666667,0.0,0.0,0.0,0.2315384506511533,0.0,0.5044206529492401,0.24070885249605914,0.0,0.2603039525272683,0.10507285281712547,0.7245048962796427,0.0,0.0,mungbean
0.4864864864864865,0.0,0.0,0.0,0.8823529411764706,0.02127659574468085,0.37037037037037035,0.16666666666666666,0.0,0.0,0.2354539244640501,0.12531642872618293,0.00032970520424467154,0.9989198329287872,0.0,0.0,0.1419140676792796,0.12188998059301469,0.6970214926158839,0.0,0.0,mungbean
0.16216216216216217,0.625,0.0,0.0,0.5882352941176471,0.07446808510638298,0.6296296296296297,0.0,0.0,0.0,0.48984419083927283,0.08361942614527532,0.0,0.5256701840448186,0.2303876995332983,0.0,0.0,0.19843789231151426,0.5805460097136698,0.0,0.0,mungbean
0.4864864864864865,0.0,0.0,0.34782608695652173,0.30434782608695654,0.0,0.2962962962962963,0.3333333333333333,0.0,0.0,0.48983107557939987,0.08362157586205718,0.0,0.6655001253326288,0.1624706143837982,0.0,0.08089611416683594,0.13055750081367878,0.6127807518461709,0.0,0.0,mungbean
0.35135135135135137,0.1875,0.0,0.0,0.8823529411764706,0.02127659574468085,0.5555555555555556,0.0,0.0,0.0,0.0,0.1856423231902963,0.0,0.09182611138955467,0.44111098635414553,0.0012923676003964758,0.9916751484915107,0.0,0.4983984241245481,0.0,0.0,mungbean
0.6486486486486487,0.0,0.0,0.08695652173913043,0.8260869565217391,0.0,0.4444444444444444,0.0,0.0,0.0,0.0,0.2002072922215821,0.0,0.21228452433421394,0.3826028856313051,0.0,0.7604141504151258,0.03403285551748939,0.692894260947917,0.0,0.0,mungbean
0.16216216216216217,0.625,0.0,0.0,0.8823529411764706,0.02127659574468085,0.5925925925925926,0.0,0.0,0.0,0.0,0.17388678450184877,0.0,0.43606740935336086,0.27390884545029026,0.0,0.9459259441864117,0.007681148665236913,0.62046476020914,0.0,0.0,mungbean
0.24324324324324326,0.4375,0.0,0.13043478260869565,0.7391304347826086,0.0,0.3333333333333333,0.25,0.0,0.0,0.0,0.2241280909021074,0.0026347832982711633,0.9913680277959392,0.0,0.0,0.8712109764742758,0.018294311777944956,0.5104031628824405,0.0,0.0,mungbean
0.16216216216216217,0.625,0.0,0.30434782608695654,0.391304347826087,0.0,0.4074074074074074,0.08333333333333333,0.0,0.0,0.446311680068814,0.09075482184973142,0.0,0.37406817189724856,0.3040226211604853,0.0,0.4216468353129886,0.08215430805275094,0.7709357608245893,0.0,0.0,mungbean
0.10810810810810811,0.75,0.0,0.0,0.47058823529411764,0.09574468085106383,0.6296296296296297,0.0,0.0,0.0,0.0,0.18548804754288414,0.0,0.8736012079810976,0.06139341432370403,0.0,0.8279259651401928,0.024442890833670374,0.5137752896616031,0.0,0.0,mungbean
0.08108108108108109,0.8125,0.0,0.13043478260869565,0.7391304347826086,0.0,0.4074074074074074,0.08333333333333333,0.0,0.0,0.12598296305636206,0.14325976840419583,0.0,0.7748801968483118,0.10934339740600878,0.04714087082159146,0.6963396873689596,0.0,0.7749711125737654,0.0,0.0,mungbean
0.6486486486486487,0.0,0.0,0.0,0.6470588235294118,0.06382978723404255,0.25925925925925924,0.4166666666666667,0.0,0.0,0.08816822971514074,0.14945796559228922,0.0,0.39490325751163785,0.2939027693552342,0.0,0.12145443833222094,0.12479624409194963,0.5946484349474711,0.0,0.0,mungbean
0.10810810810810811,0.75,0.0,0.0,0.6470588235294118,0.06382978723404255,0.5555555555555556,0.0,0.0,0.0,0.2245364459955769,0.12710590807365715,0.0,0.12990677378097837,0.42261475038087654,0.0,0.27976464556078284,0.10230848691059397,0.4965282553139533,0.0,0.0,mungbean
0.13513513513513514,0.6875,0.0,0.0,0.6470588235294118,0.06382978723404255,0.37037037037037035,0.16666666666666666,0.0,0.0,0.0,0.1710088027555387,0.0,0.2579674440243177,0.36041414180508546,0.0,0.3093212045016895,0.0981100165010396,0.6737757226053119,0.0,0.0,mungbean
0.3783783783783784,0.125,0.0,0.0,0.5294117647058824,0.0851063829787234,0.25925925925925924,0.4166666666666667,0.0,0.0,0.24819486280518804,0.12322806683064556,0.0,0.12851590089662382,0.42329031407809936,0.035707644257318254,0.7699873967213833,0.0,0.5114003377137738,0.0,0.0,mungbean
0.05405405405405406,0.875,0.0,0.21739130434782608,0.5652173913043478,0.0,0.5185185185185185,0.0,0.0,0.0,0.0,0.17187409031361262,0.0,0.8819221724822388,0.057351821733839736,0.0,0.4384983528329597,0.07976057210381522,0.46877414570007514,0.0,0.0,mungbean
0.8378378378378378,0.0,0.0,0.06521739130434782,0.8695652173913043,0.0,0.2962962962962963,0.3333333333333333,0.0,0.0,0.0,0.1680379284611042,0.0,0.5629665530593514,0.21227240429110525,0.0,0.2665603455710313,0.1041841403957202,0.6213058459879198,0.0,0.0,mungbean
0.21621621621621623,0.5,0.0,0.32608695652173914,0.34782608695652173,0.0,0.25925925925925924,0.4166666666666667,0.0,0.0,0.09333180135217992,0.14861160671643997,0.0,0.15929005639880126,0.408342936424959,0.0,0.0,0.2009185906669142,0.6201845884877146,0.0,0.0,mungbean
0.8918918918918919,0.0,0.0,0.32608695652173914,0.34782608695652173,0.0,0.37037037037037035,0.16666666666666666,0.0,0.0,0.32156349291071773,0.11120224523590119,0.0,0.40267598588580295,0.29012746164952946,0.0,0.0,0.1674323406056401,0.6840303414055693,0.0,0.0,mungbean
0.7297297297297297,0.0,0.0,0.0,0.5294117647058824,0.0851063829787234,0.37037037037037035,0.16666666666666666,0.0,0.0,0.0,0.1665293788159081,0.0,0.3117275184427968,0.3343022267295579,0.0,0.0,0.2081567758384532,0.7758408942344746,0.0,0.0,mungbean
0.6216216216216216,0.0,0.0,0.06521739130434782,0.8695652173913043,0.0,0.4074074074074074,0.08333333333333333,0.0,0.0,0.0,0.2017667170220951,0.0,0.543281277604874,0.2218337794652623,0.0,0.0,0.1613076236340256,0.5550141594908364,0.0,0.0,mungbean
0.7837837837837838,0.0,0.0,0.021739130434782608,0.9565217391304348,0.0,0.4074074074074074,0.08333333333333333,0.0,0.0,0.0,0.1676413438853227,0.0,0.0880115925945712,0.4429637440354923,0.07058243131960616,0.5453396853468018,0.0,0.5943029336250707,0.0,0.0,mungbean
0.4594594594594595,0.0,0.0,0.2391304347826087,0.5217391304347826,0.0,0.6296296296296297,0.0,0.0,0.0,0.0,0.21987307615180565,0.0,0.19774057090728583,0.38966705882775876,0.0,0.0,0.22063819595088632,0.6673638475752676,0.0,0.0,mungbean
0.02702702702702703,0.9375,0.0,0.17391304347826086,0.6521739130434783,0.0,0.37037037037037035,0.16666666666666666,0.0,0.0,0.24799900465775057,0.12326016985799625,0.0,0.2935932203497504,0.34311027353533324,0.012040950866848428,0.9224376036997708,0.0,0.48884151483266586,0.0,0.0,mungbean
0.6216216216216216,0.0,0.0,0.0,0.6470588235294118,0.06382978723404255,0.6296296296296297,0.0,0.0,0.0,0.0,0.23660207201995445,0.0,0.7177160061110017,0.13710873274157187,0.0,0.6020977417897992,0.056521493599117185,0.7333224528577584,0.0,0.0,mungbean
0.7027027027027027,0.0,0.0,0.0,0.47058823529411764,0.09574468085106383,0.3333333333333333,0.25,0.0,0.0,0.41337371064872924,0.09615367069520321,0.0,0.15265269797625539,0.41156678128250596,0.0,0.0,0.17320787264105703,0.5862809263149042,0.0,0.0,mungbean
0.7297297297297297,0.0,0.0,0.0,0.5294117647058824,0.0851063829787234,0.6296296296296297,0.0,0.0,0.0,0.0,0.23409622915086925,0.0,0.06801532340912862,0.4526761726071721,0.03459952871933718,0.7771253792157696,0.0,0.48221953070177137,0.0,0.0,mungbean
0.8108108108108109,0.0,0.0,0.0,0.47058823529411764,0.09574468085106383,0.25925925925925924,0.4166666666666667,0.0,0.0,0.09663875371659238,0.1480695655320872,0.0,0.7586372905979969,0.11723277243340251,0.009385551865160088,0.9395424911776558,0.0,0.5199513035974989,0.0,0.0,mungbean
0.9459459459459459,0.0,0.0,0.08695652173913043,0.8260869565217391,0.0,0.6296296296296297,0.0,0.0,0.0,0.0,0.23620925636348192,0.0,0.4176496407795293,0.2828545772797704,0.008077807382828853,0.9479663936517767,0.0,0.48828638849411404,0.0,0.0,mungbean
0.4594594594594595,0.0,0.0,0.13043478260869565,0.7391304347826086,0.0,0.37037037037037035,0.16666666666666666,0.0,0.0,0.0,0.2207317131964594,0.0,0.0,0.48802887049182825,0.0,0.038218424550850186,0.13661981061635586,0.5345346780972307,0.0,0.0,mungbean
0.9459459459459459,0.0,0.0,0.2608695652173913,0.4782608695652174,0.0,0.6296296296296297,0.0,0.0,0.0,0.16519230144741745,0.13683298208338573,0.0,0.7426553381081478,0.12499539907910914,0.0,0.8926751899787597,0.01524534841779514,0.6060966963766975,0.0,0.0,mungbean
0.2702702702702703,0.375,0.0,0.2391304347826087,0.5217391304347826,0.0,0.2962962962962963,0.3333333333333333,0.0,0.0,0.2434688906225664,0.12400269896222804,0.0,0.0,0.48814093724150087,0.0,0.0,0.18175742515881826,0.5628638468465955,0.0,0.0,mungbean
0.05405405405405406,0.875,0.0,0.06521739130434782,0.8695652173913043,0.0,0.6296296296296297,0.0,0.0,0.0,0.4905475076187161,0.08350414578496315,0.0,0.26357140888105546,0.35769222863795863,0.0,0.0,0.15860566432663828,0.5335163164565243,0.0,0.0,mungbean
0.8918918918918919,0.0,0.0,0.0,0.5294117647058824,0.0851063829787234,0.25925925925925924,0.4166666666666667,0.0,0.0,0.2958199151564361,0.11542186434066198,0.0,0.8449136324999957,0.07532731495141289,0.06777098530247583,0.563449757596805,0.0,0.5390725306595726,0.0,0.0,mungbean
0.972972972972973,0.0,0.0,0.06521739130434782,0.8695652173913043,0.0,0.2962962962962963,0.3333333333333333,0.0,0.0,0.0,0.20729626765215312,0.0,0.45844417584486813,0.263040180690959,0.06581815964904847,0.5760289831838314,0.0,0.4799500841701934,0.0,0.0,mungbean
0.02702702702702703,0.9375,0.0,0.17391304347826086,0.6521739130434783,0.0,0.4074074074074074,0.08333333333333333,0.0,0.0,0.0669802641402372,0.1529308762026261,0.0,0.5371054581265622,0.22483344930359192,0.0,0.0,0.20381291272506774,0.5617380088924993,0.0,0.0,mungbean
0.7027027027027027,0.0,0.0,0.10869565217391304,0.782608695652174,0.0,0.2962962962962963,0.3333333333333333,0.0,0.0,0.3067376973751379,0.11363233520561432,0.0,0.015013715047689072,0.4784196915916727,0.0,0.9313940338546871,0.009745387457175642,0.5135804298985026,0.0,0.0,mungbean
0.08108108108108109,0.8125,0.0,0.08695652173913043,0.8260869565217391,0.0,0.48148148148148145,0.0,0.0,0.0,0.42117534289665154,0.09487490840365748,0.0,0.4749679722712621,0.2550143739249067,0.0,0.7116909393128292,0.04095392371356903,0.5587654531783957,0.0,0.0,mungbean
0.43243243243243246,0.0,0.0,0.15217391304347827,0.6956521739130435,0.0,0.5185185185185185,0.0,0.0,0.0,0.503737469797872,0.08134218457920254,0.0,0.3218183123579028,0.32940100669580497,0.0,0.0,0.20041495986778476,0.5947271607285288,0.0,0.0,mungbean
0.5405405405405406,0.0,0.0,0.0,0.5882352941176471,0.07446808510638298,0.4444444444444444,0.0,0.0,0.0,0.16713880378770815,0.13651393169571432,0.0,0.4255673062936684,0.27900887186105605,0.0,0.9913085779755227,0.0012346050925506565,0.7451383419234837,0.0,0.0,mungbean
0.32432432432432434,0.25,0.0,0.2391304347826087,0.5217391304347826,0.0,0.4074074074074074,0.08333333333333333,0.0,0.0,0.2795727744258924,0.1180849264091399,0.0,0.929726566988944,0.0341326520600896,0.060317356393335624,0.6114626866186551,0.0,0.6790019943753804,0.0,0.0,mungbean
0.9459459459459459,0.0,0.0,0.2826086956521739,0.43478260869565216,0.0,0.5185185185185185,0.0,0.0,0.0,0.346047317216682,0.10718911179403252,0.0,0.0020778623903948377,0.4847027908929768,0.0,0.6092112653396317,0.05551102691416406,0.6614534537533179,0.0,0.0,mungbean
0.7567567567567568,0.0,0.0,0.06521739130434782,0.8695652173913043,0.0,0.4444444444444444,0.0,0.0,0.0,0.0,0.22492491888712265,0.0,0.5980497308806041,0.19523208264427933,0.0162575223497541,0.8952763444269825,0.0,0.5193423026771646,0.0,0.0,mungbean
0.0,1.0,0.0,0.043478260869565216,0.9130434782608695,0.0,0.25925925925925924,0.4166666666666667,0.0,0.0,0.0,0.23875083730597407,0.0,0.4321536865490314,0.2758097877127637,0.003282437119983127,0.9788560146498337,0.0,0.7163061701933999,0.0,0.0,mungbean
0.02702702702702703,0.9375,0.0,0.2826086956521739,0.43478260869565216,0.0,0.6296296296296297,0.0,0.0,0.0,0.06683023177729559,0.1529554679447314,0.0,0.24807484072800107,0.36521909827033383,0.0357441049828699,0.769752533106715,0.0,0.493894723242107,0.0,0.0,mungbean
0.0,0.9365079365079365,0.02912621359223301,0.0,0.5882352941176471,0.07446808510638298,0.6296296296296297,0.0,0.0,0.0,0.0,0.21383581452886416,0.0,0.24693575809255597,0.365772364413703,0.0,0.0,0.15764895876875643,0.6926872910305207,0.0,0.0,mungbean
0.1891891891891892,0.5625,0.0,0.15217391304347827,0.6956521739130435,0.0,0.5925925925925926,0.0,0.0,0.0,0.0,0.22854914555022862,0.0,0.7447642638845693,0.12397106845140488,0.0,0.9653220720955461,0.0049259541498927525,0.5887309989924394,0.0,0.0,mungbean
0.972972972972973,0.0,0.0,0.0,0.5294117647058824,0.0851063829787234,0.3333333333333333,0.25,0.0,0.0,0.3689296420670674,0.10343847946073262,0.0,0.2925696963175227,0.3436074114745267,0.0,0.0,0.2163372442475432,0.6842473517271873,0.0,0.0,mungbean
0.7567567567567568,0.0,0.0,0.06521739130434782,0.8695652173913043,0.0,0.37037037037037035,0.16666666666666666,0.0,0.0,0.26692594128059366,0.1201578635612321,0.0,0.3006635697318407,0.33967611975826945,0.007574256875343302,0.9512100398098479,0.0,0.6075771705752455,0.0,0.0,mungbean
0.6216216216216216,0.0,0.0,0.21739130434782608,0.5652173913043478,0.0,0.5555555555555556,0.0,0.0,0.0,0.0,0.19531676343697535,0.0,0.15467526005717078,0.41058439854098033,0.0,0.0,0.18829871650722144,0.7824852234150274,0.0,0.0,mungbean
0.05405405405405406,0.875,0.0,0.0,0.9411764705882353,0.010638297872340425,0.48148148148148145,0.0,0.0,0.0,0.49126059503051484,0.08338726392437212,0.0,0.005576146639208586,0.48300363213616376,0.0,0.45140339331074864,0.07792742803963561,0.7690010686404134,0.0,0.0,mungbean
0.16216216216216217,0.625,0.0,0.06521739130434782,0.8695652173913043,0.0,0.5555555555555556,0.0,0.0,0.0,0.0,0.1815640089636774,0.0,0.317309154429621,0.33159115896324615,0.0,0.6596569284321895,0.0483452866732957,0.5501246053303259,0.0,0.0,mungbean
0.8918918918918919,0.0,0.0,0.21739130434782608,0.5652173913043478,0.0,0.4444444444444444,0.0,0.0,0.0,0.13987529701425083,0.1409826817327958,0.0,0.6488880466037936,0.17053930092650543,0.0,0.5529052903286966,0.06350921677236634,0.7691189618832297,0.0,0.0,mungbean
0.1891891891891892,0.5625,0.0,0.30434782608695654,0.391304347826087,0.0,0.25925925925925924,0.4166666666666667,0.0,0.0,0.0,0.23746450011172748,0.0049576905565757515,0.9837578114645039,0.0,0.0,0.0,0.1979994922914758,0.536747482566682,0.0,0.0,mungbean
0.7567567567567568,0.0,0.0,0.34782608695652173,0.30434782608695654,0.0,0.4444444444444444,0.0,0.0,0.0,0.3869843396583051,0.10047914150025841,0.0,0.9465047487437055,0.025983287278862555,0.0,0.019721928376372086,0.1392472136244071,0.7278133361846556,0.0,0.0,mungbean
0.4594594594594595,0.0,0.0,0.21739130434782608,0.5652173913043478,0.0,0.4444444444444444,0.0,0.0,0.0,0.0,0.20326567094230455,0.0,0.0486794855873729,0.46206782171810246,0.0,0.0,0.18461384656824345,0.5886031779948844,0.0,0.0,mungbean
0.0,1.0,0.0,0.021739130434782608,0.9565217391304348,0.0,0.3333333333333333,0.25,0.0,0.0,0.0,0.22428061181415362,0.0,0.15438526546853923,0.41072525240237506,0.0,0.7885559766097935,0.03003534603794002,0.5203641638189341,0.0,0.0,mungbean
0.08108108108108109,0.8125,0.0,0.34782608695652173,0.30434782608695654,0.0,0.4074074074074074,0.08333333333333333,0.0,0.0,0.039286387167805414,0.15747016803972644,0.0,0.7674823841093946,0.11293660407606618,0.0,0.4798687029727789,0.0738839681580649,0.49132443936776715,0.0,0.0,mungbean
0.6216216216216216,0.0,0.0,0.30434782608695654,0.391304347826087,0.0,0.6296296296296297,0.0,0.0,0.0,0.20226293110349244,0.13075675062032618,0.0,0.630343932803277,0.17954640015298207,0.0,0.6865083546710898,0.044531076814030644,0.6152313190562763,0.0,0.0,mungbean
0.3783783783783784,0.125,0.0,0.2608695652173913,0.4782608695652174,0.0,0.37037037037037035,0.16666666666666666,0.0,0.0,0.0,0.20234776289786707,0.0,0.8410261528192235,0.07721551061297377,0.0,0.1179377930961314,0.12529577893273205,0.7078136914926445,0.0,0.0,mungbean
0.8648648648648649,0.0,0.0,0.13043478260869565,0.7391304347826086,0.0,0.4074074074074074,0.08333333333333333,0.0,0.0,0.06707482833642267,0.1529153762246254,0.0,0.20461743331805882,0.3863268840010203,0.0,0.8754928263369901,0.017686080624152573,0.694064453731822,0.0,0.0,mungbean
0.40540540540540543,0.0625,0.0,0.30434782608695654,0.391304347826087,0.0,0.4444444444444444,0.0,0.0,0.0,0.31527899180486363,0.1122323351939973,0.0,0.3646304525752401,0.3086066350054929,0.0,0.6376077860281281,0.05147733841600992,0.7448293786819236,0.0,0.0,mungbean
0.0,0.9365079365079365,0.02912621359223301,0.0,1.0,0.0,0.5555555555555556,0.0,0.0,0.0,0.0,0.1693978090928523,0.0,0.40385990777944597,0.2895524165388732,0.0,0.126434364506666,0.12408885211418337,0.600783148582466,0.0,0.0,mungbean
0.2702702702702703,0.375,0.0,0.0,0.7058823529411765,0.05319148936170213,0.4444444444444444,0.0,0.0,0.0,0.0,0.19985443385876733,0.0,0.29906129443540436,0.3404543641509852,0.002158098552082349,0.9860984986150538,0.0,0.5803811483337745,0.0,0.0,mungbean
0.16216216216216217,0.625,0.0,0.2391304347826087,0.5217391304347826,0.0,0.37037037037037035,0.16666666666666666,0.0,0.0,0.0,0.21077849407067473,0.0,0.3997768800496088,0.2915355922410237,0.020385501351050068,0.8686857581221199,0.0,0.5560511693761085,0.0,0.0,mungbean
0.0,0.9788359788359788,0.009708737864077669,0.32608695652173914,0.34782608695652173,0.0,0.4074074074074074,0.08333333333333333,0.0,0.0,0.17959323478817046,0.1344725310990263,0.0,0.5344446943499741,0.22612581428860812,0.0,0.7366057086529698,0.03741481342523708,0.78690144440587,0.0,0.0,mungbean
0.8378378378378378,0.0,0.0,0.30434782608695654,0.391304347826087,0.0,0.5555555555555556,0.0,0.0,0.0,0.16034034716995713,0.13762826388764823,0.0018588869323797504,0.9939099885970424,0.0,0.0,0.3268135958634455,0.09562524526391725,0.7597860234722839,0.0,0.0,mungbean
0.8378378378378378,0.0,0.0,0.08695652173913043,0.8260869565217391,0.0,0.5185185185185185,0.0,0.0,0.0,0.0,0.1971063965727319,0.0029111817086289113,0.9904625023217873,0.0,0.0,0.41790426228222344,0.08268593564027489,0.7327194471402333,0.0,0.0,mungbean
0.35135135135135137,0.1875,0.0,0.15217391304347827,0.6956521739130435,0.0,0.5555555555555556,0.0,0.0,0.0,0.0,0.2357163898122156,0.00661705783510297,0.9783214584126331,0.0,0.0,0.515971672543056,0.06875558870966894,0.5920828599822594,0.0,0.0,mungbean
0.32432432432432434,0.25,0.0,0.0,0.5294117647058824,0.0851063829787234,0.48148148148148145,0.0,0.0,0.0,0.0,0.19182719113859092,0.0,0.6608377173563338,0.1647352020437184,0.0,0.5956967531122659,0.057430745640542125,0.6820020316073071,0.0,0.0,mungbean
0.13513513513513514,0.6875,0.0,0.0,0.7058823529411765,0.05319148936170213,0.4074074074074074,0.08333333333333333,0.0,0.0,0.3969893861899169,0.09883921849142999,0.0,0.13530835304502337,0.41999113833156004,0.0,0.44298301163508474,0.07912353220633209,0.4898215652012635,0.0,0.0,mungbean
0.7837837837837838,0.0,0.0,0.13043478260869565,0.7391304347826086,0.0,0.5185185185185185,0.0,0.0,0.0,0.21306543673541536,0.12898611642259247,0.0,0.47787703312352114,0.25360140806231446,0.0,0.0,0.16694520104591457,0.6913901294202986,0.0,0.0,mungbean
0.4864864864864865,0.0,0.0,0.2608695652173913,0.4782608695652174,0.0,0.5555555555555556,0.0,0.0,0.0,0.0,0.20369582174690065,0.0,0.8598742856129614,0.06806074570302828,0.0,0.06716065812634289,0.13250860431876008,0.6750041399019888,0.0,0.0,mungbean
0.0,0.9576719576719577,0.019417475728155338,0.30434782608695654,0.391304347826087,0.0,0.6296296296296297,0.0,0.0,0.0,0.0,0.18801011950132324,0.0,0.6500526927242539,0.1699736182908421,0.0,0.20436444155699132,0.11301898693927456,0.46911788481486677,0.0,0.0,mungbean
0.10810810810810811,0.75,0.0,0.30434782608695654,0.391304347826087,0.0,0.48148148148148145,0.0,0.0,0.0,0.21426815939080288,0.12878897865321004,0.0,0.3582297867168994,0.31171551543632753,0.0,0.0,0.21599282990482985,0.6882870672039009,0.0,0.0,mungbean
0.2972972972972973,0.3125,0.0,0.0,0.8235294117647058,0.031914893617021274,0.5555555555555556,0.0,0.0,0.0,0.00480614958672909,0.1631218094169473,0.0,0.10466067890830835,0.4348770824634615,0.05220608079294349,0.6637118801894168,0.0,0.6078236564846679,0.0,0.0,mungbean
0.43243243243243246,0.0,0.0,0.0,1.0,0.0,0.6296296296296297,0.0,0.0,0.0,0.0,0.2083438950063941,0.0,0.08021374292257888,0.4467512534578529,0.0,0.4904060132629931,0.07238715705978352,0.6237383260577215,0.0,0.0,mungbean
0.40540540540540543,0.0625,0.0,0.0,0.8235294117647058,0.031914893617021274,0.4444444444444444,0.0,0.0,0.0,5.2610383353991624e-05,0.16390096004741686,0.0,0.6659981526348049,0.16222871653003992,0.0,0.4689504781038498,0.07543488767236656,0.7213651265393651,0.0,0.0,mungbean
0.21621621621621623,0.5,0.0,0.13043478260869565,0.7391304347826086,0.0,0.5925925925925926,0.0,0.0,0.0,0.042126465305763895,0.15700465201532884,0.0,0.21480840743140933,0.3813770052394455,0.0,0.6824357999434938,0.04510957786854408,0.693135770321972,0.0,0.0,mungbean
0.8918918918918919,0.0,0.0,0.2391304347826087,0.5217391304347826,0.0,0.4074074074074074,0.08333333333333333,0.0,0.0,0.0,0.17694438708962093,0.0002371278395958219,0.9992231312072066,0.0,0.0,0.39729765662288197,0.08561307693148795,0.6773290482880889,0.0,0.0,mungbean
0.7297297297297297,0.0,0.0,0.30434782608695654,0.391304347826087,0.0,0.37037037037037035,0.16666666666666666,0.0,0.0,0.0,0.17308558627427625,0.0,0.08666100201311278,0.44361974213345495,0.0,0.0,0.18367355960113385,0.48673526324552707,0.0,0.0,mungbean
0.8918918918918919,0.0,0.0,0.15217391304347827,0.6956521739130435,0.0,0.48148148148148145,0.0,0.0,0.0,0.20427449336775844,0.1304270362876204,0.0,0.6777083637233696,0.15654092608762193,0.0,0.0033067629538521322,0.14157896633053843,0.6913055895328661,0.0,0.0,mungbean
0.4594594594594595,0.0,0.0,0.13043478260869565,0.7391304347826086,0.0,0.5555555555555556,0.0,0.0,0.0,0.130635316308567,0.1424972031208278,0.0,0.6598169002695323,0.16523102518694388,0.0,0.30623368509120397,0.0985485945814503,0.7718185194110624,0.0,0.0,mungbean
0.3783783783783784,0.125,0.0,0.13043478260869565,0.7391304347826086,0.0,0.3333333333333333,0.25,0.0,0.0,0.0,0.17579671271295294,0.0,0.3437695069254792,0.3187390473411149,0.0,0.0,0.158996572084283,0.5189536949116167,0.0,0.0,mungbean
0.32432432432432434,0.25,0.0,0.06521739130434782,0.8695652173913043,0.0,0.4074074074074074,0.08333333333333333,0.0,0.0,0.04170049611010206,0.15707447244872821,0.0,0.6816286011374899,0.1546368196007785,0.053885327386996716,0.6528949280023296,0.0,0.5667692119420432,0.0,0.0,mungbean
0.0,0.5978835978835979,0.18446601941747573,0.0,0.0,0.2978723404255319,0.6296296296296297,0.0,0.0,0.0,0.0,0.2149554540761263,0.26087691308426136,0.1453254376167825,0.0,0.0,0.0,0.29329730304974455,0.3077663815226515,0.2420911869735116,0.0,blackgram
0.32432432432432434,0.25,0.0,0.0,0.35294117647058826,0.11702127659574468,0.4074074074074074,0.08333333333333333,0.0,0.0,0.616719034598276,0.06282342336162998,0.18625883468354684,0.38978621702813926,0.0,0.0,0.0,0.17521448967216496,0.37125653725979835,0.08573964417166649,0.0,blackgram
0.0,0.8941798941798942,0.04854368932038835,0.0,0.4117647058823529,0.10638297872340426,0.37037037037037035,0.16666666666666666,0.0,0.0,0.7725076601230314,0.03728817465443155,0.2746351736539107,0.10025117177815948,0.0,0.0,0.0,0.2830747947065049,0.32998594836334133,0.18737304184384118,0.0,blackgram
0.0,0.8941798941798942,0.04854368932038835,0.0,0.0,0.23404255319148937,0.25925925925925924,0.4166666666666667,0.0,0.0,0.0,0.4667916174333257,0.20028673297059404,0.3438285748286322,0.0,0.0,0.8459196708378021,0.02188690855303062,0.2897527978488229,0.2864516325590211,0.0,blackgram
0.0,0.8518518518518519,0.06796116504854369,0.0,0.5882352941176471,0.07446808510638298,0.5185185185185185,0.0,0.0,0.0,0.17725966353150172,0.13485502579152575,0.23268299319401584,0.2376932361282593,0.0,0.0,0.21907796536855795,0.11092895019086135,0.29967370253459785,0.26202030559814843,0.0,blackgram
0.0,0.7248677248677249,0.1262135922330097,0.0,0.7647058823529411,0.0425531914893617,0.5925925925925926,0.0,0.0,0.0,0.0,0.17790283604871587,0.22861497160707075,0.25102072658528096,0.0,0.0,0.0,0.32945374388398935,0.4367370755493388,0.0,0.0,blackgram
0.05405405405405406,0.875,0.0,0.0,0.0,0.22340425531914893,0.4074074074074074,0.08333333333333333,0.0,0.0,0.0,0.46675859720823326,0.24443412988635776,0.1991946296732344,0.0,0.0,0.0,0.375030328524577,0.37521942927169455,0.07598058352953663,0.0,blackgram
0.1891891891891892,0.5625,0.0,0.0,0.23529411764705882,0.13829787234042554,0.4444444444444444,0.0,0.0,0.0,0.0,0.45724909102204847,0.28546991567744584,0.0647548210738372,0.0,0.0,0.7021918716019259,0.04230325381597768,0.3595892857713089,0.1144715436181684,0.0,blackgram
0.2702702702702703,0.375,0.0,0.0,0.23529411764705882,0.13829787234042554,0.4074074074074074,0.08333333333333333,0.0,0.0,0.0,0.40070349730624477,0.17804291925193372,0.41670287225482633,0.0,0.0,0.0,0.3187306163835264,0.28391369949624967,0.3008310591866107,0.0,blackgram
0.0,0.7248677248677249,0.1262135922330097,0.0,0.0,0.24468085106382978,0.5555555555555556,0.0,0.0,0.0,0.4931287939368597,0.08308104821993706,0.2584348328683949,0.1533260836499032,0.0,0.0,0.767797543027964,0.032984054286293946,0.28153162638656903,0.30669717813751207,0.0,blackgram
0.0,0.9576719576719577,0.019417475728155338,0.0,0.0,0.23404255319148937,0.2962962962962963,0.3333333333333333,0.0,0.0,0.979840394324227,0.0033043525676918757,0.291335146805377,0.04553938422940532,0.0,0.0,0.0,0.22763633950199613,0.3426573045686043,0.15616842328396813,0.0,blackgram
0.0,0.5767195767195767,0.1941747572815534,0.0,0.058823529411764705,0.1702127659574468,0.25925925925925924,0.4166666666666667,0.0,0.0,0.0,0.3733374793105318,0.20929691746394022,0.3143097669057732,0.0,0.0,0.0,0.3208844619921247,0.40597750853548215,0.0002354055459687655,0.0,blackgram
0.0,0.6825396825396826,0.14563106796116504,0.0,0.29411764705882354,0.1276595744680851,0.48148148148148145,0.0,0.0,0.0,0.0,0.22076900464215732,0.18351368344270996,0.39877977229410555,0.0,0.0,0.0,0.14354611492695585,0.3661766165905379,0.09824951164211503,0.0,blackgram
0.0,0.6190476190476191,0.17475728155339806,0.0,0.11764705882352941,0.1595744680851064,0.37037037037037035,0.16666666666666666,0.0,0.0,0.0,0.29394037850123117,0.1763777560149911,0.4221582137950372,0.0,0.0,0.0,0.376841271166898,0.3781234326183996,0.06882915354346397,0.0,blackgram
0.0,0.7037037037037037,0.13592233009708737,0.0,0.7058823529411765,0.05319148936170213,0.5185185185185185,0.0,0.0,0.0,0.14639935917544322,0.1399133254219219,0.24561418357638898,0.19532858472815953,0.0,0.0,0.43549510583165346,0.08018717939909532,0.32152944168312253,0.2081981264701927,0.0,blackgram
0.02702702702702703,0.9375,0.0,0.0,0.11764705882352941,0.1595744680851064,0.6296296296296297,0.0,0.0,0.0,0.0,0.24820546099037552,0.16801341085766666,0.4495611485830973,0.0,0.0,0.5122451304839347,0.06928493911870882,0.37144700275543036,0.0852706017863261,0.0,blackgram
0.0,0.5343915343915344,0.21359223300970873,0.0,0.7647058823529411,0.0425531914893617,0.48148148148148145,0.0,0.0,0.0,0.0,0.339944111844553,0.2712835472065259,0.11123163698423692,0.0,0.0,0.0,0.25849518997397813,0.34687801548333785,0.1457744550289325,0.0,blackgram
0.0,0.7248677248677249,0.1262135922330097,0.0,0.5882352941176471,0.07446808510638298,0.3333333333333333,0.25,0.0,0.0,0.2525802668564387,0.12250925707959319,0.27136619043316346,0.11096088453349189,0.0,0.0,0.0,0.33382950971808767,0.3363687961264136,0.17165457204897552,0.0,blackgram
0.1891891891891892,0.5625,0.0,0.0,0.17647058823529413,0.14893617021276595,0.25925925925925924,0.4166666666666667,0.0,0.0,0.0,0.40320440290763065,0.23980285721767813,0.21436742091253672,0.0,0.0,0.0,0.3650846391032211,0.3129261955895496,0.22938457315970792,0.0,blackgram
0.4594594594594595,0.0,0.0,0.0,0.35294117647058826,0.11702127659574468,0.5185185185185185,0.0,0.0,0.0,0.0,0.20827215221946482,0.23386983974489348,0.23380493668276656,0.0,0.0,0.0,0.26822939694917797,0.44142975377550164,0.0,0.0,blackgram
0.0,0.5555555555555556,0.20388349514563106,0.0,0.0,0.2127659574468085,0.6296296296296297,0.0,0.0,0.0,0.24830769251512516,0.12320957295989536,0.19462261969678482,0.3623851173618471,0.0,0.0,0.008822588485424812,0.14079545055236978,0.27935099024280263,0.3120672362419351,0.0,blackgram
0.32432432432432434,0.25,0.0,0.0,0.0,0.2127659574468085,0.2962962962962963,0.3333333333333333,0.0,0.0,0.022364988429693623,0.16024374745732453,0.30241832790920337,0.00922910729559623,0.0,0.0,0.0,0.2172839516443183,0.2672515775642564,0.34186338049962006,0.0,blackgram
0.0,0.6825396825396826,0.14563106796116504,0.0,0.0,0.2127659574468085,0.5925925925925926,0.0,0.0,0.0,0.2763810918982544,0.11860807376256916,0.18021830624467558,0.4095759559476126,0.0,0.0,0.0,0.1854224423634674,0.30916953330355923,0.2386357702528731,0.0,blackgram
0.0,0.9365079365079365,0.02912621359223301,0.0,0.29411764705882354,0.1276595744680851,0.5185185185185185,0.0,0.0,0.0,0.0,0.2664847461925071,0.1934589918658676,0.3661973485608757,0.0,0.0,0.3594703036441398,0.09098640278009383,0.4265262033252605,0.0,0.0,blackgram
0.4594594594594595,0.0,0.0,0.0,0.47058823529411764,0.09574468085106383,0.25925925925925924,0.4166666666666667,0.0,0.0,0.41722896255088965,0.09552175796204335,0.17190439293302853,0.436813667929542,0.0,0.0,0.39545643946098274,0.08587461941304858,0.45106829643741725,0.0,0.0,blackgram
0.0,0.7671957671957672,0.10679611650485436,0.0,0.4117647058823529,0.10638297872340426,0.4074074074074074,0.08333333333333333,0.0,0.0,0.0,0.259242400695165,0.2836240183037007,0.07080227660164921,0.0,0.0,0.5924173835049045,0.057896575789648,0.3916482167530575,0.035522874153154416,0.0,blackgram
0.0,0.746031746031746,0.11650485436893204,0.0,0.0,0.18085106382978725,0.37037037037037035,0.16666666666666666,0.0,0.0,0.0,0.16428311895039321,0.2860428779873315,0.06287770475229663,0.0,0.0,0.0,0.20000280480697818,0.42019678302866226,0.0,0.0,blackgram
0.0,0.7671957671957672,0.10679611650485436,0.0,0.35294117647058826,0.11702127659574468,0.6296296296296297,0.0,0.0,0.013881355381839032,0.9177073120451998,0.0,0.20894285505329738,0.3154697320874173,0.0,0.0,0.0,0.3172569143876559,0.38913049866371174,0.041723033895068554,0.0,blackgram
0.13513513513513514,0.6875,0.0,0.0,0.11764705882352941,0.1595744680851064,0.5555555555555556,0.0,0.0,0.0,0.0,0.5171226310833994,0.22963650603077326,0.2476740161530882,0.0,0.0,0.0,0.21005778398095154,0.3311989953680674,0.1843857791969312,0.0,blackgram
0.43243243243243246,0.0,0.0,0.0,0.29411764705882354,0.1276595744680851,0.37037037037037035,0.16666666666666666,0.0,0.02988843608232934,0.8228127098310579,0.0,0.19247521589573396,0.3694203562498908,0.0,0.0,0.12882766843619664,0.12374888643180153,0.27125788423150055,0.33199740645863257,0.0,blackgram
0.4594594594594595,0.0,0.0,0.0,0.0,0.22340425531914893,0.48148148148148145,0.0,0.0,0.0,0.0,0.380476072483593,0.24351933153003344,0.20219165564849895,0.0,0.0,0.0,0.27696096391868374,0.38907828502555597,0.04185161576396101,0.0,blackgram
0.32432432432432434,0.25,0.0,0.0,0.17647058823529413,0.14893617021276595,0.4074074074074074,0.08333333333333333,0.0,0.0,0.0,0.45720584332298164,0.17942767925217867,0.4121661766414706,0.0,0.0,0.08703783151114693,0.12968507792488815,0.34321234531498057,0.15480157395108748,0.0,blackgram
0.0,0.9153439153439153,0.038834951456310676,0.0,0.0,0.2872340425531915,0.4074074074074074,0.08333333333333333,0.0,0.023854737361284326,0.8585822202575285,0.0,0.3035533738934925,0.005510514805221951,0.0,0.0,0.6865850438069293,0.044520183222926224,0.321201746614027,0.2090051118843372,0.0,blackgram
0.0,0.6613756613756614,0.1553398058252427,0.0,0.058823529411764705,0.1702127659574468,0.5555555555555556,0.0,0.0,0.0,0.0,0.3417708704674296,0.17299099015387367,0.4332538013501921,0.0,0.0,0.0,0.24840900237229407,0.4473657297458693,0.0,0.0,blackgram
0.0,0.9576719576719577,0.019417475728155338,0.0,0.47058823529411764,0.09574468085106383,0.4074074074074074,0.08333333333333333,0.0,0.0,0.0,0.5144415127216225,0.2548309766649093,0.16513289394672412,0.0,0.0,0.0,0.15610375883849667,0.4037118087712525,0.005814942240282084,0.0,blackgram
0.32432432432432434,0.25,0.0,0.0,0.0,0.26595744680851063,0.5555555555555556,0.0,0.0,0.0,0.0,0.3397924931939764,0.17877931677588807,0.41429031598802285,0.0,0.0,0.0,0.23250503342483775,0.4361510816450662,0.0,0.0,blackgram
0.43243243243243246,0.0,0.0,0.0,0.0,0.2872340425531915,0.48148148148148145,0.0,0.0,0.0,0.4725216764242085,0.08645875226637527,0.20709735486988612,0.32151588635606165,0.0,0.0,0.007124268191751459,0.14103669472132696,0.33508870097984744,0.17480694817366785,0.0,blackgram
0.0,0.5767195767195767,0.1941747572815534,0.0,0.47058823529411764,0.09574468085106383,0.5555555555555556,0.0,0.0,0.0,0.7843244822685144,0.03535128425953113,0.1901066462472395,0.37718016988716474,0.0,0.0,0.0,0.30756385559747135,0.28505254612156466,0.2980265231949232,0.0,blackgram
0.0,0.5978835978835979,0.18446601941747573,0.0,0.0,0.2553191489361702,0.6296296296296297,0.0,0.0,0.0,0.0,0.25462909852376336,0.3082045525939302,0.0,0.0,0.0,0.0,0.2071844921347542,0.3816943888159298,0.06003527826816678,0.0,blackgram
0.0,0.746031746031746,0.11650485436893204,0.0,0.0,0.22340425531914893,0.6296296296296297,0.0,0.0,0.0,0.0,0.3296916622108863,0.19085536225939193,0.37472725627947806,0.0,0.0,0.0,0.20283483137565966,0.2678675576625511,0.3403464612609535,0.0,blackgram
0.35135135135135137,0.1875,0.0,0.0,0.0,0.30851063829787234,0.48148148148148145,0.0,0.0,0.0,0.0,0.22571646330420592,0.17198024707439324,0.43656515760983083,0.0,0.0,0.23185221293331304,0.10911438508833454,0.39116908287172136,0.03670279442088348,0.0,blackgram
0.0,0.746031746031746,0.11650485436893204,0.0,0.0,0.26595744680851063,0.5185185185185185,0.0,0.0,0.0,0.5089509037224476,0.08048765279657617,0.19287733214483135,0.3681029589947588,0.0,0.0,0.0,0.27594702377444413,0.4607543448999375,0.0,0.0,blackgram
0.24324324324324326,0.4375,0.0,0.0,0.0,0.18085106382978725,0.48148148148148145,0.0,0.0,0.0,0.0,0.500094957902629,0.28826000862699974,0.05561402956999775,0.0,0.0,0.0,0.3630898016916281,0.30052274289387754,0.25992944964523496,0.0,blackgram
0.0,0.6190476190476191,0.17475728155339806,0.0,0.0,0.2872340425531915,0.4074074074074074,0.08333333333333333,0.0,0.0,0.0,0.4312541149256572,0.26483710293239404,0.13235122121184514,0.0,0.0,0.643313430057058,0.05066685916939643,0.4191627574840351,0.0,0.0,blackgram
0.0,0.7248677248677249,0.1262135922330097,0.0,0.23529411764705882,0.13829787234042554,0.25925925925925924,0.4166666666666667,0.0,0.0,0.0,0.17935134409313047,0.258261897858292,0.15389264644893752,0.0,0.0,0.3794548763158941,0.08814762045845408,0.32967931780994697,0.18812815355425938,0.0,blackgram
0.08108108108108109,0.8125,0.0,0.0,0.0,0.30851063829787234,0.48148148148148145,0.0,0.0,0.0,0.0,0.3260914508604242,0.2630333507755743,0.13826060225691947,0.0,0.0,0.8071135100118536,0.027399272771811832,0.3132265649212606,0.22864488040138783,0.0,blackgram
0.4594594594594595,0.0,0.0,0.0,0.0,0.18085106382978725,0.3333333333333333,0.25,0.0,0.002926537649242693,0.9826506387213323,0.0,0.24947313927389325,0.18268602761941527,0.0,0.0,0.0,0.36531926113572327,0.4244055393016445,0.0,0.0,blackgram
0.0,0.6190476190476191,0.17475728155339806,0.0,0.058823529411764705,0.1702127659574468,0.5925925925925926,0.0,0.0,0.0,0.0,0.4854065981153184,0.16279489801927158,0.46665783270020017,0.0,0.0,0.6556866085036206,0.04890926540877326,0.3294532152953918,0.18868495604704946,0.0,blackgram
0.3783783783783784,0.125,0.0,0.0,0.0,0.20212765957446807,0.6296296296296297,0.0,0.0,0.0,0.0,0.49799364791882694,0.26217851124509095,0.14106119351271912,0.0,0.0,0.0,0.27879356440016007,0.4614439173919078,0.0,0.0,blackgram
0.0,0.6613756613756614,0.1553398058252427,0.0,0.0,0.24468085106382978,0.6296296296296297,0.0,0.0,0.0,0.0,0.21220265267250826,0.23453639323642825,0.23162120065588984,0.0,0.0,0.0,0.3111218194877737,0.3039184293546988,0.2515671955153383,0.0,blackgram
0.2972972972972973,0.3125,0.0,0.0,0.058823529411764705,0.1702127659574468,0.5925925925925926,0.0,0.0,0.0,0.0,0.1940851118069994,0.1897961462527969,0.3781974176141972,0.0,0.0,0.0,0.21400376962639114,0.3621147092996105,0.10825240837911254,0.0,blackgram
0.10810810810810811,0.75,0.0,0.0,0.0,0.30851063829787234,0.37037037037037035,0.16666666666666666,0.0,0.0,0.0,0.16437466446805857,0.22284171662146168,0.2699348348519578,0.0,0.0,0.6612166298587021,0.048123733132504794,0.3319339696201194,0.18257582367085384,0.0,blackgram
0.0,1.0,0.0,0.0,0.0,0.2978723404255319,0.48148148148148145,0.0,0.0,0.0,0.3435096426813679,0.10760506096990399,0.16801728882473604,0.4495484437416885,0.0,0.0,0.0,0.204811446516137,0.34101372450041645,0.1602159212999351,0.0,blackgram
0.10810810810810811,0.75,0.0,0.0,0.0,0.2553191489361702,0.4074074074074074,0.08333333333333333,0.0,0.0,0.0,0.4120301459220949,0.17419573987027043,0.4293068482661906,0.0,0.0,0.4672860288284598,0.07567132050762661,0.436196499880637,0.0,0.0,blackgram
0.40540540540540543,0.0625,0.0,0.0,0.7647058823529411,0.0425531914893617,0.4444444444444444,0.0,0.0,0.0,0.0,0.46216134378453044,0.15875751083174056,0.47988495995680086,0.0,0.0,0.0,0.28446499977809403,0.45145679597373545,0.0,0.0,blackgram
0.4594594594594595,0.0,0.0,0.0,0.0,0.18085106382978725,0.5555555555555556,0.0,0.0,0.0,0.0,0.25004629511345716,0.30742739518648476,0.0,0.0,0.0,0.6917962507928611,0.04377993810940536,0.3099243187286095,0.2367770275183375,0.0,blackgram
0.0,0.873015873015873,0.05825242718446602,0.0,0.0,0.18085106382978725,0.4444444444444444,0.0,0.0,0.0,0.0,0.2201403983570688,0.21592156050174754,0.2926063749791207,0.0,0.0,0.0,0.30552994205379874,0.3406095669538483,0.1612112040364046,0.0,blackgram
0.0,0.8518518518518519,0.06796116504854369,0.0,0.0,0.26595744680851063,0.37037037037037035,0.16666666666666666,0.0,0.0,0.4377595856309579,0.09215659208618172,0.18818691194554762,0.3834695270203527,0.0,0.0,0.0,0.38468476188909545,0.3475937186369641,0.1440119567178418,0.0,blackgram
0.08108108108108109,0.8125,0.0,0.0,0.47058823529411764,0.09574468085106383,0.5925925925925926,0.0,0.0,0.0,0.0,0.3185638363971818,0.24500790862626037,0.19731483859615792,0.0,0.0,0.0,0.25569752962686676,0.4153823749138532,0.0,0.0,blackgram
0.43243243243243246,0.0,0.0,0.0,0.0,0.22340425531914893,0.5555555555555556,0.0,0.0,0.0,0.0,0.32762182295225234,0.2101621482788763,0.31147513213731787,0.0,0.0,0.0,0.32919290709129434,0.44412172266622035,0.0,0.0,blackgram
0.32432432432432434,0.25,0.0,0.0,0.0,0.18085106382978725,0.48148148148148145,0.0,0.0,0.0,0.0,0.21027693792825838,0.24492958616595417,0.19757143552417106,0.0,0.0,0.0,0.19469971508574174,0.36689241873104633,0.0964867695648599,0.0,blackgram
0.0,0.9153439153439153,0.038834951456310676,0.0,0.35294117647058826,0.11702127659574468,0.6296296296296297,0.0,0.0,0.0,0.0,0.2094015213649667,0.24652774626301324,0.19233560700479915,0.0,0.0,0.0,0.2660732693188538,0.39682730218627527,0.022768802464645518,0.0,blackgram
0.24324324324324326,0.4375,0.0,0.0,0.17647058823529413,0.14893617021276595,0.3333333333333333,0.25,0.0,0.0,0.058991194376215216,0.15424036129934804,0.280667593218031,0.08048799883149417,0.0,0.0,0.0,0.2792359469897007,0.27623947824359935,0.3197296792754029,0.0,blackgram
0.05405405405405406,0.875,0.0,0.0,0.23529411764705882,0.13829787234042554,0.6296296296296297,0.0,0.0,0.0,0.029440542881039002,0.15908399627492695,0.2557890819066184,0.16199398767673795,0.0,0.0,0.8493780766951077,0.021395646539575076,0.3394243257527937,0.16412999181107019,0.0,blackgram
0.0,0.6825396825396826,0.14563106796116504,0.0,0.5882352941176471,0.07446808510638298,0.5925925925925926,0.0,0.0,0.0,0.0,0.2789356883873447,0.2918980366402376,0.04369526694975903,0.0,0.0,0.0,0.21150454387562256,0.3147508132890835,0.22489124991875117,0.0,blackgram
0.0,0.5555555555555556,0.20388349514563106,0.0,0.0,0.2553191489361702,0.25925925925925924,0.4166666666666667,0.0,0.020433460496064246,0.8788645386430141,0.0,0.28855121196725003,0.0546600007736184,0.0,0.0,0.0,0.23838622392087183,0.351219570628713,0.13508289446718166,0.0,blackgram
0.08108108108108109,0.8125,0.0,0.0,0.11764705882352941,0.1595744680851064,0.48148148148148145,0.0,0.0,0.0,0.0,0.4077940770030708,0.3064546167068875,0.0,0.0,0.0,0.0,0.3309349819645924,0.2869258346932889,0.29341334253877954,0.0,blackgram
0.0,0.6825396825396826,0.14563106796116504,0.0,0.0,0.20212765957446807,0.5925925925925926,0.0,0.0,0.0,0.0,0.446420871335808,0.20945336892416566,0.313797206856969,0.0,0.0,0.0,0.3161687150912282,0.36892262012978366,0.09148717368726896,0.0,blackgram
0.3783783783783784,0.125,0.0,0.0,0.6470588235294118,0.06382978723404255,0.48148148148148145,0.0,0.0,0.0,0.0,0.4005656106216168,0.18840277870005084,0.3827623129485635,0.0,0.0,0.0,0.2353119150200407,0.28749188990695557,0.2920193688598644,0.0,blackgram
0.0,0.8941798941798942,0.04854368932038835,0.0,0.5882352941176471,0.07446808510638298,0.25925925925925924,0.4166666666666667,0.0,0.0,0.3723026938562374,0.1028856039472053,0.2653916454272805,0.13053445115528237,0.0,0.0,0.8223503438637676,0.025234900518923492,0.34032487103630005,0.16191229927583578,0.0,blackgram
0.0,1.0,0.0,0.0,0.35294117647058826,0.11702127659574468,0.5555555555555556,0.0,0.0,0.0,0.9706125568776831,0.004816883559177217,0.16053142629231856,0.4740733287087546,0.0,0.0,0.0,0.19834776100022355,0.27120177916316424,0.33213557140548994,0.0,blackgram
0.0,0.8518518518518519,0.06796116504854369,0.0,0.0,0.2553191489361702,0.37037037037037035,0.16666666666666666,0.0,0.0,0.0,0.24529491595825798,0.2465470693462202,0.19227230148845986,0.0,0.0,0.0,0.3274932732637599,0.31688601753467815,0.21963307289713702,0.0,blackgram
0.43243243243243246,0.0,0.0,0.0,0.0,0.30851063829787234,0.4444444444444444,0.0,0.0,0.0,0.1198062764066684,0.1442721865396989,0.18428262036945128,0.39626061173063065,0.0,0.0,0.0,0.2637642539250759,0.4090576363351285,0.0,0.0,blackgram
0.0,0.5978835978835979,0.18446601941747573,0.0,0.0,0.26595744680851063,0.5925925925925926,0.0,0.0,0.0,0.09753600489202527,0.14792249746572272,0.2912263569770292,0.04589579713630325,0.0,0.0,0.0,0.3099976391758759,0.42285235676006083,0.0,0.0,blackgram
0.21621621621621623,0.5,0.0,0.0,0.0,0.26595744680851063,0.6296296296296297,0.0,0.0,0.0,0.006726492282325911,0.1628070468457394,0.2457313939908374,0.19494458463213302,0.0,0.0,0.0,0.17109819312710592,0.33726533532105063,0.16944674495143072,0.0,blackgram
0.0,0.873015873015873,0.05825242718446602,0.0,0.4117647058823529,0.10638297872340426,0.4444444444444444,0.0,0.0,0.0,0.5703023850316926,0.07043155705460773,0.2848213074868308,0.06687976541988228,0.0,0.0,0.23944923684550262,0.10803523781142131,0.4199160682858287,0.0,0.0,blackgram
0.0,0.6190476190476191,0.17475728155339806,0.0,0.47058823529411764,0.09574468085106383,0.6296296296296297,0.0,0.0,0.0,0.0,0.3982438467945972,0.17659421931010977,0.42144904536061994,0.0,0.0,0.0,0.2102532888562646,0.4119342933166006,0.0,0.0,blackgram
0.0,0.8518518518518519,0.06796116504854369,0.0,0.29411764705882354,0.1276595744680851,0.6296296296296297,0.0,0.0,0.0,0.7216848097395429,0.045618526887656004,0.24105945326061423,0.21025061095648664,0.0,0.0,0.0,0.26036252134466653,0.4206227138048611,0.0,0.0,blackgram
0.21621621621621623,0.5,0.0,0.0,0.058823529411764705,0.1702127659574468,0.4074074074074074,0.08333333333333333,0.0,0.0,0.0,0.23196129319316447,0.2580265207521354,0.15466377955849878,0.0,0.0,0.606338979723973,0.055919031316477665,0.4265668262558453,0.0,0.0,blackgram
0.0,0.7883597883597884,0.0970873786407767,0.0,0.29411764705882354,0.1276595744680851,0.5925925925925926,0.0,0.0,0.0,0.37854742055715046,0.10186203339525278,0.20189504800120356,0.3385594771200261,0.0,0.0,0.5250160707707957,0.06747084381066663,0.29951805242658175,0.26240361123416456,0.0,blackgram
0.0,0.9365079365079365,0.02912621359223301,0.0,0.0,0.18085106382978725,0.5555555555555556,0.0,0.0,0.0,0.0,0.47174305025012475,0.23143315799506245,0.2417878964762664,0.0,0.0,0.0,0.3726744564727089,0.3276301610260199,0.19317442916801428,0.0,blackgram
0.0,0.5555555555555556,0.20388349514563106,0.0,0.4117647058823529,0.10638297872340426,0.6296296296296297,0.0,0.0,0.0,0.0,0.2959809664540817,0.24525377306745985,0.19650934729681901,0.0,0.0,0.0,0.2785851086954299,0.4297064118189062,0.0,0.0,blackgram
0.0,0.9153439153439153,0.038834951456310676,0.0,0.0,0.24468085106382978,0.5185185185185185,0.0,0.0,0.0,0.0,0.17474468137124402,0.29368118730465786,0.03785337969435261,0.0,0.0,0.6508163800639553,0.04960107496727383,0.2878623720893917,0.29110701543858286,0.0,blackgram
0.0,0.5555555555555556,0.20388349514563106,0.0,0.0,0.2978723404255319,0.5555555555555556,0.0,0.0,0.0,0.4434716289308769,0.09122033344856675,0.21704888407899076,0.2889130823314366,0.0,0.0,0.0,0.1756945820297154,0.4359870357349127,0.0,0.0,blackgram
0.2702702702702703,0.375,0.0,0.0,0.35294117647058826,0.11702127659574468,0.2962962962962963,0.3333333333333333,0.0,0.0,0.0,0.16769348530459063,0.20693469395043376,0.32204878958811145,0.0,0.0,0.0,0.2646209271602994,0.4365855925345662,0.0,0.0,blackgram
0.2702702702702703,0.375,0.0,0.0,0.47058823529411764,0.09574468085106383,0.5555555555555556,0.0,0.0,0.0,0.7235906635492342,0.04530613918370072,0.25411365620779164,0.16748295068623148,0.0,0.0,0.0,0.17143655142289788,0.40781327009517293,0.0,0.0,blackgram
0.0,0.6825396825396826,0.14563106796116504,0.0,0.17647058823529413,0.14893617021276595,0.4444444444444444,0.0,0.0,0.0,0.0,0.39931619644502525,0.2162119067868097,0.29165515403284653,0.0,0.0,0.2192983736794406,0.11089764147954924,0.34864245411450345,0.14142932941128478,0.0,blackgram
0.0,0.8518518518518519,0.06796116504854369,0.0,0.7647058823529411,0.0425531914893617,0.25925925925925924,0.4166666666666667,0.0,0.0,0.0,0.2231264401591525,0.21988254699589194,0.2796295486342182,0.0,0.0,0.0,0.2839174196906269,0.31751220573892236,0.2180910150665777,0.0,blackgram
0.43243243243243246,0.0,0.0,0.0,0.35294117647058826,0.11702127659574468,0.2962962962962963,0.3333333333333333,0.0,0.0,0.0,0.43658598399539184,0.2679142983452685,0.12226983604145006,0.0,0.0,0.15294852661935587,0.12032255018144421,0.39399645121713195,0.029740086616161635,0.0,blackgram
0.0,0.5132275132275133,0.22330097087378642,0.0,0.5294117647058824,0.0851063829787234,0.37037037037037035,0.16666666666666666,0.0,0.0,0.0,0.34684123915882165,0.20736916218284887,0.3206254020525159,0.0,0.0,0.0,0.21836678177951568,0.2765369129290274,0.31899721340869464,0.0,blackgram
0.10810810810810811,0.75,0.0,0.0,0.0,0.2765957446808511,0.4074074074074074,0.08333333333333333,0.0,0.0,0.0,0.2617293497333269,0.2241698007325492,0.2655838185315324,0.0,0.0,0.0,0.16746507323013415,0.3110426553790795,0.23402299961207856,0.0,blackgram
0.0,0.5343915343915344,0.21359223300970873,0.0,0.5882352941176471,0.07446808510638298,0.5555555555555556,0.0,0.0,0.0,0.005207606138938864,0.16305600684072402,0.2138364728436181,0.29943745619927775,0.0,0.0,0.0,0.26873541945522256,0.4290716441710961,0.0,0.0,blackgram
0.21621621621621623,0.5,0.0,0.0,0.29411764705882354,0.1276595744680851,0.5555555555555556,0.0,0.0,0.0,0.0,0.24493305876814261,0.19006281319792956,0.37732377397920175,0.0,0.0,0.0,0.23831543765817764,0.38034239985844037,0.06336470086762745,0.0,blackgram
0.0,0.5343915343915344,0.21359223300970873,0.0,0.29411764705882354,0.1276595744680851,0.5185185185185185,0.0,0.0,0.0,0.0,0.33504926758372,0.30718834127581574,0.0,0.0,0.0,0.7961354793699393,0.028958687617681042,0.3774180520954647,0.07056623123279646,0.0,blackgram
0.21621621621621623,0.5,0.0,0.0,0.0,0.20212765957446807,0.6296296296296297,0.0,0.0,0.0,0.0,0.26201006700862495,0.25562078058237975,0.16254536977851775,0.0,0.0,0.10238353677977205,0.12750524063013138,0.27727890788263043,0.31716996862719943,0.0,blackgram
0.0,0.5555555555555556,0.20388349514563106,0.0,0.0,0.23404255319148937,0.5925925925925926,0.0,0.0,0.0,0.0,0.4298963762659575,0.22345299979434724,0.2679321732438397,0.0,0.0,0.09927940075474143,0.12794617907883168,0.4014721676051569,0.011330306749566076,0.0,blackgram
0.0,0.6190476190476191,0.17475728155339806,0.0,0.0,0.2765957446808511,0.37037037037037035,0.16666666666666666,0.0,0.0,0.0,0.3228343926151288,0.263989775887069,0.13512720036268985,0.0,0.0,0.0,0.38050021152717484,0.40306158604299847,0.007416187749085609,0.0,blackgram
0.0,0.8941798941798942,0.04854368932038835,0.0,0.0,0.2978723404255319,0.3333333333333333,0.25,0.0,0.0,0.2851442454949922,0.11717170890731518,0.25948930494237904,0.14987146419844327,0.0,0.0,0.28439909858025253,0.10165016894111668,0.3523148679818781,0.13238560338314131,0.0,blackgram
0.0,0.8518518518518519,0.06796116504854369,0.0,0.0,0.2765957446808511,0.4074074074074074,0.08333333333333333,0.0,0.0,0.0,0.389476762392764,0.2895448148491071,0.05140479854742681,0.0,0.0,0.0,0.2569582628710455,0.44241192881247043,0.0,0.0,blackgram
0.0,0.9788359788359788,0.009708737864077669,0.0,0.35294117647058826,0.11702127659574468,0.25925925925925924,0.4166666666666667,0.0,0.0,0.0,0.3954818418814323,0.19170247726850825,0.37195197179322337,0.0,0.0,0.0,0.29313869285328276,0.4217963638965033,0.0,0.0,blackgram
0.13513513513513514,0.6875,0.0,0.0,0.0,0.26595744680851063,0.6296296296296297,0.0,0.0,0.0,0.1721649250712775,0.1356901022500396,0.25636331099693,0.160112721179571,0.0,0.0,0.0,0.3359115773389444,0.6899569267489355,0.0,0.0,lentil
0.6486486486486487,0.0,0.0,0.0,0.4117647058823529,0.10638297872340426,0.37037037037037035,0.16666666666666666,0.0,0.3671283112530266,0.0,0.0,0.2596904563235936,0.1492124600470992,0.0,0.0,0.0,0.3714445208353512,0.6434324569130327,0.0,0.0,lentil
0.0,0.9788359788359788,0.009708737864077669,0.0,0.47058823529411764,0.09574468085106383,0.4444444444444444,0.0,0.0,0.0,0.0,0.2350824014904386,0.2995452363760327,0.018641815456576637,0.0,0.0,0.0,0.30374872466751474,0.6437911033987128,0.0,0.0,lentil
0.7027027027027027,0.0,0.0,0.0,0.0,0.24468085106382978,0.5555555555555556,0.0,0.0,0.2524802343335881,0.0,0.0,0.15931994095276977,0.47804234877331714,0.0,0.0,0.5811864794779144,0.05949191096801353,0.646058016187578,0.0,0.0,lentil
0.0,1.0,0.0,0.0,0.0,0.2127659574468085,0.5925925925925926,0.0,0.0,0.0,0.767818013092753,0.038056852745426736,0.18052494548866416,0.4085713566575987,0.0,0.0,0.0,0.2563551444715477,0.6527146017926232,0.0,0.0,lentil
0.21621621621621623,0.5,0.0,0.0,0.0,0.2127659574468085,0.5185185185185185,0.0,0.0,0.20411910826816063,0.0,0.0,0.27689161224251885,0.09285871745760273,0.0,0.005000797598061294,0.9677871083930778,0.0,0.5545595874831116,0.0,0.0,lentil
0.9459459459459459,0.0,0.0,0.0,0.0,0.22340425531914893,0.5185185185185185,0.0,0.0,0.0,0.6701669889578941,0.054062791429313695,0.2944098544173505,0.03546614949333257,0.0,0.0,0.0,0.40218119967027427,0.5890525454893346,0.0,0.0,lentil
0.8378378378378378,0.0,0.0,0.0,0.5294117647058824,0.0851063829787234,0.4074074074074074,0.08333333333333333,0.0,0.0,0.6655264583395888,0.054823418869684594,0.21646222172304652,0.29083508219875104,0.0,0.09787693574123732,0.36952074943555335,0.0,0.5888002244438479,0.0,0.0,lentil
0.6486486486486487,0.0,0.0,0.0,0.23529411764705882,0.13829787234042554,0.4444444444444444,0.0,0.0,0.3853877653174024,0.0,0.0,0.2702989972438216,0.11445718039691498,0.0,0.0,0.668017053068933,0.047157741939900646,0.782226150097911,0.0,0.0,lentil
0.7837837837837838,0.0,0.0,0.0,0.5882352941176471,0.07446808510638298,0.5555555555555556,0.0,0.0,0.0,0.0,0.17447988616193047,0.17090879836063066,0.4400753952530343,0.0,0.0,0.0,0.24529730962515775,0.799842975461133,0.0,0.0,lentil
0.8378378378378378,0.0,0.0,0.0,0.0,0.2765957446808511,0.4444444444444444,0.0,0.0,0.0,0.9362902525404962,0.010442638164188184,0.30493821016032274,0.00097356933031441,0.0,0.12558298585986113,0.19105082102389676,0.0,0.6124629497055768,0.0,0.0,lentil
0.9459459459459459,0.0,0.0,0.0,0.0,0.2553191489361702,0.37037037037037035,0.16666666666666666,0.0,0.10170944809826118,0.39703698636261836,0.0,0.2821916735422548,0.0754948675162593,0.0,0.0,0.5315657184811419,0.06654047494872053,0.5667343674879136,0.0,0.0,lentil
0.918918918918919,0.0,0.0,0.0,0.0,0.19148936170212766,0.3333333333333333,0.25,0.0,0.0,0.0,0.17012936833507072,0.2610403726130236,0.14478991801268817,0.0,0.0,0.0,0.24908950808859306,0.6952849057322336,0.0,0.0,lentil
0.2702702702702703,0.375,0.0,0.0,0.0,0.30851063829787234,0.2962962962962963,0.3333333333333333,0.0,0.0,0.0475961294232238,0.156108121648534,0.2824096102171821,0.07478087205353859,0.0,0.0,0.0,0.39605338644246496,0.6140663461895584,0.0,0.0,lentil
0.0,0.9576719576719577,0.019417475728155338,0.0,0.0,0.2872340425531915,0.6296296296296297,0.0,0.0,0.25300745070932423,0.0,0.0,0.2699049137539132,0.11574826104601466,0.0,0.17109703804661702,0.0,0.0,0.7110637085092799,0.0,0.0,lentil
0.0,0.9365079365079365,0.02912621359223301,0.0,0.0,0.2978723404255319,0.5555555555555556,0.0,0.0,0.2666030179360463,0.0,0.0,0.26105463582362803,0.14474318944963746,0.0,0.0073149000192295486,0.9528807001654566,0.0,0.7521031300846975,0.0,0.0,lentil
0.0,1.0,0.0,0.0,0.35294117647058826,0.11702127659574468,0.37037037037037035,0.16666666666666666,0.0,0.09409841670623736,0.44215738088673195,0.0,0.2846784275521416,0.06734786297673424,0.0,0.0,0.0,0.27706222386077023,0.6039217612879818,0.0,0.0,lentil
0.16216216216216217,0.625,0.0,0.0,0.47058823529411764,0.09574468085106383,0.2962962962962963,0.3333333333333333,0.0,0.011563153675669112,0.9314502819767753,0.0,0.2207410465673415,0.2768169664978378,0.0,0.0,0.0,0.3695937094786229,0.5752631583008079,0.0,0.0,lentil
0.40540540540540543,0.0625,0.0,0.0,0.058823529411764705,0.1702127659574468,0.37037037037037035,0.16666666666666666,0.0,0.0,0.0,0.18982798053163158,0.24135701058904557,0.20927576547685303,0.0,0.0,0.0,0.299392525531564,0.5348271584825043,0.0,0.0,lentil
0.918918918918919,0.0,0.0,0.0,0.0,0.2872340425531915,0.5185185185185185,0.0,0.0,0.32105199338135465,0.0,0.0,0.1785177062298302,0.41514739404956297,0.0,0.0,0.07323057003504628,0.13164638129786496,0.5889691951858009,0.0,0.0,lentil
0.8918918918918919,0.0,0.0,0.0,0.0,0.30851063829787234,0.5925925925925926,0.0,0.0,0.0,0.0,0.19899331241419918,0.18807624369386428,0.3838320939430402,0.0,0.0,0.0,0.28972033741124253,0.6688647464243794,0.0,0.0,lentil
0.6486486486486487,0.0,0.0,0.0,0.4117647058823529,0.10638297872340426,0.2962962962962963,0.3333333333333333,0.0,0.43527390431169705,0.0,0.0,0.16285383864844688,0.4664647337561372,0.0,0.0,0.0,0.34326193114319353,0.6091445046244206,0.0,0.0,lentil
0.6756756756756757,0.0,0.0,0.0,0.11764705882352941,0.1595744680851064,0.4444444444444444,0.0,0.0,0.0,0.3872154125822528,0.10044126643356065,0.25757394215072654,0.15614649956438206,0.0,0.0,0.0,0.2595612966790465,0.6755734006029075,0.0,0.0,lentil
0.8918918918918919,0.0,0.0,0.0,0.4117647058823529,0.10638297872340426,0.4074074074074074,0.08333333333333333,0.0,0.045194800329694196,0.7320721573358138,0.0,0.3078146465495823,0.0,0.0,0.0,0.34785048660043577,0.0926369825421008,0.6173582871646369,0.0,0.0,lentil
0.7567567567567568,0.0,0.0,0.0,0.47058823529411764,0.09574468085106383,0.4074074074074074,0.08333333333333333,0.0,0.0,0.0,0.24038798050861862,0.19874490352425037,0.34887985511152075,0.0,0.0,0.0,0.3124560671644405,0.7299644573601801,0.0,0.0,lentil
0.5135135135135135,0.0,0.0,0.0,0.11764705882352941,0.1595744680851064,0.37037037037037035,0.16666666666666666,0.0,0.0,0.9050916649297852,0.0155563856619234,0.19515268091992707,0.3606485518736657,0.0,0.02659530607723033,0.8286849857209039,0.0,0.6291650710445597,0.0,0.0,lentil
0.13513513513513514,0.6875,0.0,0.0,0.7058823529411765,0.05319148936170213,0.5185185185185185,0.0,0.0,0.3310031593237163,0.0,0.0,0.22093436665397007,0.27618361892221016,0.0,0.0,0.0,0.20233534582198848,0.6538531361873259,0.0,0.0,lentil
0.8378378378378378,0.0,0.0,0.0,0.0,0.22340425531914893,0.6296296296296297,0.0,0.0,0.15525966402449767,0.0795758244003397,0.0,0.20787059262793056,0.31898263558020107,0.0,0.0,0.0,0.3547341090562399,0.5408405186201103,0.0,0.0,lentil
0.5945945945945946,0.0,0.0,0.0,0.0,0.2765957446808511,0.4444444444444444,0.0,0.0,0.02784573398360345,0.8349224384397635,0.0,0.20458657990617826,0.329741587388704,0.0,0.0,0.0,0.2776898567575817,0.6138455002936869,0.0,0.0,lentil
0.0,0.0,0.0,0.0,0.17647058823529413,0.14893617021276595,0.2962962962962963,0.3333333333333333,0.0,0.0,0.022210885813688165,0.1602690063529138,0.27224880549879477,0.10806929617462621,0.0,0.0,0.0,0.40354199828511617,0.5588581579432228,0.0,0.0,lentil
0.1891891891891892,0.5625,0.0,0.0,0.0,0.2978723404255319,0.37037037037037035,0.16666666666666666,0.0,0.4358805172494518,0.0,0.0,0.16594393323272608,0.4563410888336425,0.0,0.058497096549514696,0.62318798281304,0.0,0.6196810542729296,0.0,0.0,lentil
0.918918918918919,0.0,0.0,0.0,0.29411764705882354,0.1276595744680851,0.5925925925925926,0.0,0.0,0.07263298810935453,0.569410647498605,0.0,0.29130155688701503,0.045649430183403616,0.0,0.0,0.10982993213404574,0.1264474899421955,0.5589364269647832,0.0,0.0,lentil
0.9459459459459459,0.0,0.0,0.0,0.0,0.2872340425531915,0.3333333333333333,0.25,0.0,0.25518195973391355,0.0,0.0,0.2119425704118283,0.30564218398813975,0.0,0.0,0.0,0.2551161975548887,0.6622538035501887,0.0,0.0,lentil
0.7297297297297297,0.0,0.0,0.0,0.0,0.2872340425531915,0.5185185185185185,0.0,0.0,0.4207516303004032,0.0,0.0,0.2683189833435629,0.12094402315240899,0.0,0.043854626549323525,0.7175081966838488,0.0,0.6803094741960405,0.0,0.0,lentil
0.6216216216216216,0.0,0.0,0.0,0.058823529411764705,0.1702127659574468,0.25925925925925924,0.4166666666666667,0.0,0.018576691538016967,0.8898720018384777,0.0,0.2962044699883083,0.029586701367315244,0.0,0.0,0.0,0.232506010335262,0.6093777730391472,0.0,0.0,lentil
0.0,0.9576719576719577,0.019417475728155338,0.0,0.17647058823529413,0.14893617021276595,0.3333333333333333,0.25,0.0,0.009783297528721388,0.9420017837917081,0.0,0.17136591051969408,0.43857782258595285,0.0,0.0,0.0,0.3592301152133795,0.7211816558935005,0.0,0.0,lentil
0.4864864864864865,0.0,0.0,0.0,0.0,0.22340425531914893,0.6296296296296297,0.0,0.0,0.0,0.0,0.1790868099919798,0.16177602250546172,0.4699958321176003,0.0,0.0,0.06595000388101602,0.1326805761655291,0.680209977913093,0.0,0.0,lentil
0.5135135135135135,0.0,0.0,0.0,0.6470588235294118,0.06382978723404255,0.4074074074074074,0.08333333333333333,0.0,0.0,0.3999572081740374,0.09835276402642693,0.24969932527490638,0.181945006042812,0.0,0.09215832077636253,0.40635749805274407,0.0,0.608038062473469,0.0,0.0,lentil
0.16216216216216217,0.625,0.0,0.0,0.5882352941176471,0.07446808510638298,0.6296296296296297,0.0,0.0,0.0,0.08194010127672176,0.1504788155299513,0.30625234851102695,0.0,0.0,0.08806989294398695,0.4326933134950839,0.0,0.6630702847262431,0.0,0.0,lentil
0.24324324324324326,0.4375,0.0,0.0,0.5882352941176471,0.07446808510638298,0.25925925925925924,0.4166666666666667,0.0,0.0,0.3644290728041225,0.10417616589365522,0.2782597100327478,0.088376609913714,0.0,0.0,0.1243540205228912,0.12438436224697777,0.7642535341344168,0.0,0.0,lentil
0.8648648648648649,0.0,0.0,0.0,0.17647058823529413,0.14893617021276595,0.48148148148148145,0.0,0.0,0.4362942477904762,0.0,0.0,0.1868077024914393,0.38798803815531113,0.0,0.0,0.0,0.15763796375446362,0.6170283870589303,0.0,0.0,lentil
0.5675675675675675,0.0,0.0,0.0,0.17647058823529413,0.14893617021276595,0.48148148148148145,0.0,0.0,0.0,0.3204915786038009,0.1113779422633814,0.1687724134953737,0.4470745343420723,0.0,0.0,0.0,0.17609885058297783,0.6984519800462591,0.0,0.0,lentil
0.08108108108108109,0.8125,0.0,0.0,0.17647058823529413,0.14893617021276595,0.48148148148148145,0.0,0.0,0.12871545308271104,0.23693758108417776,0.0,0.26056030844051276,0.14636268515296808,0.0,0.16527555874431923,0.0,0.0,0.6625671733823475,0.0,0.0,lentil
0.6216216216216216,0.0,0.0,0.0,0.0,0.19148936170212766,0.48148148148148145,0.0,0.0,0.2767783480626952,0.0,0.0,0.2535955661200838,0.16918029681683275,0.0,0.0,0.0,0.2320226009266558,0.5688572815543551,0.0,0.0,lentil
0.40540540540540543,0.0625,0.0,0.0,0.7647058823529411,0.0425531914893617,0.5925925925925926,0.0,0.0,0.10761199034285573,0.3620450094473142,0.0,0.18788845346322983,0.38444732482449234,0.0,0.0,0.8169418855291205,0.026003164927670224,0.6044817244551103,0.0,0.0,lentil
0.35135135135135137,0.1875,0.0,0.0,0.4117647058823529,0.10638297872340426,0.5555555555555556,0.0,0.0,0.1765663591169048,0.0,0.0,0.22695270030841824,0.25646659367233565,0.0,0.06567020086323144,0.5769820672141995,0.0,0.7576516712639799,0.0,0.0,lentil
0.9459459459459459,0.0,0.0,0.0,0.0,0.2978723404255319,0.6296296296296297,0.0,0.0,0.242229171863151,0.0,0.0,0.22654752916727794,0.25779399924322477,0.0,0.0,0.0,0.3077562263253421,0.791848824184788,0.0,0.0,lentil
0.2972972972972973,0.3125,0.0,0.0,0.29411764705882354,0.1276595744680851,0.5555555555555556,0.0,0.0,0.0,0.0,0.23675942177342862,0.22264245317802792,0.27058765381666516,0.0,0.0,0.0,0.1496434795462735,0.6685442283730619,0.0,0.0,lentil
0.2702702702702703,0.375,0.0,0.0,0.4117647058823529,0.10638297872340426,0.6296296296296297,0.0,0.0,0.019875021356136745,0.8821751273153511,0.0,0.20196448714111942,0.3383319833728094,0.0,0.0,0.0,0.15185261133341554,0.6232317566024063,0.0,0.0,lentil
0.35135135135135137,0.1875,0.0,0.0,0.0,0.20212765957446807,0.5925925925925926,0.0,0.0,0.025030678951816633,0.851610898531312,0.0,0.1742815701340239,0.4290256545712582,0.0,0.0,0.753329174951169,0.03503926698430842,0.801442485470976,0.0,0.0,lentil
0.6486486486486487,0.0,0.0,0.0,0.0,0.24468085106382978,0.25925925925925924,0.4166666666666667,0.0,0.088044207663754,0.4780484824284467,0.0,0.29264938815372676,0.04123371901745921,0.0,0.0,0.9266476107257496,0.010419610633760928,0.6781918324200893,0.0,0.0,lentil
0.8378378378378378,0.0,0.0,0.0,0.23529411764705882,0.13829787234042554,0.3333333333333333,0.25,0.0,0.13492151076274486,0.20014627691796652,0.0,0.19736491328153902,0.353400924235033,0.0,0.0,0.0,0.18239615705717943,0.7860125992646885,0.0,0.0,lentil
0.6756756756756757,0.0,0.0,0.0,0.5882352941176471,0.07446808510638298,0.3333333333333333,0.25,0.0,0.22969582966454788,0.0,0.0,0.2579186970175388,0.15501702738748988,0.0,0.0,0.3179943873598753,0.09687800225812483,0.5951879427901576,0.0,0.0,lentil
0.13513513513513514,0.6875,0.0,0.0,0.0,0.2978723404255319,0.37037037037037035,0.16666666666666666,0.0,0.0,0.32389879216868755,0.11081946730742835,0.2569117530711528,0.15831593707845149,0.0,0.17415769159565092,0.0,0.0,0.5423447381509513,0.0,0.0,lentil
0.8378378378378378,0.0,0.0,0.0,0.0,0.18085106382978725,0.5185185185185185,0.0,0.0,0.07213825008576848,0.5723435975365825,0.0,0.27136730830496997,0.11095722220635944,0.0,0.0,0.42579743698548256,0.08156472053213822,0.6376831306882094,0.0,0.0,lentil
0.7297297297297297,0.0,0.0,0.0,0.0,0.2978723404255319,0.4444444444444444,0.0,0.0,0.0367148335078845,0.782343852306409,0.0,0.205054971817654,0.32820706044558934,0.0,0.015465512768918154,0.9003781143504449,0.0,0.7588626209255365,0.0,0.0,lentil
0.0,0.9788359788359788,0.009708737864077669,0.0,0.0,0.2765957446808511,0.37037037037037035,0.16666666666666666,0.0,0.0,0.11030349775315462,0.14582978302987637,0.16849854758870725,0.4479717629283988,0.0,0.038270476176158204,0.7534787848070844,0.0,0.796975804744868,0.0,0.0,lentil
0.5405405405405406,0.0,0.0,0.0,0.0,0.24468085106382978,0.5555555555555556,0.0,0.0,0.0,0.8543428587270352,0.023874601344330313,0.16483420322397385,0.45997674213228257,0.0,0.0,0.0,0.2758270766099991,0.7735934183705037,0.0,0.0,lentil
0.2972972972972973,0.3125,0.0,0.0,0.0,0.18085106382978725,0.2962962962962963,0.3333333333333333,0.0,0.0,0.17319095284365255,0.13552192646531952,0.24762063026683062,0.18875514391722592,0.0,0.0,0.0,0.30765575982027293,0.7730001447110528,0.0,0.0,lentil
0.3783783783783784,0.125,0.0,0.0,0.0,0.2553191489361702,0.5555555555555556,0.0,0.0,0.04319068460716131,0.7439531347507049,0.0,0.2487499817801205,0.18505520742615708,0.0,0.0,0.0,0.22023390432099985,0.6240091459967946,0.0,0.0,lentil
0.13513513513513514,0.6875,0.0,0.0,0.0,0.2872340425531915,0.37037037037037035,0.16666666666666666,0.0,0.09705344654376936,0.4246391096784828,0.0,0.273616871876252,0.10358729154401014,0.0,0.0,0.0,0.16580760894190819,0.5553253007117003,0.0,0.0,lentil
0.4864864864864865,0.0,0.0,0.0,0.0,0.2978723404255319,0.48148148148148145,0.0,0.0,0.33021208227127063,0.0,0.0,0.19195951846447443,0.37110986365463966,0.0,0.0,0.494146346009095,0.07185584770175599,0.6961568435388745,0.0,0.0,lentil
0.40540540540540543,0.0625,0.0,0.0,0.47058823529411764,0.09574468085106383,0.5185185185185185,0.0,0.0,0.3581038646153447,0.0,0.0,0.2897648711310061,0.05068385891268432,0.0,0.0,0.36033539047004903,0.09086351833175406,0.7112205476654064,0.0,0.0,lentil
0.24324324324324326,0.4375,0.0,0.0,0.0,0.19148936170212766,0.5925925925925926,0.0,0.0,0.0,0.0,0.230761966975034,0.21414865024986224,0.29841471300244504,0.0,0.0,0.7546791059091117,0.03484751106328951,0.7925766194098558,0.0,0.0,lentil
0.972972972972973,0.0,0.0,0.0,0.058823529411764705,0.1702127659574468,0.4074074074074074,0.08333333333333333,0.0,0.0,0.35110160964645926,0.10636066482751916,0.3010879249918855,0.013587720396728469,0.0,0.0,0.7462234252091823,0.03604862941005889,0.6269085876421978,0.0,0.0,lentil
0.6756756756756757,0.0,0.0,0.0,0.058823529411764705,0.1702127659574468,0.3333333333333333,0.25,0.0,0.0,0.9897842284347581,0.001674462861301297,0.2616328677769808,0.14284880893184843,0.0,0.0,0.6791498538872376,0.045576342193584966,0.6613071743141904,0.0,0.0,lentil
0.02702702702702703,0.9375,0.0,0.0,0.058823529411764705,0.1702127659574468,0.4444444444444444,0.0,0.0,0.310493313649669,0.0,0.0,0.3020135072923082,0.010555364492900812,0.0,0.0,0.0,0.1421625752961047,0.556584065055797,0.0,0.0,lentil
0.24324324324324326,0.4375,0.0,0.0,0.0,0.20212765957446807,0.4074074074074074,0.08333333333333333,0.0,0.012419305479145996,0.926374766562939,0.0,0.3016559364677316,0.011726823800675298,0.0,0.0,0.0,0.28840891308570116,0.7458692281110615,0.0,0.0,lentil
0.6756756756756757,0.0,0.0,0.0,0.0,0.2127659574468085,0.48148148148148145,0.0,0.0,0.04101210654752117,0.7568683753389326,0.0,0.2984133475263173,0.022350064668282286,0.0,0.0,0.0,0.20443204915072566,0.7055021508898488,0.0,0.0,lentil
0.40540540540540543,0.0625,0.0,0.0,0.0,0.18085106382978725,0.5925925925925926,0.0,0.0,0.0,0.28913170299667434,0.11651812640941543,0.2607259340913124,0.14582006898604458,0.0,0.0,0.0,0.3765417015425207,0.7689367585105625,0.0,0.0,lentil
0.2972972972972973,0.3125,0.0,0.0,0.11764705882352941,0.1595744680851064,0.37037037037037035,0.16666666666666666,0.0,0.44916376919350376,0.0,0.0,0.2321178840770428,0.23954462413165722,0.0,0.04265526023478867,0.7252339756879987,0.0,0.5802372078783249,0.0,0.0,lentil
0.5675675675675675,0.0,0.0,0.0,0.17647058823529413,0.14893617021276595,0.5925925925925926,0.0,0.0,0.44526363874438357,0.0,0.0,0.2720622328151076,0.10868053817721567,0.0,0.11859124006324516,0.23608850652767704,0.0,0.5927796917355067,0.0,0.0,lentil
0.6216216216216216,0.0,0.0,0.0,0.5294117647058824,0.0851063829787234,0.37037037037037035,0.16666666666666666,0.0,0.10561354384439564,0.37389237806286735,0.0,0.1899112427991451,0.3778203428887301,0.0,0.0,0.314955426169648,0.09730968270707231,0.6424151345676166,0.0,0.0,lentil
0.10810810810810811,0.75,0.0,0.0,0.5294117647058824,0.0851063829787234,0.48148148148148145,0.0,0.0,0.14342319341351958,0.14974584423498347,0.0,0.26770383745692494,0.12295933962962571,0.0,0.0,0.0,0.34642825024836005,0.6069877118622,0.0,0.0,lentil
0.43243243243243246,0.0,0.0,0.0,0.29411764705882354,0.1276595744680851,0.5555555555555556,0.0,0.0,0.030348259102300077,0.8200867460288206,0.0,0.18572370286517303,0.39153939459865983,0.0,0.0,0.7299693476861407,0.03835749979147003,0.7154482266404941,0.0,0.0,lentil
0.0,0.0,0.0,0.0,0.0,0.19148936170212766,0.4074074074074074,0.08333333333333333,0.0,0.0,0.9086762348781819,0.01496884029503707,0.2807506641416363,0.08021584517696116,0.0,0.0,0.0,0.18457824645952012,0.7793681125623853,0.0,0.0,lentil
0.7297297297297297,0.0,0.0,0.0,0.0,0.2553191489361702,0.5555555555555556,0.0,0.0,0.4268183958186673,0.0,0.0,0.1875583511441628,0.385528792907485,0.0,0.0,0.0,0.372402446890246,0.7481975453160606,0.0,0.0,lentil
0.1891891891891892,0.5625,0.0,0.0,0.4117647058823529,0.10638297872340426,0.5185185185185185,0.0,0.0,0.0,0.4767337470949759,0.08576835351750607,0.2030730317708106,0.3347002135658831,0.0,0.0915191335344919,0.4104748551213222,0.0,0.567393040266867,0.0,0.0,lentil
0.0,0.0,0.0,0.0,0.0,0.24468085106382978,0.5555555555555556,0.0,0.0,0.13503441113336562,0.19947697088019797,0.0,0.24115324892732515,0.20994332132532753,0.0,0.0,0.0,0.23245941977059179,0.6409704309332168,0.0,0.0,lentil
0.05405405405405406,0.875,0.0,0.0,0.0,0.24468085106382978,0.37037037037037035,0.16666666666666666,0.0,0.0,0.6205456968539149,0.062196196745520835,0.26436153969658266,0.13390924256240197,0.0,0.0,0.04961282322897637,0.13500125123735562,0.6964561027172972,0.0,0.0,lentil
0.8108108108108109,0.0,0.0,0.0,0.29411764705882354,0.1276595744680851,0.2962962962962963,0.3333333333333333,0.0,0.3601728249574027,0.0,0.0,0.24194573682449652,0.2073470040096202,0.0,0.0,0.21051362384268146,0.1121455036653575,0.5601790912733099,0.0,0.0,lentil
0.7567567567567568,0.0,0.0,0.0,0.7058823529411765,0.05319148936170213,0.5555555555555556,0.0,0.0,0.0,0.8182934542147193,0.029783444219525394,0.20690482312300762,0.32214665120436814,0.0,0.055853093322326235,0.6402194638309466,0.0,0.6481004369074703,0.0,0.0,lentil
0.6216216216216216,0.0,0.0,0.0,0.0,0.24468085106382978,0.6296296296296297,0.0,0.0,0.0,0.1895909271892457,0.13283381350267034,0.22497301397691782,0.26295236326009774,0.0,0.0,0.8636342575235458,0.019370574761729684,0.6017865799473353,0.0,0.0,lentil
0.6216216216216216,0.0,0.0,0.0,0.0,0.26595744680851063,0.4444444444444444,0.0,0.0,0.0,0.0,0.1914453027480967,0.27737812675584683,0.09126481796739623,0.0,0.0,0.0,0.17590353630348696,0.7818019813953738,0.0,0.0,lentil
0.02702702702702703,0.9375,0.0,0.0,0.17647058823529413,0.14893617021276595,0.5925925925925926,0.0,0.0,0.0,0.9615232059103909,0.006306715289542804,0.24708579943717737,0.19050733540047649,0.0,0.0,0.0,0.3609549794833712,0.5987024879842515,0.0,0.0,lentil
0.24324324324324326,0.4375,0.0,0.0,0.058823529411764705,0.1702127659574468,0.4074074074074074,0.08333333333333333,0.0,0.22660004340882373,0.0,0.0,0.2528469115742684,0.17163300905095194,0.0,0.05960054337781334,0.6160800740490927,0.0,0.6462131842201011,0.0,0.0,lentil
0.24324324324324326,0.4375,0.0,0.0,0.0,0.2978723404255319,0.5925925925925926,0.0,0.0,0.05320621821255849,0.684578155937896,0.0,0.3051358685319436,0.00032600883801490056,0.0,0.1276791043288739,0.17754856749062986,0.0,0.5591378525451968,0.0,0.0,lentil
0.0,0.9365079365079365,0.02912621359223301,0.0,0.4117647058823529,0.10638297872340426,0.37037037037037035,0.16666666666666666,0.0,0.27716392565073344,0.0,0.0,0.22143391263479853,0.27454702625669913,0.0,0.0,0.0,0.16443398827090966,0.6781538280207104,0.0,0.0,lentil
0.7297297297297297,0.0,0.0,0.0,0.0,0.20212765957446807,0.48148148148148145,0.0,0.0,0.04468541795329465,0.7350919233311116,0.0,0.1735595078586166,0.4313912462671697,0.0,0.0,0.0,0.24141635134264036,0.7133594661292124,0.0,0.0,lentil
0.6756756756756757,0.0,0.0,0.0,0.0,0.30851063829787234,0.48148148148148145,0.0,0.0,0.21989379907350726,0.0,0.0,0.23040846643678603,0.24514495018712812,0.0,0.15856073105564142,0.0,0.0,0.7871467759594719,0.0,0.0,lentil
0.0,1.0,0.0,0.0,0.0,0.2765957446808511,0.4444444444444444,0.0,0.0,0.0,0.8868947413564822,0.018539035823865683,0.1777210093233039,0.4177575007542429,0.0,0.0,0.0,0.1867385304462694,0.5872761331959343,0.0,0.0,lentil
0.0,0.0,0.0,0.0,0.058823529411764705,0.1702127659574468,0.37037037037037035,0.16666666666666666,0.0,0.0,0.0,0.23358271126733757,0.16711933964482825,0.4524902691156041,0.0,0.0,0.6615442970626894,0.04807718843618637,0.5800311628654239,0.0,0.0,lentil
0.8108108108108109,0.0,0.0,0.0,0.0,0.23404255319148937,0.25925925925925924,0.4166666666666667,0.0,0.0,0.3509320967688528,0.10638844961266745,0.2618887767539612,0.142010410124055,0.0,0.0,0.0,0.24586899509842808,0.6651705988417586,0.0,0.0,lentil
0.7297297297297297,0.0,0.0,0.0,0.7058823529411765,0.05319148936170213,0.5185185185185185,0.0,0.0,0.0,0.19081415973507182,0.1326333139656907,0.17866446352749707,0.4146665936304034,0.0,0.0,0.0,0.25699509031430035,0.6531496372188362,0.0,0.0,lentil
0.0,0.9576719576719577,0.019417475728155338,0.0,0.0,0.20212765957446807,0.6296296296296297,0.0,0.0,0.28801884305802483,0.0,0.0,0.25026772835323746,0.18008282649427917,0.0,0.020097123776372187,0.8705433569096748,0.0,0.628753813901618,0.0,0.0,lentil
0.2972972972972973,0.3125,0.0,0.0,0.7058823529411765,0.05319148936170213,0.37037037037037035,0.16666666666666666,0.0,0.15178715547415755,0.10016185902685587,0.0,0.3027762231310565,0.008056585210372287,0.0,0.0,0.0,0.1669710414519817,0.5661242189091124,0.0,0.0,lentil
0.7567567567567568,0.0,0.0,0.0,0.0,0.2765957446808511,0.5555555555555556,0.0,0.0,0.23491510729396628,0.0,0.0,0.2550743366926843,0.16433560750699622,0.0,0.049419603846074016,0.6816611129057124,0.0,0.7606991897841979,0.0,0.0,lentil
0.8918918918918919,0.0,0.0,0.0,0.5294117647058824,0.0851063829787234,0.48148148148148145,0.0,0.0,0.0,0.7799465335978765,0.03606887200225322,0.1939942401229285,0.36444378951856155,0.0,0.0,0.0,0.34086433057194643,0.7240775827678748,0.0,0.0,lentil
0.08108108108108109,0.8125,0.0,0.0,0.0,0.23404255319148937,0.6296296296296297,0.0,0.0,0.27584424249058037,0.0,0.0,0.25132251259163985,0.1766271843421732,0.0,0.0,0.0,0.3434083195606245,0.5594372290612498,0.0,0.0,lentil
0.10810810810810811,0.75,0.0,0.0,0.0,0.2765957446808511,0.6296296296296297,0.0,0.0,0.10143249675450254,0.3986788339980741,0.0,0.21372955615280276,0.29978773240752365,0.0,0.0,0.0,0.3923502366832592,0.7249517525344874,0.0,0.0,lentil
0.9459459459459459,0.0,0.0,0.5869565217391305,0.0,0.0,0.0,0.6470588235294118,0.03468208092485549,0.061937388478238556,0.6328172543263813,0.0,0.0,0.0,0.5721652048904776,0.17193814612618624,0.0,0.0,0.0,0.4183365416209863,0.08395418829053533,pomegranate
0.8378378378378378,0.0,0.0,0.717391304347826,0.0,0.0,0.0,0.7058823529411765,0.028901734104046242,0.35424705254698896,0.0,0.0,0.0,0.0012411344780209846,0.48510919970891625,0.16689958827541707,0.0,0.0,0.0,0.5517578048718207,0.06469687773481042,pomegranate
0.7837837837837838,0.0,0.0,0.5434782608695652,0.0,0.0,0.0,0.7647058823529411,0.023121387283236993,0.4063130997133337,0.0,0.0,0.0,0.26872043066448564,0.3551912867961676,0.0,0.23839179039361424,0.10818544669219184,0.0,0.7397659204264201,0.03756079327558244,pomegranate
0.0,1.0,0.0,0.717391304347826,0.0,0.0,0.0,0.5882352941176471,0.04046242774566474,0.08655152940389459,0.48689751070246035,0.0,0.0,0.0,0.7195712015465866,0.00012829397791417103,0.9991735878280752,0.0,0.0,0.4774115681675289,0.07542761535473794,pomegranate
0.0,0.0,0.0,0.5217391304347826,0.0,0.0,0.0,0.6470588235294118,0.03468208092485549,0.18797335425694542,0.0,0.0,0.0,0.004991806297814793,0.4832874532717319,0.0,0.3722972049182152,0.08916435828725718,0.0,0.5060192835396581,0.07129853093604853,pomegranate
0.16216216216216217,0.625,0.0,0.5652173913043478,0.0,0.0,0.0,0.6470588235294118,0.03468208092485549,0.037915706210316646,0.7752247317409939,0.0,0.0,0.0,0.6116168686527615,0.0,0.8549502783785593,0.020604122603016212,0.0,0.5051240623061068,0.0714277423742446,pomegranate
0.43243243243243246,0.0,0.0,0.6521739130434783,0.0,0.0,0.0,0.6470588235294118,0.03468208092485549,0.181606388150844,0.0,0.0,0.0,0.06572887266902444,0.45378672924601215,0.033343060599431144,0.7852189823981455,0.0,0.0,0.6589122531806164,0.049230778567165616,pomegranate
0.8378378378378378,0.0,0.0,0.45652173913043476,0.08695652173913043,0.0,0.0,0.5294117647058824,0.046242774566473986,0.16862421797174376,0.0003468847627386086,0.0,0.0,0.0,0.5629192372231744,0.02180288449115433,0.8595556126678512,0.0,0.0,0.5884917088989567,0.05939490276816036,pomegranate
0.32432432432432434,0.25,0.0,0.5217391304347826,0.0,0.0,0.0,0.47058823529411764,0.05202312138728324,0.38143339776108287,0.0,0.0,0.0,0.0,0.7075524675821746,0.0,0.00026725021636427303,0.14201072512605048,0.0,0.5518781148722461,0.06467951283370918,pomegranate
0.5945945945945946,0.0,0.0,0.8695652173913043,0.0,0.0,0.0,0.6470588235294118,0.03468208092485549,0.147296740096504,0.1267823396136531,0.0,0.0,0.0,0.6258807056672143,0.0,0.5876415859720261,0.05857497156176413,0.0,0.5059371097447335,0.0713103914614989,pomegranate
0.6216216216216216,0.0,0.0,0.0,0.0,0.0,0.0,0.7647058823529411,0.023121387283236993,0.04008238301315345,0.7623800452438796,0.0,0.0,0.5021082957388306,0.24183199221927612,0.20289725240839848,0.0,0.0,0.0,0.663204239571353,0.048611296238685694,pomegranate
0.5675675675675675,0.0,0.0,0.8913043478260869,0.0,0.0,0.0,0.47058823529411764,0.05202312138728324,0.049129417117784915,0.7087466114753798,0.0,0.0,0.4551344986782299,0.26464773071832587,0.0,0.37033623782212466,0.08944291108981807,0.0,0.6295238102257881,0.05347254902369586,pomegranate
0.02702702702702703,0.9375,0.0,0.9565217391304348,0.0,0.0,0.0,0.7058823529411765,0.028901734104046242,0.3417139744630419,0.0,0.0,0.0,0.37916957043727817,0.3015448105010959,0.2200497390783008,0.0,0.0,0.0,0.5425403125738166,0.0660272812057621,pomegranate
0.8918918918918919,0.0,0.0,0.6739130434782609,0.0,0.0,0.0,0.47058823529411764,0.05202312138728324,0.07945379918202682,0.5289749074889214,0.0,0.0,0.0,0.682989625637783,0.0,0.7753749659535524,0.031907691303804435,0.0,0.6710909885022934,0.04747296513809778,pomegranate
0.21621621621621623,0.5,0.0,0.6304347826086957,0.0,0.0,0.0,0.5294117647058824,0.046242774566473986,0.11761097296187285,0.3027681496668369,0.0,0.0,0.022806284856928965,0.4746347466621871,0.09586054317764132,0.38250944450157703,0.0,0.0,0.5640777686441398,0.06291868014757279,pomegranate
0.5675675675675675,0.0,0.0,0.782608695652174,0.0,0.0,0.0,0.4117647058823529,0.057803468208092484,0.35297002122090615,0.0,0.0,0.0,0.09069731303605265,0.4416592572980174,0.0,0.06590202729241121,0.13268739117697925,0.0,0.5347179176393152,0.0671563237951732,pomegranate
0.5135135135135135,0.0,0.0,0.5217391304347826,0.0,0.0,0.0,0.47058823529411764,0.05202312138728324,0.1927857683263964,0.0,0.0,0.0,0.0,0.6066862392217869,0.0,0.0,0.2137576468881404,0.0,0.661426923006589,0.0488678245926344,pomegranate
0.7027027027027027,0.0,0.0,0.717391304347826,0.0,0.0,0.0,0.4117647058823529,0.057803468208092484,0.23963032478521173,0.0,0.0,0.0,0.0,0.73861965182645,0.16659853423281,0.0,0.0,0.0,0.7281719187137201,0.039234209387265614,pomegranate
0.8648648648648649,0.0,0.0,0.782608695652174,0.0,0.0,0.0,0.6470588235294118,0.03468208092485549,0.43739062290324054,0.0,0.0,0.0,0.1879537706572562,0.3944206254802276,0.24506609740286608,0.0,0.0,0.0,0.5507448722875944,0.06484307899892068,pomegranate
0.5135135135135135,0.0,0.0,0.6086956521739131,0.0,0.0,0.0,0.29411764705882354,0.06936416184971098,0.11258629000298202,0.33255592293779423,0.0,0.0,0.034913697181743655,0.46875403079953776,0.08240446716332797,0.4691874412818557,0.0,0.0,0.6332513896186847,0.052934530178414985,pomegranate
0.7567567567567568,0.0,0.0,0.9347826086956522,0.0,0.0,0.0,0.5294117647058824,0.046242774566473986,0.1855057733554494,0.0,0.0,0.0,0.00277369089114104,0.4843648186168006,0.0,0.7423484046236211,0.03659907099892652,0.0,0.4287210725558953,0.08245534071319593,pomegranate
0.0,0.9365079365079365,0.02912621359223301,0.5217391304347826,0.0,0.0,0.0,0.23529411764705882,0.07514450867052024,0.23480826725173898,0.0,0.0,0.0,0.0,0.7340728110822634,0.18470992230137054,0.0,0.0,0.0,0.4024689039303823,0.08624443813039191,pomegranate
0.40540540540540543,0.0625,0.0,0.6086956521739131,0.0,0.0,0.0,0.29411764705882354,0.06936416184971098,0.32601892525611015,0.0,0.0,0.0,0.06687890022883888,0.4532281470211693,0.09628163449228912,0.37979696342043423,0.0,0.0,0.5757103249313452,0.06123969927509734,pomegranate
0.7567567567567568,0.0,0.0,0.7608695652173914,0.0,0.0,0.0,0.5882352941176471,0.04046242774566474,0.42848869863715894,0.0,0.0,0.0,0.0,0.5457109010545406,0.11089513993266645,0.28566332623213037,0.0,0.0,0.6491185647224229,0.050644347105869056,pomegranate
0.6756756756756757,0.0,0.0,0.4782608695652174,0.043478260869565216,0.0,0.0,0.5294117647058824,0.046242774566473986,0.35269629529540747,0.0,0.0,0.0,0.020688953302603952,0.47566316007737136,0.0,0.6610654577760372,0.04814520692845947,0.0,0.4416906171328631,0.08058338611166112,pomegranate
0.0,0.0,0.0,0.7391304347826086,0.0,0.0,0.0,0.4117647058823529,0.057803468208092484,0.14286440728774588,0.15305848993973417,0.0,0.0,0.0,0.5495632394010623,0.0,0.12796257358777946,0.12387177201972802,0.0,0.5160862451892849,0.06984551960849897,pomegranate
0.9459459459459459,0.0,0.0,0.6521739130434783,0.0,0.0,0.0,0.29411764705882354,0.06936416184971098,0.3980870376977118,0.0,0.0,0.0,0.2781734513516936,0.3505998408939512,0.0,0.7114128471816674,0.04099342633585153,0.0,0.7301450795917489,0.038949413914049553,pomegranate
0.24324324324324326,0.4375,0.0,0.9782608695652174,0.0,0.0,0.0,0.5294117647058824,0.046242774566473986,0.20822008509499362,0.0,0.0,0.0,0.0,0.5570455023376356,0.0,0.3084391781553846,0.09823530718602132,0.0,0.5917379734599242,0.058926354327878655,pomegranate
0.7837837837837838,0.0,0.0,0.6086956521739131,0.0,0.0,0.0,0.29411764705882354,0.06936416184971098,0.42476368812890564,0.0,0.0,0.0,0.02739387771619746,0.4724064976049064,0.0,0.0,0.20107792592521015,0.0,0.5371333149631699,0.06680769828191083,pomegranate
0.21621621621621623,0.5,0.0,0.7608695652173914,0.0,0.0,0.0,0.7647058823529411,0.023121387283236993,0.3450779444098572,0.0,0.0,0.0,0.10757371733456819,0.4334621846453123,0.23446526712096055,0.0,0.0,0.0,0.7281465512662865,0.0392378707887644,pomegranate
0.5405405405405406,0.0,0.0,0.717391304347826,0.0,0.0,0.0,0.35294117647058826,0.06358381502890173,0.06621400930188137,0.6074642096660973,0.0,0.0,0.0,0.5312353296049414,0.19930871688888202,0.0,0.0,0.0,0.7166890194819763,0.04089158956189384,pomegranate
0.08108108108108109,0.8125,0.0,0.6521739130434783,0.0,0.0,0.0,0.4117647058823529,0.057803468208092484,0.40776300511141356,0.0,0.0,0.0,0.0014980315140350102,0.4849844217271126,0.0,0.5514576973998745,0.06371484544818383,0.0,0.45060836334544485,0.07929624638528956,pomegranate
0.43243243243243246,0.0,0.0,0.6086956521739131,0.0,0.0,0.0,0.4117647058823529,0.057803468208092484,0.36114027932726084,0.0,0.0,0.0,0.0,0.5035885022378167,0.0,0.04190066432889347,0.13609675328820384,0.0,0.6766530207407254,0.04667017119411397,pomegranate
0.32432432432432434,0.25,0.0,0.7391304347826086,0.0,0.0,0.0,0.5294117647058824,0.046242774566473986,0.3986271623046395,0.0,0.0,0.0,0.23210980743857232,0.3729735070567964,0.0,0.6330132890973721,0.052129980675521034,0.0,0.4417519609132962,0.0805745320789404,pomegranate
0.7837837837837838,0.0,0.0,0.5652173913043478,0.0,0.0,0.0,0.7647058823529411,0.023121387283236993,0.33896033592601216,0.0,0.0,0.0,0.0,0.742086632957661,0.0,0.1907756750242083,0.1149492533922909,0.0,0.6884313565170097,0.044970149290955344,pomegranate
0.2972972972972973,0.3125,0.0,0.717391304347826,0.0,0.0,0.0,0.4117647058823529,0.057803468208092484,0.3501151546309439,0.0,0.0,0.0,0.03159993057513357,0.47036356711710986,0.0,0.02661005361689037,0.13826876447349476,0.0,0.545538902684218,0.06559448076917229,pomegranate
0.8918918918918919,0.0,0.0,0.6956521739130435,0.0,0.0,0.0,0.4117647058823529,0.057803468208092484,0.10533789578424448,0.3755264994563044,0.0,0.0,0.22251035630621382,0.3776360759883167,0.04055748645239674,0.738746892006434,0.0,0.0,0.4436832610812726,0.08029577855641436,pomegranate
0.02702702702702703,0.9375,0.0,0.5869565217391305,0.0,0.0,0.0,0.47058823529411764,0.05202312138728324,0.03899219939181784,0.7688429689351337,0.0,0.0,0.0,0.706549365911593,0.0,0.0,0.16641810217466513,0.0,0.6934576145240936,0.044244686130007434,pomegranate
0.8648648648648649,0.0,0.0,0.5869565217391305,0.0,0.0,0.0,0.5294117647058824,0.046242774566473986,0.05404126886474595,0.6796277342494764,0.0,0.0,0.0,0.686726146606134,0.043535937289710946,0.7195610497287651,0.0,0.0,0.6664639463624433,0.04814080761890236,pomegranate
0.4864864864864865,0.0,0.0,0.7391304347826086,0.0,0.0,0.0,0.5882352941176471,0.04046242774566474,0.05209780412180428,0.6911491551224911,0.0,0.0,0.4630764559934694,0.26079022647949773,0.0,0.3911842005598722,0.08648148534235792,0.0,0.4417959474821089,0.08056818329318266,pomegranate
0.0,0.9576719576719577,0.019417475728155338,0.45652173913043476,0.08695652173913043,0.0,0.0,0.6470588235294118,0.03468208092485549,0.3262527853696325,0.0,0.0,0.0,0.2482658909207651,0.3651263028926752,0.0,0.0,0.15387591817685436,0.0,0.5510881967769482,0.0647935253809157,pomegranate
0.8648648648648649,0.0,0.0,0.4782608695652174,0.043478260869565216,0.0,0.0,0.29411764705882354,0.06936416184971098,0.2727215606584151,0.0,0.0,0.0,0.0,0.6450345364594767,0.29002211002833383,0.0,0.0,0.0,0.6626831422688974,0.048686508632412404,pomegranate
0.8918918918918919,0.0,0.0,0.5869565217391305,0.0,0.0,0.0,0.35294117647058826,0.06358381502890173,0.1904521740419203,0.0,0.0,0.0,0.18974330853353757,0.3935514253990269,0.0,0.0,0.22064073295506534,0.0,0.4897294298907039,0.07364972116601555,pomegranate
0.0,0.9788359788359788,0.009708737864077669,0.6521739130434783,0.0,0.0,0.0,0.8235294117647058,0.017341040462427744,0.31370511778286836,0.0,0.0,0.0,0.06002057696438458,0.45655931716144704,0.19986970204505733,0.0,0.0,0.0,0.452457374071781,0.07902937008004143,pomegranate
0.0,1.0,0.0,0.8695652173913043,0.0,0.0,0.0,0.7647058823529411,0.023121387283236993,0.0805398893242916,0.5225362511250686,0.0,0.0,0.4631290910434285,0.2607646610023403,0.0,0.42819993871758616,0.08122344831397145,0.0,0.5899990890202005,0.05917733559473506,pomegranate
0.7567567567567568,0.0,0.0,0.5652173913043478,0.0,0.0,0.0,0.47058823529411764,0.05202312138728324,0.04670547296550987,0.723116453198761,0.0,0.0,0.0,0.5861624028203771,0.15489213576009442,0.0022544439833080904,0.0,0.0,0.509599501804557,0.07078178140674136,pomegranate
0.21621621621621623,0.5,0.0,0.6304347826086957,0.0,0.0,0.0,0.35294117647058826,0.06358381502890173,0.3538656763494273,0.0,0.0,0.0,0.21077126269038643,0.38333789502178867,0.29558453621116765,0.0,0.0,0.0,0.620051003991171,0.05483980314083965,pomegranate
0.8648648648648649,0.0,0.0,0.6521739130434783,0.0,0.0,0.0,0.6470588235294118,0.03468208092485549,0.1886907415317693,0.0,0.0,0.0,0.0,0.5057484398275434,0.1088899185085734,0.29858006183591274,0.0,0.0,0.4016278087615946,0.08636583730229012,pomegranate
0.40540540540540543,0.0625,0.0,0.5434782608695652,0.0,0.0,0.0,0.6470588235294118,0.03468208092485549,0.15967132792378474,0.05342220534521044,0.0,0.0,0.5086365384048772,0.23866114619772283,0.0,0.0,0.16039394686358283,0.0,0.4769992944254361,0.07548712073860261,pomegranate
0.8918918918918919,0.0,0.0,0.717391304347826,0.0,0.0,0.0,0.7058823529411765,0.028901734104046242,0.15979601329306464,0.05268303442821874,0.0,0.0,0.47931616878691835,0.25290240255253277,0.0,0.0,0.2012593022085816,0.0,0.611762192242943,0.05603616583509383,pomegranate
0.43243243243243246,0.0,0.0,0.9782608695652174,0.0,0.0,0.0,0.47058823529411764,0.05202312138728324,0.04270242305650632,0.746847690384728,0.0,0.0,0.058245082488801316,0.45742169619393513,0.0,0.0,0.18857374485400544,0.0,0.5806940385521994,0.06052037674299723,pomegranate
0.21621621621621623,0.5,0.0,0.6521739130434783,0.0,0.0,0.0,0.23529411764705882,0.07514450867052024,0.1304999345152155,0.2263586592392441,0.0,0.0,0.0,0.6489209759488321,0.0,0.3497454705942967,0.09236780255261991,0.0,0.6477383993908631,0.050843552777892445,pomegranate
0.3783783783783784,0.125,0.0,0.0,0.0,0.0,0.0,0.29411764705882354,0.06936416184971098,0.26181569297033247,0.0,0.0,0.0,0.0,0.7068579687726467,0.0,0.0,0.21024212033994572,0.0,0.5680780123825203,0.062341306391009266,pomegranate
0.6486486486486487,0.0,0.0,0.9565217391304348,0.0,0.0,0.0,0.35294117647058826,0.06358381502890173,0.4409694671143197,0.0,0.0,0.0,0.0,0.5458928267840588,0.0,0.0,0.1676434826003648,0.0,0.49677443058904464,0.07263288349705878,pomegranate
0.8648648648648649,0.0,0.0,0.8260869565217391,0.0,0.0,0.0,0.7058823529411765,0.028901734104046242,0.19405787030716048,0.0,0.0,0.0,0.017068663382501344,0.4774215784569042,0.26600126518265677,0.0,0.0,0.0,0.7125606595897968,0.04148745491792811,pomegranate
0.2702702702702703,0.375,0.0,0.5869565217391305,0.0,0.0,0.0,0.47058823529411764,0.05202312138728324,0.07577597696025422,0.5507781009181113,0.0,0.0,0.0,0.5335961131713516,0.0,0.6285461293854006,0.052764534850212486,0.0,0.4696230135031421,0.0765517736208035,pomegranate
0.8108108108108109,0.0,0.0,0.6086956521739131,0.0,0.0,0.0,0.8235294117647058,0.017341040462427744,0.3486437694973609,0.0,0.0,0.0,0.1300029468557209,0.42256803796116,0.0,0.0,0.17927646811731013,0.0,0.7385642966184905,0.037734229220323476,pomegranate
0.6756756756756757,0.0,0.0,0.6739130434782609,0.0,0.0,0.0,0.5882352941176471,0.04046242774566474,0.34203487913589137,0.0,0.0,0.0,0.39589594874948775,0.29342060727530134,0.13630342914130555,0.12199454137418521,0.0,0.0,0.45053630523685295,0.07930664686675258,pomegranate
0.8918918918918919,0.0,0.0,0.6956521739130435,0.0,0.0,0.0,0.35294117647058826,0.06358381502890173,0.44877811290764474,0.0,0.0,0.0,0.0,0.6495760037119934,0.22107982922518804,0.0,0.0,0.0,0.6090944367764983,0.05642121537106979,pomegranate
0.918918918918919,0.0,0.0,0.9130434782608695,0.0,0.0,0.0,0.23529411764705882,0.07514450867052024,0.10177462062537278,0.39665062477981233,0.0,0.0,0.03485455807538672,0.46878275537515524,0.0,0.7789820168042869,0.031395314464103805,0.0,0.668369511734593,0.0478657685189747,pomegranate
0.972972972972973,0.0,0.0,0.5217391304347826,0.0,0.0,0.0,0.7647058823529411,0.023121387283236993,0.09614880257400862,0.430002100673664,0.0,0.0,0.0,0.6596646694795453,0.25341636820357427,0.0,0.0,0.0,0.6556565362012506,0.04970069131889336,pomegranate
0.3783783783783784,0.125,0.0,0.45652173913043476,0.08695652173913043,0.0,0.0,0.29411764705882354,0.06936416184971098,0.2778130872807174,0.0,0.0,0.0,0.4769756107984642,0.25403923973300463,0.10282673503116863,0.33763636601951746,0.0,0.0,0.7223808889694603,0.04007005560476838,pomegranate
0.35135135135135137,0.1875,0.0,0.6521739130434783,0.0,0.0,0.0,0.4117647058823529,0.057803468208092484,0.284777957099076,0.0,0.0,0.0,0.28711709350670445,0.346255806274511,0.0,0.0,0.16352184481394152,0.0,0.5042371812416494,0.0715557500371022,pomegranate
0.6486486486486487,0.0,0.0,0.45652173913043476,0.08695652173913043,0.0,0.0,0.7058823529411765,0.028901734104046242,0.2822356496357888,0.0,0.0,0.0,0.0,0.5712719637778152,0.05064440493757086,0.6737714944944967,0.0,0.0,0.5918031675957458,0.05891694455548301,pomegranate
0.0,0.9365079365079365,0.02912621359223301,0.8695652173913043,0.0,0.0,0.0,0.29411764705882354,0.06936416184971098,0.06798375874081758,0.5969726233382162,0.0,0.0,0.40525290717258705,0.2888758199707431,0.03515032380196558,0.7735774047284173,0.0,0.0,0.4384214137055119,0.08105524542505994,pomegranate
0.43243243243243246,0.0,0.0,0.9130434782608695,0.0,0.0,0.0,0.5294117647058824,0.046242774566473986,0.06481935454354087,0.6157321262834432,0.0,0.0,0.0,0.5213994609140212,0.16047822908901346,0.0,0.0,0.0,0.6342376282196108,0.05279218178088577,pomegranate
0.918918918918919,0.0,0.0,0.5217391304347826,0.0,0.0,0.0,0.29411764705882354,0.06936416184971098,0.061442796522577406,0.63574933843147,0.0,0.0,0.0,0.5923987030740827,0.0,0.6665495181970238,0.04736620334256321,0.0,0.4525228267120282,0.0790199229965015,pomegranate
0.0,0.9365079365079365,0.02912621359223301,0.4782608695652174,0.043478260869565216,0.0,0.0,0.4117647058823529,0.057803468208092484,0.05761670820268595,0.6584314961556547,0.0,0.0,0.09846592664210241,0.43788594818470206,0.0,0.0,0.1934589357141831,0.0,0.4616307199363928,0.0777053384688447,pomegranate
0.6216216216216216,0.0,0.0,0.5652173913043478,0.0,0.0,0.0,0.5294117647058824,0.046242774566473986,0.3293878048737888,0.0,0.0,0.0,0.0,0.5384795047768142,0.005880645968999857,0.9621195204437957,0.0,0.0,0.6992919641678593,0.04340258735022409,pomegranate
0.0,0.9788359788359788,0.009708737864077669,0.8043478260869565,0.0,0.0,0.0,0.7058823529411765,0.028901734104046242,0.22616458094155234,0.0,0.0,0.0,0.0,0.7259817868480568,0.0,0.5319723953306918,0.06648270703593677,0.0,0.7353302327861295,0.0382010166727832,pomegranate
0.08108108108108109,0.8125,0.0,0.9130434782608695,0.0,0.0,0.0,0.7647058823529411,0.023121387283236993,0.16612565636147442,0.015159080349831038,0.0,0.0,0.3806010738865138,0.30084951204957594,0.05102443872757805,0.6713234875427225,0.0,0.0,0.47021541721053206,0.07646626924249371,pomegranate
0.13513513513513514,0.6875,0.0,0.8043478260869565,0.0,0.0,0.0,0.7058823529411765,0.028901734104046242,0.1710115968509498,0.0,0.0,0.0,0.1544058762459968,0.4107152414997408,0.0,0.19732632955899798,0.1140187415122539,0.0,0.6660973156583113,0.04819372513112425,pomegranate
0.5135135135135135,0.0,0.0,0.6521739130434783,0.0,0.0,0.0,0.8235294117647058,0.017341040462427744,0.138232155781647,0.1805198161023272,0.0,0.0,0.0,0.7417273522727549,0.019342151233131256,0.8754065508751836,0.0,0.0,0.4465765378492982,0.07987817848362248,pomegranate
0.7837837837837838,0.0,0.0,0.6086956521739131,0.0,0.0,0.0,0.6470588235294118,0.03468208092485549,0.37546195080484696,0.0,0.0,0.0,0.292461291859744,0.3436600648241723,0.0,0.0,0.16534414457412744,0.0,0.6391470456277686,0.052083582766208225,pomegranate
0.5945945945945946,0.0,0.0,0.9782608695652174,0.0,0.0,0.0,0.47058823529411764,0.05202312138728324,0.3928921033313201,0.0,0.0,0.0,0.11725762199821317,0.428758595617361,0.0,0.052696116784677956,0.13456327343407126,0.0,0.5302099235901291,0.06780698351217296,pomegranate
0.0,0.0,0.0,0.0,0.0,0.0,0.0,0.7647058823529411,0.023121387283236993,0.07433099077216748,0.5593443968023584,0.0,0.0,0.0,0.5337599131697877,0.09318885882351853,0.39971923490393857,0.0,0.0,0.6373604433119331,0.05234145137573367,pomegranate
0.40540540540540543,0.0625,0.0,0.9130434782608695,0.0,0.0,0.0,0.29411764705882354,0.06936416184971098,0.05224687568019486,0.6902654158261381,0.0,0.0,0.11315958523217523,0.43074906138900787,0.2330874601472687,0.0,0.0,0.0,0.4107110182147038,0.08505481549797418,pomegranate
0.6216216216216216,0.0,0.0,0.9347826086956522,0.0,0.0,0.0,0.35294117647058826,0.06358381502890173,0.21901566255684418,0.0,0.0,0.0,0.0,0.7172023605619223,0.0,0.0,0.17851895684564725,0.0,0.426916868129512,0.08271574991708389,pomegranate
0.16216216216216217,0.625,0.0,0.8695652173913043,0.0,0.0,0.0,0.23529411764705882,0.07514450867052024,0.04526013382962075,0.7316848414596216,0.0,0.0,0.32308053198841796,0.3287879314321415,0.1336962927633074,0.1387885427113871,0.0,0.0,0.565442059763153,0.06272176567436878,pomegranate
0.0,0.9576719576719577,0.019417475728155338,0.7391304347826086,0.0,0.0,0.0,0.23529411764705882,0.07514450867052024,0.44725294675650556,0.0,0.0,0.0,0.0,0.5099577445105131,0.0,0.0,0.1422903112485618,0.0,0.6593773672680945,0.04916364649085203,pomegranate
0.7297297297297297,0.0,0.0,0.0,0.0,0.0,0.0,0.4117647058823529,0.057803468208092484,0.3194203937933961,0.0,0.0,0.0,0.0,0.544060139604129,0.0,0.0734793800210776,0.1316110381658704,0.0,0.5106732611603648,0.07062680073219901,pomegranate
0.7837837837837838,0.0,0.0,0.5,0.0,0.0,0.0,0.6470588235294118,0.03468208092485549,0.1414625045793523,0.1613693745004561,0.0,0.0,0.0,0.7154011413447524,0.0,0.15892728080352234,0.11947327599569042,0.0,0.6318297887488262,0.05313971643411461,pomegranate
0.13513513513513514,0.6875,0.0,0.8260869565217391,0.0,0.0,0.0,0.4117647058823529,0.057803468208092484,0.12504672522880142,0.25868686047139505,0.0,0.0,0.0,0.6408479472475895,0.21880929332351526,0.0,0.0,0.0,0.6002900583599692,0.05769199219693801,pomegranate
0.5135135135135135,0.0,0.0,0.9130434782608695,0.0,0.0,0.0,0.5294117647058824,0.046242774566473986,0.3668071055013932,0.0,0.0,0.0,0.09788275667204514,0.43816920085682814,0.2732119773671088,0.0,0.0,0.0,0.6158808242054282,0.0554417045563305,pomegranate
0.4594594594594595,0.0,0.0,0.5217391304347826,0.0,0.0,0.0,0.47058823529411764,0.05202312138728324,0.3031808719249395,0.0,0.0,0.0,0.0,0.6173448067616932,0.24824790455029958,0.0,0.0,0.0,0.46568570538823495,0.07712006358654755,pomegranate
0.0,0.9576719576719577,0.019417475728155338,0.5652173913043478,0.0,0.0,0.0,0.7647058823529411,0.023121387283236993,0.3992401783832652,0.0,0.0,0.0,0.0,0.7445809874922437,0.2935459208771245,0.0,0.0,0.0,0.5665732207069054,0.06255849996205577,pomegranate
0.4594594594594595,0.0,0.0,0.9565217391304348,0.0,0.0,0.0,0.23529411764705882,0.07514450867052024,0.39902001109435975,0.0,0.0,0.0,0.07466554114162416,0.449446081828038,0.1188782301058978,0.23423984559810462,0.0,0.0,0.40110409580251805,0.08644142722588449,pomegranate
0.7027027027027027,0.0,0.0,0.8913043478260869,0.0,0.0,0.0,0.23529411764705882,0.07514450867052024,0.17696525690730242,0.0,0.0,0.0,0.15756207752200074,0.4091822365593318,0.009262653236355781,0.9403341489343798,0.0,0.0,0.5180887225099833,0.06955649275696191,pomegranate
0.0,0.9365079365079365,0.02912621359223301,0.717391304347826,0.0,0.0,0.0,0.35294117647058826,0.06358381502890173,0.37039576786180783,0.0,0.0,0.0,0.33329577363006413,0.32382626564004635,0.225207792817071,0.0,0.0,0.0,0.4882471519097197,0.07386366523095865,pomegranate
0.918918918918919,0.0,0.0,0.5434782608695652,0.0,0.0,0.0,0.5882352941176471,0.04046242774566474,0.07246778826727292,0.5703899999235412,0.0,0.0,0.0,0.5495575414392762,0.0,0.0,0.18658674893629443,0.0,0.7029380364351395,0.0428763328069162,pomegranate
0.7567567567567568,0.0,0.0,0.7608695652173914,0.0,0.0,0.0,0.7647058823529411,0.023121387283236993,0.10843623316099198,0.357158659723813,0.0,0.0,0.0,0.6387254908258869,0.1820751890345623,0.0,0.0,0.0,0.5880902481248708,0.05945284746613538,pomegranate
0.1891891891891892,0.5625,0.0,0.6739130434782609,0.0,0.0,0.0,0.6470588235294118,0.03468208092485549,0.17884625048544972,0.0,0.0,0.0,0.0,0.6504930628790239,0.0,0.0,0.18039006423580625,0.0,0.4821181650443088,0.07474829036928672,pomegranate
0.0,0.9365079365079365,0.02912621359223301,0.9130434782608695,0.0,0.0,0.0,0.47058823529411764,0.05202312138728324,0.07279699734879952,0.568438353310315,0.0,0.0,0.4798690230788774,0.2526338745700675,0.2199568090181704,0.0,0.0,0.0,0.6169810088359897,0.05528290979915954,pomegranate
0.0,0.9365079365079365,0.02912621359223301,0.45652173913043476,0.08695652173913043,0.0,0.0,0.8235294117647058,0.017341040462427744,0.2805672981655347,0.0,0.0,0.0,0.0,0.543583509406491,0.05320743820607317,0.6572615855761257,0.0,0.0,0.6743836069883914,0.04699772622052658,pomegranate
0.13513513513513514,0.6875,0.0,0.5652173913043478,0.0,0.0,0.0,0.8235294117647058,0.017341040462427744,0.4471264948596278,0.0,0.0,0.0,0.4475597013093727,0.268326900952918,0.1822185143811305,0.0,0.0,0.0,0.5871591355926707,0.05958723926215062,pomegranate
0.10810810810810811,0.75,0.0,0.6086956521739131,0.0,0.0,0.0,0.23529411764705882,0.07514450867052024,0.33366107269331097,0.0,0.0,0.0,0.43401768283764036,0.27490442228468825,0.0,0.0,0.1970041758376541,0.0,0.4057996280096147,0.08576369925559484,pomegranate
0.8918918918918919,0.0,0.0,0.8043478260869565,0.0,0.0,0.0,0.47058823529411764,0.05202312138728324,0.34265150040938186,0.0,0.0,0.0,0.014927501210370698,0.47846156668992623,0.0,0.9897347810068213,0.0014581608866114496,0.0,0.7295563595724218,0.03903438660855358,pomegranate
0.6486486486486487,0.0,0.0,0.7391304347826086,0.0,0.0,0.0,0.23529411764705882,0.07514450867052024,0.2590086657124589,0.0,0.0,0.0,0.0,0.6242048293071529,0.0,0.0,0.2092496286358638,0.0,0.611874549830912,0.05601994874261479,pomegranate
0.0,0.9576719576719577,0.019417475728155338,0.5869565217391305,0.0,0.0,0.0,0.5882352941176471,0.04046242774566474,0.11595719310856731,0.31257223476302715,0.0,0.0,0.0,0.6588552482757687,0.0,0.987524067297178,0.0017721898678771924,0.0,0.4918349416331853,0.07334582287787342,pomegranate
0.7837837837837838,0.0,0.0,0.5,0.0,0.0,0.0,0.7058823529411765,0.028901734104046242,0.10222640454371333,0.3939723190962307,0.0,0.0,0.39497471664953754,0.2938680607920413,0.11727370307022034,0.244575487956574,0.0,0.0,0.5427004118475156,0.06600417333406122,pomegranate
0.0,0.0,0.5242718446601942,0.0,0.0,0.4574468085106383,0.0,0.17647058823529413,0.08092485549132948,0.0,0.0,0.20851204257815573,0.0637942747422344,0.7909997354566087,0.0,0.09420672519678532,0.39316259698580214,0.0,0.027314688894650132,0.9327345523058423,0.0,banana
0.0,0.0,0.6601941747572816,0.0,0.0,0.46808510638297873,0.0,0.0,0.10404624277456648,0.0,0.414438159450026,0.095979197335639,0.0,0.6619108212311093,0.16421398257837244,0.197229928530499,0.0,0.0,0.0,0.7897319959212776,0.03034895754857174,banana
0.0,0.0,0.6893203883495146,0.0,0.0,0.43617021276595747,0.0,0.0,0.12138728323699421,0.0,0.3918775938418551,0.09967709024559455,0.0,0.7373189239381364,0.12758735965807894,0.050763724473401856,0.6730028916468624,0.0,0.0,0.657475659054082,0.04943812886923247,banana
0.0,0.0,0.47572815533980584,0.0,0.0,0.26595744680851063,0.0,0.0,0.12716763005780346,0.0,0.0,0.20563453326059822,0.005395877728903793,0.9823222400859418,0.0,0.17060634789272147,0.0,0.0,0.06372991120831102,0.8430580327870556,0.0,banana
0.0,0.08994708994708994,0.4174757281553398,0.0,0.0,0.2765957446808511,0.0,0.0,0.09826589595375723,0.0,0.8462224507391441,0.025205614034610243,0.016259135148973185,0.9467324683741184,0.0,0.31022806980328166,0.0,0.0,0.0,0.37543585806171403,0.09014624318661743,banana
0.0,0.0,0.5436893203883495,0.0,0.0,0.4574468085106383,0.0,0.0,0.12138728323699421,0.0,0.9096745100046653,0.01480521343494317,0.0,0.5830726746281604,0.2025066190948982,0.11843554301269246,0.23709143698319396,0.0,0.0,0.33101347119520363,0.09655793258807867,banana
0.0,0.0,0.5145631067961165,0.0,0.0,0.43617021276595747,0.0,0.0,0.1329479768786127,0.0,0.5239128131104921,0.07803525246201148,0.004344592994081615,0.9857664173036632,0.0,0.09943844483251893,0.3594622093498321,0.0,0.0,0.916404676314716,0.012065701298205873,banana
0.0,0.0,0.6893203883495146,0.0,0.0,0.40425531914893614,0.0,0.0,0.12138728323699421,0.0,0.0,0.2186147439144213,0.03632882820224873,0.8809809385638379,0.0,0.2111252793091354,0.0,0.0,0.0,0.8477137467081659,0.02198018218052131,banana
0.0,0.0,0.6893203883495146,0.0,0.0,0.39361702127659576,0.0,0.0,0.1329479768786127,0.0,0.7672035601302049,0.03815756747453287,0.0,0.6921687691001713,0.1495173331845035,0.18271699827364854,0.0,0.0,0.0,0.3535567747876722,0.09330415288569348,banana
0.0,0.0,0.6601941747572816,0.0,0.0,0.2765957446808511,0.0,0.0,0.11560693641618497,0.0,0.0,0.19713513119414228,0.06511550482818451,0.7866711740206175,0.0,0.20834306700289854,0.0,0.0,0.0,0.8251712927789274,0.025233839247066518,banana
0.0,0.0,0.7864077669902912,0.0,0.0,0.39361702127659576,0.0,0.0,0.11560693641618497,0.0,0.0,0.16879902833022747,0.0,0.7663077914155849,0.11350711788209901,0.19925470415715357,0.0,0.0,0.0,0.8679171845685197,0.01906412616598128,banana
0.0,0.0,0.6213592233009708,0.0,0.0,0.3829787234042553,0.0,0.0,0.12716763005780346,0.0,0.0,0.19220316365897028,0.059996784777472556,0.8034409209774569,0.0,0.01653554548381434,0.8934854442943373,0.0,0.0,0.8196714070451963,0.026027663297408063,banana
0.0,0.0,0.5631067961165048,0.0,0.0,0.2553191489361702,0.0,0.0,0.10404624277456648,0.0,0.16199776029262603,0.13735659799320077,0.07866554599197502,0.7422790683144422,0.0,0.27443465264448597,0.0,0.0,0.0,0.2037871474520088,0.11492109875432749,banana
0.0,0.0,0.6699029126213593,0.0,0.0,0.3617021276595745,0.0,0.0,0.12138728323699421,0.0,0.45974089955307956,0.08855364407876645,0.025138355417645742,0.9176427202330831,0.0,0.1746366503922766,0.0,0.0,0.0,0.8348060095189089,0.023843215834743935,banana
0.0,0.0,0.47572815533980584,0.0,0.0,0.46808510638297873,0.0,0.0,0.09826589595375723,0.0,0.17104933823148522,0.13587295762418916,0.036655031562057495,0.879912244096028,0.0,0.0,0.9324713440302291,0.009592356960527905,0.0,0.5398589380057998,0.06641429644991734,banana
0.0,0.026455026455026454,0.44660194174757284,0.0,0.0,0.2978723404255319,0.0,0.0,0.1329479768786127,0.02690112940676426,0.8405223274667531,0.0,0.0,0.6967233045097194,0.14730514052835417,0.2944966987757238,0.0,0.0,0.0,0.8707760186830916,0.018651497361319838,banana
0.0,0.0,0.46601941747572817,0.0,0.0,0.46808510638297873,0.0,0.11764705882352941,0.08670520231213873,0.0,0.8847446824879585,0.01889145107727675,0.03218202006150063,0.8945665463935208,0.0,0.07301052059244142,0.5296990250273168,0.0,0.0,0.1503250104882303,0.12263753726944358,banana
0.0,0.0,0.6990291262135923,0.0,0.0,0.2978723404255319,0.0,0.23529411764705882,0.07514450867052024,0.0,0.30176786100893754,0.11444693901393177,0.011896346533447719,0.9610256628414278,0.0,0.0,0.8695758033271349,0.0185265859776072,0.0,0.5307118915651021,0.0677345321431216,banana
0.0,0.0,0.6116504854368932,0.0,0.0,0.26595744680851063,0.0,0.23529411764705882,0.07514450867052024,0.0018877389352995432,0.9888089378256267,0.0,0.06845067581595883,0.775744619536555,0.0,0.285864896973713,0.0,0.0,0.0,0.7306401767912035,0.038877954235937796,banana
0.0,0.0,0.7766990291262136,0.0,0.0,0.3723404255319149,0.0,0.058823529411764705,0.09248554913294797,0.0,0.0,0.17132052828476715,0.0,0.781670052861916,0.10604548263338057,0.06842465259845001,0.5592391265245997,0.0,0.0,0.27570938815892654,0.10454022773414509,banana
0.0,0.0,0.7475728155339806,0.0,0.0,0.4574468085106383,0.0,0.0,0.12138728323699421,0.0,0.7513448889420944,0.04075695566214952,0.054669474861628764,0.8208940417506736,0.0,0.08022750269579482,0.4832104684189574,0.0,0.0,0.1898538643632511,0.11693215421103229,banana
0.0,0.0,0.7087378640776699,0.0,0.0,0.2872340425531915,0.0,0.0,0.10404624277456648,0.0,0.8857194912217751,0.018731670583828585,0.02377858019962844,0.9220975616970464,0.0,0.174460682430246,0.0,0.0,0.0,0.8860590380712978,0.01644562819611381,banana
0.0,0.0,0.5533980582524272,0.0,0.0,0.20212765957446807,0.0,0.058823529411764705,0.09248554913294797,0.027533983298177793,0.8367705866334906,0.0,0.0,0.5345110889143465,0.2260935656497228,0.07872252252215468,0.4929048746118478,0.0,0.045584857149096616,0.8877422387626471,0.0,banana
0.0,0.08994708994708994,0.4174757281553398,0.0,0.0,0.2127659574468085,0.0,0.11764705882352941,0.08670520231213873,0.0,0.3565276484810784,0.10547128506266014,0.0,0.9657337313458438,0.016643539033959737,0.09200165019334457,0.40736669956706,0.0,0.0,0.6527171640125201,0.05012494455783045,banana
0.0,0.0,0.7475728155339806,0.0,0.0,0.2978723404255319,0.0,0.0,0.10982658959537572,0.0,0.7936525944155425,0.0338223172836645,0.0,0.8025302924896542,0.09591341322115102,0.038300289623408694,0.7532867399730602,0.0,0.0,0.4148827490269994,0.08445269021561774,banana
0.0,0.0,0.49514563106796117,0.0,0.0,0.2872340425531915,0.0,0.23529411764705882,0.07514450867052024,0.0,0.0,0.1939138220861588,0.01928954667530071,0.9368043547113027,0.0,0.034508586131041706,0.7777111905152213,0.0,0.037361408720656936,0.9079933916226438,0.0,banana
0.0,0.0,0.7281553398058253,0.0,0.0,0.23404255319148937,0.0,0.058823529411764705,0.09248554913294797,0.0,0.0,0.20166017382772575,0.047617140594843864,0.8439986186639159,0.0,0.24571380125604067,0.0,0.0,0.056262397068912395,0.8614476137076527,0.0,banana
0.0,0.0,0.7766990291262136,0.0,0.0,0.26595744680851063,0.0,0.11764705882352941,0.08670520231213873,0.0021863369493322457,0.9870387624704979,0.0,0.04667901025135349,0.8470720839671567,0.0,0.10472554144667136,0.32540510809601525,0.0,0.0236436991524879,0.9417747712678664,0.0,banana
0.0,0.0,0.7184466019417476,0.0,0.0,0.3829787234042553,0.0,0.058823529411764705,0.09248554913294797,0.0,0.7300476205349103,0.044247782054189215,0.0,0.9063762710561196,0.04547417178419114,0.29231454304819426,0.0,0.0,0.0,0.8877582036461894,0.01620037973747969,banana
0.0,0.0,0.5048543689320388,0.0,0.0,0.3404255319148936,0.0,0.11764705882352941,0.08670520231213873,0.0,0.1572337754563879,0.1381374607630012,0.04043303926543288,0.867534885584737,0.0,0.27181300710571576,0.0,0.0,0.0,0.5009083245167537,0.07203621938797555,banana
0.0,0.0,0.5436893203883495,0.0,0.0,0.425531914893617,0.0,0.11764705882352941,0.08670520231213873,0.0,0.24096671773897702,0.12441282907715552,0.0,0.7004987198158558,0.14547137588209855,0.11088055064294727,0.28575730388252124,0.0,0.0,0.2374028656568626,0.11006918602878556,banana
0.0,0.0,0.5339805825242718,0.0,0.0,0.3191489361702128,0.0,0.0,0.11560693641618497,0.0,0.3942807542759093,0.09928318922002115,0.0,0.8952747047741207,0.05086633611983522,0.0,0.9737423213998705,0.003729868786371332,0.007455543290052383,0.9816398986222109,0.0,banana
0.0,0.0,0.6601941747572816,0.0,0.0,0.24468085106382978,0.0,0.23529411764705882,0.07514450867052024,0.027038475586056928,0.8397080996076276,0.0,0.0,0.9040806947966743,0.046589160797588576,0.11186417010965108,0.27942126915164706,0.0,0.0,0.17174740827961382,0.1195455431070036,banana
0.0,0.0,0.6310679611650486,0.0,0.0,0.2127659574468085,0.0,0.058823529411764705,0.09248554913294797,0.0,0.0,0.16904924850401556,0.017914474041581953,0.9413093129599045,0.0,0.24989871187430254,0.0,0.0,0.0,0.7416400230888938,0.0372902953346604,banana
0.0,0.0,0.5533980582524272,0.0,0.0,0.425531914893617,0.0,0.0,0.10982658959537572,0.0,0.0,0.19706148596871254,0.057363093903642595,0.8120693142240308,0.0,0.2763252989197699,0.0,0.0,0.0,0.49971503407517043,0.07220845253925028,banana
0.0,0.0,0.7669902912621359,0.0,0.0,0.2127659574468085,0.0,0.11764705882352941,0.08670520231213873,0.0,0.33374498745571846,0.10920558153992072,0.0,0.8321227233147106,0.08154001346416172,0.0,0.9784585117167738,0.00305994014106004,0.04721445501878541,0.8837291734596214,0.0,banana
0.0,0.0,0.7766990291262136,0.0,0.0,0.2978723404255319,0.0,0.0,0.09826589595375723,0.011303525391607765,0.9329894335060599,0.0,0.0,0.800653224767888,0.09682512760160819,0.08506031611987364,0.452079655396914,0.0,0.0,0.3839480312390204,0.08891764169997639,banana
0.0,0.0,0.7961165048543689,0.0,0.0,0.22340425531914893,0.0,0.0,0.1329479768786127,0.0,0.8676992220314554,0.02168536539945143,0.0,0.6974674000108629,0.14694372438925626,0.06999352533451772,0.5491331531471535,0.0,0.0,0.4146204384640295,0.08449055071738545,banana
0.0,0.0,0.6019417475728155,0.0,0.0,0.23404255319148937,0.0,0.0,0.12138728323699421,0.0,0.7665519990147216,0.038264364585527094,0.0,0.9380629658280414,0.030083562826548362,0.18948203736310304,0.0,0.0,0.0,0.19028888989615664,0.11686936495553646,banana
0.0,0.0,0.5242718446601942,0.0,0.0,0.35106382978723405,0.0,0.0,0.11560693641618497,0.0,0.0,0.1963610229384711,0.02662379350205163,0.9127761870863692,0.0,0.011746572866780531,0.9243338545321031,0.0,0.0,0.2289371926637696,0.11129107592788441,banana
0.0,0.08994708994708994,0.4174757281553398,0.0,0.0,0.4148936170212766,0.0,0.11764705882352941,0.08670520231213873,0.0,0.6629240681305582,0.055249975564673946,0.016826319321150387,0.9448742821574267,0.0,0.07334896985588582,0.5275188869145478,0.0,0.0,0.573915066118631,0.06149881731701951,banana
0.0,0.0,0.6213592233009708,0.0,0.0,0.20212765957446807,0.0,0.058823529411764705,0.09248554913294797,0.014195467001887377,0.9158451675484576,0.0,0.08217480051931589,0.7307821882648166,0.0,0.14120111276945463,0.09044586363931201,0.0,0.0,0.2623943150022405,0.10646205408028334,banana
0.0,0.0,0.6893203883495146,0.0,0.0,0.40425531914893614,0.0,0.0,0.12138728323699421,0.0,0.0,0.1948174300331152,0.004414980256018618,0.9855358173568065,0.0,0.1767888423451719,0.0,0.0,0.0,0.4037193646664762,0.08606395332500202,banana
0.0,0.0,0.6116504854368932,0.0,0.0,0.30851063829787234,0.0,0.0,0.11560693641618497,0.0,0.3451076422593128,0.10734313352482017,0.048581764741785,0.8408383554159952,0.0,0.12849515259386182,0.17229195116281357,0.0,0.0,0.47419560304632286,0.0758917905361632,banana
0.0,0.0,0.6990291262135923,0.0,0.0,0.425531914893617,0.0,0.0,0.12138728323699421,0.0,0.0,0.22507192665520387,0.0,0.6794938501518958,0.15567369384334967,0.14209170903468796,0.08470904258328428,0.0,0.0,0.47675010636343157,0.0755230872088629,banana
0.0,0.047619047619047616,0.4368932038834951,0.0,0.0,0.2872340425531915,0.0,0.17647058823529413,0.08092485549132948,0.032234583861608275,0.8089040674985777,0.0,0.0,0.5250876050647969,0.23067066515445236,0.2350333974506907,0.0,0.0,0.0,0.47029531548623776,0.0764547371533001,banana
0.0,0.0,0.6699029126213593,0.0,0.0,0.20212765957446807,0.0,0.0,0.1329479768786127,0.0,0.9090252506409144,0.014911633266769845,0.029436583991397793,0.903561034805795,0.0,0.23439081979554666,0.0,0.0,0.0,0.27093822640051785,0.10522887166881192,banana
0.0,0.0,0.5145631067961165,0.0,0.0,0.3723404255319149,0.0,0.0,0.11560693641618497,0.0,0.9150590565580508,0.013922634652615198,0.0,0.8435291570827659,0.07599977132186826,0.21634302363464647,0.0,0.0,0.0,0.17625548396177687,0.11889487160753719,banana
0.0,0.026455026455026454,0.44660194174757284,0.0,0.0,0.46808510638297873,0.0,0.0,0.10404624277456648,0.0,0.6901308343613018,0.0507905258463102,0.04038368406229891,0.8676965811374064,0.0,0.3135214972589894,0.0,0.0,0.0,0.5242455122066259,0.06866785470688115,banana
0.0,0.0,0.7961165048543689,0.0,0.0,0.4148936170212766,0.0,0.058823529411764705,0.09248554913294797,0.0,0.0,0.16975118303364972,0.013300896126763523,0.9564241333506791,0.0,0.150191426205666,0.03253430322238832,0.0,0.0,0.2043941328498181,0.11483348973291964,banana
0.0,0.0,0.6796116504854369,0.0,0.0,0.22340425531914893,0.0,0.23529411764705882,0.07514450867052024,0.0,0.13913940133528263,0.1411033020869565,0.0,0.8869369413812472,0.054916088133566056,0.21719643664407753,0.0,0.0,0.04637970935651114,0.8857848271373989,0.0,banana
0.0,0.0,0.7669902912621359,0.0,0.0,0.3191489361702128,0.0,0.0,0.1329479768786127,0.0,0.7217513006645964,0.045607628387831056,0.0,0.6595096677679951,0.16538025171007206,0.174468405285569,0.0,0.0,0.0,0.9913062121576369,0.0012548147746976482,banana
0.0,0.0,0.6213592233009708,0.0,0.0,0.2553191489361702,0.0,0.0,0.10404624277456648,0.0,0.6641295717880391,0.05505238196239699,0.0,0.9014041463094661,0.047889192606500826,0.06249954876102538,0.5974059836972861,0.0,0.0,0.48588466976147915,0.07420465325117767,banana
0.0,0.0,0.5436893203883495,0.0,0.0,0.3191489361702128,0.0,0.0,0.10404624277456648,0.0,0.2846575566286217,0.11725148187664419,0.05881760248980893,0.807304111068768,0.0,0.13319417259177146,0.14202297528782398,0.0,0.0,0.750258897369176,0.03604629318228905,banana
0.0,0.0,0.5631067961165048,0.0,0.0,0.2553191489361702,0.0,0.23529411764705882,0.07514450867052024,0.0,0.0,0.18723674256978629,0.0,0.7375965436175775,0.12745251643899344,0.2037969398848214,0.0,0.0,0.0,0.5185375576214059,0.06949171030086473,banana
0.0,0.0,0.6796116504854369,0.0,0.0,0.2127659574468085,0.0,0.0,0.1329479768786127,0.0,0.0,0.21140279373066131,0.0,0.6312222927975725,0.17911977013386698,0.11539281300790148,0.25669133678147016,0.0,0.0,0.23940328854765375,0.10978045570265813,banana
0.0,0.026455026455026454,0.44660194174757284,0.0,0.0,0.4574468085106383,0.0,0.11764705882352941,0.08670520231213873,0.0,0.3924893873024018,0.09957681143435351,0.0,0.9332932287847625,0.032400281505864124,0.0,0.9110992389171858,0.01262823644455031,0.0,0.41265365516228625,0.0847744256853977,banana
0.0,0.0,0.6310679611650486,0.0,0.0,0.23404255319148937,0.0,0.0,0.12716763005780346,0.0,0.7288760896530039,0.044439807192975044,0.0,0.5845202361209081,0.2018035210584074,0.24118072214396002,0.0,0.0,0.0,0.45072565972848955,0.07927931645358063,banana
0.0,0.0,0.47572815533980584,0.0,0.0,0.2978723404255319,0.0,0.23529411764705882,0.07514450867052024,0.0,0.25283474204800305,0.12246754615695991,0.0,0.765745425350086,0.11378026584743399,0.21141067327904078,0.0,0.0,0.0,0.8523126506413068,0.02131640101776962,banana
0.0,0.0,0.7766990291262136,0.0,0.0,0.3723404255319149,0.0,0.0,0.12138728323699421,0.023984414080226436,0.8578134591766857,0.0,0.0,0.6744116566773121,0.15814217637134476,0.2471202556980728,0.0,0.0,0.0,0.28601812967794443,0.10305231919518001,banana
0.0,0.0,0.7184466019417476,0.0,0.0,0.2978723404255319,0.0,0.0,0.12138728323699421,0.0,0.08428074991371867,0.1500951607869907,0.07097335093431918,0.767479931690746,0.0,0.08904722776724078,0.42639776161404974,0.0,0.0,0.15550207181382014,0.1218903079651798,banana
0.0,0.0,0.5631067961165048,0.0,0.0,0.24468085106382978,0.0,0.0,0.10404624277456648,0.0,0.8979270711614125,0.016730731241680574,2.4439966969831596e-05,0.999919930752677,0.0,0.14469906662336934,0.06791361630623571,0.0,0.0,0.48178006506544835,0.07479708990942868,banana
0.0,0.0,0.5242718446601942,0.0,0.0,0.2553191489361702,0.0,0.0,0.1329479768786127,0.0,0.36298965784555864,0.10441209979984371,0.06585728616894922,0.7842409795074015,0.0,0.07282690819187812,0.5308817736271253,0.0,0.0,0.5098871458012201,0.07074026441283601,banana
0.0,0.0,0.5436893203883495,0.0,0.0,0.3404255319148936,0.0,0.17647058823529413,0.08092485549132948,0.0,0.0,0.20932061821772077,0.0,0.6801169678822746,0.15537103806331762,0.22591443288061683,0.0,0.0,0.0,0.5108470271548723,0.07060172027921333,banana
0.0,0.0,0.5339805825242718,0.0,0.0,0.3617021276595745,0.0,0.0,0.10982658959537572,0.0,0.0,0.2003946002643826,0.0,0.935762476963934,0.031200937951146788,0.23431915849198767,0.0,0.0,0.0,0.5240109330460332,0.06870171260655447,banana
0.0,0.0,0.6504854368932039,0.0,0.0,0.30851063829787234,0.0,0.0,0.12716763005780346,0.0,0.4964737724548976,0.08253277418458549,0.0,0.9090378326692544,0.044181419280363295,0.18694214012958787,0.0,0.0,0.0,0.4807634555959073,0.0749438218754725,banana
0.0,0.0,0.6407766990291263,0.0,0.0,0.22340425531914893,0.0,0.0,0.10982658959537572,0.0,0.8218874336701998,0.029194356544253043,0.0,0.858531295585483,0.06871305212046032,0.11148420035431547,0.2818688636208333,0.0,0.0,0.6730034144458396,0.04719693582003882,banana
0.0,0.0,0.5339805825242718,0.0,0.0,0.2553191489361702,0.0,0.23529411764705882,0.07514450867052024,0.0,0.0,0.188826797791867,0.0380762118015948,0.8752562299438599,0.0,0.25704335911153725,0.0,0.0,0.05937431224878614,0.853784177797114,0.0,banana
0.0,0.0,0.5436893203883495,0.0,0.0,0.3617021276595745,0.0,0.0,0.09826589595375723,0.0,0.20036132642200008,0.13106844185144859,0.017924740279039723,0.9412756791212379,0.0,0.25024935306524776,0.0,0.0,0.0,0.16295819999120917,0.120814130357827,banana
0.0,0.0,0.8058252427184466,0.0,0.0,0.3829787234042553,0.0,0.0,0.11560693641618497,0.0,0.16375796924267944,0.13706808287751213,0.06672079517133937,0.7814119856726983,0.0,0.1779104270797688,0.0,0.0,0.0,0.17942759856913018,0.11843702557442543,banana
0.0,0.0,0.6893203883495146,0.0,0.0,0.22340425531914893,0.0,0.17647058823529413,0.08092485549132948,0.02598881239947941,0.845930806446736,0.0,0.0,0.5245330305697015,0.2309400286602813,0.10759213330102615,0.3069398111359031,0.0,0.05253508553206014,0.8706265313291919,0.0,banana
0.0,0.0,0.6601941747572816,0.0,0.0,0.39361702127659576,0.0,0.0,0.12716763005780346,0.0,0.9362783050315031,0.010444596475409849,0.0,0.5737699057698794,0.20702508587572535,0.1385477276068189,0.10753777887070158,0.0,0.0,0.3424150401727798,0.09491229118674582,banana
0.0,0.0,0.5922330097087378,0.0,0.0,0.2978723404255319,0.0,0.0,0.10404624277456648,0.01535176633179238,0.9089902908220315,0.0,0.0,0.5778571400823546,0.205039866985767,0.0,0.9781947537973417,0.003097406607377553,0.050935926999320015,0.8745646363924996,0.0,banana
0.0,0.0,0.7184466019417476,0.0,0.0,0.39361702127659576,0.0,0.0,0.1329479768786127,0.0,0.0,0.21293928471526438,0.03206866873625427,0.8949379034950563,0.0,0.31491752740439805,0.0,0.0,0.0,0.946162998285864,0.007770544485469985,banana
0.0,0.0,0.5825242718446602,0.0,0.0,0.24468085106382978,0.0,0.23529411764705882,0.07514450867052024,0.0,0.7041698459296062,0.04848939730889381,0.029522082910819574,0.9032809266479779,0.0,0.2559076706549435,0.0,0.0,0.0,0.37930076452925343,0.08958840328688338,banana
0.0,0.0,0.5631067961165048,0.0,0.0,0.32978723404255317,0.0,0.058823529411764705,0.09248554913294797,0.0,0.3937811695248312,0.09936507594844006,0.0,0.7004340781701399,0.14550277310729834,0.24176693627582763,0.0,0.0,0.027945217117800614,0.9311818066978802,0.0,banana
0.0,0.0,0.5048543689320388,0.0,0.0,0.425531914893617,0.0,0.0,0.1329479768786127,0.030717115788208856,0.817900056954262,0.0,0.003192846439948928,0.989539723536445,0.0,0.05118423879114434,0.670294127320578,0.0,0.00720648224827383,0.9822532390319452,0.0,banana
0.0,0.0,0.5048543689320388,0.0,0.0,0.3617021276595745,0.0,0.0,0.1329479768786127,0.0,0.637764251065719,0.05937391069802676,0.060223857736216066,0.8026969935852293,0.0,0.0512485100826986,0.6698801205331253,0.0,0.04197952745532307,0.8966207625808048,0.0,banana
0.0,0.0,0.7864077669902912,0.0,0.0,0.39361702127659576,0.0,0.0,0.10982658959537572,0.008909017801471152,0.9471847667786533,0.0,0.014814233585128863,0.9514661973851122,0.0,0.07640796021561864,0.5078142452144129,0.0,0.0,0.8029144290967196,0.02844627574692878,banana
0.0,0.0,0.6213592233009708,0.0,0.0,0.43617021276595747,0.0,0.23529411764705882,0.07514450867052024,0.0,0.11268690767234114,0.1454391193029667,0.0,0.9820705511893549,0.008708549044226337,0.22839866515090812,0.0,0.0,0.0,0.8933191049277601,0.015397749029752038,banana
0.0,0.0,0.6019417475728155,0.0,0.0,0.43617021276595747,0.0,0.11764705882352941,0.08670520231213873,0.0,0.14637488365701978,0.13991733719395003,0.0451660523136379,0.852028776562272,0.0,0.034623794435505784,0.7769690703731549,0.0,0.0,0.7062262093253941,0.04240173554283915,banana
0.0,0.047619047619047616,0.4368932038834951,0.0,0.0,0.2765957446808511,0.0,0.17647058823529413,0.08092485549132948,0.0,0.0,0.18522932863031072,0.0,0.8189297150632625,0.08794801633206942,0.17941502338781115,0.0,0.0,0.0,0.9672604073748179,0.004725457451753732,banana
0.0,0.0,0.5145631067961165,0.0,0.0,0.3723404255319149,0.0,0.0,0.1329479768786127,0.0,0.20225925235072334,0.13075735360315996,0.0,0.6115411447752835,0.18867914056454196,0.26728780288849874,0.0,0.0,0.0,0.9084267634171811,0.013217190517473113,banana
0.0,0.0,0.5631067961165048,0.0,0.0,0.39361702127659576,0.0,0.0,0.11560693641618497,0.0,0.18849172936178946,0.13301398256063565,0.02374512076508704,0.9222071801651437,0.0,0.06491934229080792,0.5818187608278311,0.0,0.002489019260580795,0.9938705143035643,0.0,banana
0.0,0.0,0.6504854368932039,0.0,0.0,0.23404255319148937,0.0,0.17647058823529413,0.08092485549132948,0.0,0.0,0.19590849759837342,0.005348067641475613,0.9824788735920159,0.0,0.04885910494248359,0.6852715950484324,0.0,0.05915364463646041,0.8543275962410121,0.0,banana
0.0,0.0,0.6310679611650486,0.0,0.0,0.23404255319148937,0.0,0.0,0.11560693641618497,0.0,0.21918735721888308,0.12798267498657953,0.0,0.6950141929897741,0.14813527656045905,0.023612139617132214,0.8479012039221365,0.0,0.06195733596258199,0.84742319571955,0.0,banana
0.0,0.0,0.6116504854368932,0.0,0.0,0.24468085106382978,0.0,0.0,0.11560693641618497,0.0097709354127101,0.9420750699894456,0.0,0.0,0.8874340959177819,0.05467461419258237,0.20127673622344616,0.0,0.0,0.0,0.9452249653180852,0.00790593514009198,banana
0.0,0.0,0.5533980582524272,0.0,0.0,0.40425531914893614,0.0,0.058823529411764705,0.09248554913294797,0.0,0.0006224221872977512,0.16380756243201977,0.0,0.5733392238928279,0.20723427324608867,0.2642225898653983,0.0,0.0,0.0,0.448410106337588,0.07961353102830791,banana
0.0,0.0,0.6019417475728155,0.0,0.0,0.20212765957446807,0.0,0.17647058823529413,0.08092485549132948,0.0,0.6634735590442057,0.05515990873793951,0.0,0.7337989049754606,0.12929707522696293,0.23887169318638718,0.0,0.0,0.0,0.8080023063955312,0.027711918787435477,banana
0.0,0.0,0.7281553398058253,0.0,0.0,0.3829787234042553,0.0,0.058823529411764705,0.09248554913294797,0.0,0.4605318212734705,0.08842400442908037,0.046455906477535315,0.8478030076736655,0.0,0.07702453328795446,0.5038425584669628,0.0,0.0,0.8434728363701103,0.022592292465112025,banana
0.0,0.0,0.7766990291262136,0.0,0.0,0.32978723404255317,0.0,0.23529411764705882,0.07514450867052024,0.0181707330029882,0.8922786414011689,0.0,0.017849759050271943,0.941521329639432,0.0,0.2775659169175493,0.0,0.0,0.0,0.6410053523092987,0.05181536473257496,banana
0.0,0.0,0.5728155339805825,0.0,0.0,0.3723404255319149,0.0,0.0,0.10982658959537572,0.0,0.0,0.23843777968255805,0.052642629049528135,0.8275343133523075,0.0,0.05741734597397012,0.6301432509618675,0.0,0.038415712645650926,0.9053970513972818,0.0,banana
0.0,0.0,0.7378640776699029,0.0,0.0,0.3617021276595745,0.0,0.23529411764705882,0.07514450867052024,0.0,0.20652629506287312,0.13005794440988952,0.05793258328998565,0.8102035757564132,0.0,0.1327313525869422,0.1450042538452407,0.0,0.0,0.5161702319165618,0.06983339741410263,banana
0.0,0.0,0.6601941747572816,0.0,0.0,0.44680851063829785,0.0,0.17647058823529413,0.08092485549132948,0.03508662627295725,0.7919963355275299,0.0,0.02583302198060049,0.9153668812802364,0.0,0.22757569942924602,0.0,0.0,0.0,0.5407659688099452,0.06628338048155179,banana
0.0,0.0,0.46601941747572817,0.0,0.0,0.40425531914893614,0.0,0.0,0.10982658959537572,0.0,0.0,0.19985592250721299,0.0,0.5537229971811819,0.2167621106149434,0.09138838192643285,0.41131709824259344,0.0,0.0,0.5346063185577524,0.06717243140890002,banana
0.0,0.0,0.6893203883495146,0.0,0.0,0.4574468085106383,0.0,0.11764705882352941,0.08670520231213873,0.0,0.4058567666151137,0.09738576986014488,0.0,0.5701492665324517,0.20878367392288663,0.012880175916159317,0.917031692939106,0.0,0.05431713887222517,0.8662380275390371,0.0,banana
0.0,0.0,0.5339805825242718,0.0,0.0,0.3191489361702128,0.0,0.0,0.11560693641618497,0.0,0.18595370720121485,0.13342998871561873,0.05957953316028877,0.8048079041232788,0.0,0.1827321378506245,0.0,0.0,0.0,0.6994391484244085,0.043381343562927985,banana
0.0,0.0,0.7087378640776699,0.0,0.0,0.2127659574468085,0.0,0.0,0.12716763005780346,0.0,0.0,0.1700188072835249,0.0,0.8169207362550907,0.08892380151456698,0.2395740151900021,0.0,0.0,0.006533258933417417,0.9839111260335734,0.0,banana
0.0,0.047619047619047616,0.4368932038834951,0.0,0.0,0.2553191489361702,0.0,0.0,0.1329479768786127,0.0,0.41033363998522066,0.0966519674111455,0.029989564153963783,0.9017493832002156,0.0,0.04930182251208376,0.6824198073480985,0.0,0.03633154718849067,0.9105295397476083,0.0,banana
0.0,0.0,0.7766990291262136,0.0,0.0,0.3191489361702128,0.0,0.0,0.12138728323699421,0.0,0.0,0.21620822338197218,0.03424127328233814,0.8878201029288703,0.0,0.3141477604550305,0.0,0.0,0.0,0.8891820773141679,0.01599486543827215,banana
0.9459459459459459,0.0,0.0,0.2391304347826087,0.5217391304347826,0.0,0.18518518518518517,0.5833333333333334,0.0,0.0,0.0,0.22896791934109945,0.4972323686546495,0.0,0.0,0.1610861215254048,0.0,0.0,0.06391626827951502,0.8425991078520562,0.0,mango
0.0,0.9576719576719577,0.019417475728155338,0.5869565217391305,0.0,0.0,0.037037037037037035,0.9166666666666666,0.0,0.0,0.0,0.44024730461348793,0.4038858967251892,0.0,0.0,0.5711517296828352,0.0,0.0,0.0,0.8704875365878701,0.01869313532188241,mango
0.43243243243243246,0.0,0.0,0.5434782608695652,0.0,0.0,0.18518518518518517,0.5833333333333334,0.0,0.0,0.5259936338018947,0.07769418600936723,0.4953233994191883,0.0,0.0,0.24841969930088054,0.0,0.0,0.0,0.9665454800527911,0.0048286462323843095,mango
0.32432432432432434,0.25,0.0,0.6304347826086957,0.0,0.0,0.25925925925925924,0.4166666666666667,0.0,0.0,0.0,0.44049879990235097,0.5276376014788446,0.0,0.0,0.153283069111372,0.012619328489672399,0.0,0.0,0.9715089054980345,0.004112251986891783,mango
0.0,0.0,0.0,0.6521739130434783,0.0,0.0,0.0,1.0,0.0,0.0,0.0,0.569783542190406,0.39588404136064037,0.0,0.0,0.0,0.9897830062930963,0.0014513105479836495,0.035769317235153336,0.9119140932991484,0.0,mango
0.4594594594594595,0.0,0.0,0.6956521739130435,0.0,0.0,0.0,0.8235294117647058,0.017341040462427744,0.0,0.0,0.47455880969993725,0.4508265813297929,0.0,0.0,0.10653389495077746,0.313756507193361,0.0,0.0,0.8932221749519291,0.015411739383322782,mango
0.4864864864864865,0.0,0.0,0.6521739130434783,0.0,0.0,0.0,0.8823529411764706,0.011560693641618497,0.0,0.0,0.24435924868637635,0.4120060143789678,0.0,0.0,0.46254694249928535,0.0,0.0,0.0,0.9026932352612622,0.014044737263683618,mango
0.5135135135135135,0.0,0.0,0.7391304347826086,0.0,0.0,0.037037037037037035,0.9166666666666666,0.0,0.0,0.0,0.3400617471570887,0.5332902004616149,0.0,0.0,0.2594046472096479,0.0,0.0,0.01491110010875857,0.9632797639286129,0.0,mango
0.7027027027027027,0.0,0.0,0.32608695652173914,0.34782608695652173,0.0,0.0,0.9411764705882353,0.005780346820809248,0.0,0.0,0.5748475214765407,0.42656944227881427,0.0,0.0,0.15286513775366584,0.015311454547751902,0.0,0.0,0.9828664583148432,0.00247296364246093,mango
0.1891891891891892,0.5625,0.0,0.5,0.0,0.0,0.07407407407407407,0.8333333333333334,0.0,0.0,0.0,0.34672733182914556,0.4270903043925973,0.0,0.0,0.4658546168133141,0.0,0.0,0.0,0.8775484213627424,0.017674005030391536,mango
0.5135135135135135,0.0,0.0,0.6956521739130435,0.0,0.0,0.18518518518518517,0.5833333333333334,0.0,0.0,0.2721829161129454,0.11929619500655156,0.4247835481316547,0.0,0.0,0.5659224293249295,0.0,0.0,0.010119577921862797,0.9750794181835497,0.0,mango
0.3783783783783784,0.125,0.0,0.6086956521739131,0.0,0.0,0.18518518518518517,0.5833333333333334,0.0,0.0,0.0,0.504814944886387,0.4386607434956883,0.0,0.0,0.4327979065946835,0.0,0.0,0.0,0.916837882792796,0.01200317459534102,mango
0.0,1.0,0.0,0.45652173913043476,0.08695652173913043,0.0,0.0,0.8823529411764706,0.011560693641618497,0.0,0.3451204908939845,0.10734102751046395,0.40531008730500206,0.0,0.0,0.0,0.25243494361624114,0.10619063520618911,0.0,0.8473987975012904,0.022025640262226597,mango
0.7027027027027027,0.0,0.0,0.5217391304347826,0.0,0.0,0.07407407407407407,0.8333333333333334,0.0,0.0,0.29203097192919,0.11604290844654128,0.48192774825248386,0.0,0.0,0.010376438410996239,0.9331596451876177,0.0,0.06712300900812236,0.8347021535217027,0.0,mango
0.6756756756756757,0.0,0.0,0.6956521739130435,0.0,0.0,0.037037037037037035,0.9166666666666666,0.0,0.0,0.4414234310140322,0.09155605271582407,0.4199940188255401,0.0,0.0,0.293922871757254,0.0,0.0,0.040110442142550246,0.9012235922460866,0.0,mango
0.918918918918919,0.0,0.0,0.5,0.0,0.0,0.0,0.9411764705882353,0.005780346820809248,0.0,0.0,0.2621341193861811,0.4770225285778183,0.0,0.0,0.22942742700640203,0.0,0.0,0.0058818708656834424,0.9855152413199584,0.0,mango
0.0,1.0,0.0,0.2826086956521739,0.43478260869565216,0.0,0.0,1.0,0.0,0.0,0.0,0.3462314260231188,0.527705612394811,0.0,0.0,0.34506974477666064,0.0,0.0,0.044325308678871876,0.8908440164204097,0.0,mango
0.2972972972972973,0.3125,0.0,0.30434782608695654,0.391304347826087,0.0,0.07407407407407407,0.8333333333333334,0.0,0.0,0.0,0.542196088983084,0.46837529072164313,0.0,0.0,0.08864570777672369,0.42898417301721337,0.0,0.0,0.9135059212936955,0.012484092072694427,mango
0.6216216216216216,0.0,0.0,0.717391304347826,0.0,0.0,0.07407407407407407,0.8333333333333334,0.0,0.0,0.0,0.23282767220548725,0.4279260242677747,0.0,0.0,0.4224850631732304,0.0,0.0,0.0,0.9701210799320467,0.004312563296125587,mango
0.0,0.9365079365079365,0.02912621359223301,0.7608695652173914,0.0,0.0,0.0,0.8235294117647058,0.017341040462427744,0.0,0.0,0.47385023516759234,0.39731603257738235,0.0,0.0,0.5034788386484059,0.0,0.0,0.0,0.8821122207350457,0.01701529067193699,mango
0.8918918918918919,0.0,0.0,0.6739130434782609,0.0,0.0,0.25925925925925924,0.4166666666666667,0.0,0.0,0.0,0.18443577943360365,0.4913169779754028,0.0,0.0,0.26040478488213703,0.0,0.0,0.0,0.825992510317948,0.025115309105787652,mango
0.02702702702702703,0.9375,0.0,0.5652173913043478,0.0,0.0,0.0,0.9411764705882353,0.005780346820809248,0.0,0.19498269287306583,0.13195005143568037,0.40992092067992064,0.0,0.0,0.30012756637967924,0.0,0.0,0.0,0.838535669192156,0.023304896732938896,mango
0.1891891891891892,0.5625,0.0,0.7391304347826086,0.0,0.0,0.037037037037037035,0.9166666666666666,0.0,0.0,0.0,0.3101261604110752,0.39226004806029774,0.0,0.0,0.0,0.23908172586787557,0.10808744226349702,0.0031889801512521732,0.992146783059141,0.0,mango
0.24324324324324326,0.4375,0.0,0.30434782608695654,0.391304347826087,0.0,0.14814814814814814,0.6666666666666666,0.0,0.0,0.0,0.3615354268582001,0.4522767697537195,0.0,0.0,0.112035164940486,0.278319797267809,0.0,0.0,0.8719140310145302,0.0184872427564031,mango
0.0,0.9788359788359788,0.009708737864077669,0.782608695652174,0.0,0.0,0.07407407407407407,0.8333333333333334,0.0,0.0,0.0,0.18365678591058804,0.4883085176334949,0.0,0.0,0.4621251200936022,0.0,0.0,0.0,0.9270169976078129,0.010533975680572573,mango
0.6756756756756757,0.0,0.0,0.30434782608695654,0.391304347826087,0.0,0.07407407407407407,0.8333333333333334,0.0,0.0,0.0,0.30420750993710877,0.4992996484427353,0.0,0.0,0.6432844886812789,0.0,0.0,0.061366251801882696,0.8488788059535788,0.0,mango
0.0,0.9788359788359788,0.009708737864077669,0.6956521739130435,0.0,0.0,0.037037037037037035,0.9166666666666666,0.0,0.0,0.0,0.5055953319082636,0.4739779814552711,0.0,0.0,0.1951605577204292,0.0,0.0,0.056490868571288044,0.860884977319886,0.0,mango
0.7837837837837838,0.0,0.0,0.391304347826087,0.21739130434782608,0.0,0.1111111111111111,0.75,0.0,0.0,0.0,0.24241634727177663,0.4679749805558927,0.0,0.0,0.0,0.965206010508264,0.004942440546054909,0.04078565738423485,0.8995607999039513,0.0,mango
0.5945945945945946,0.0,0.0,0.5217391304347826,0.0,0.0,0.14814814814814814,0.6666666666666666,0.0,0.0,0.0,0.4539129441099608,0.5186805048716328,0.0,0.0,0.6566196432656806,0.0,0.0,0.054143170565215656,0.8666664437696127,0.0,mango
0.08108108108108109,0.8125,0.0,0.7608695652173914,0.0,0.0,0.25925925925925924,0.4166666666666667,0.0,0.0,0.0,0.24746263039472663,0.4457100873572258,0.0,0.0,0.10880746719165814,0.2991111761796864,0.0,0.037123785954687724,0.9085785640109104,0.0,mango
0.7027027027027027,0.0,0.0,0.32608695652173914,0.34782608695652173,0.0,0.037037037037037035,0.9166666666666666,0.0,0.0,0.21634478832904977,0.12844859926907926,0.43333747072509304,0.0,0.0,0.0,0.8989083077284,0.014359942221375111,0.0,0.8166338643995301,0.026466085934314737,mango
0.10810810810810811,0.75,0.0,0.4782608695652174,0.043478260869565216,0.0,0.0,0.8823529411764706,0.011560693641618497,0.0,0.0,0.32145042586174344,0.472035104247135,0.0,0.0,0.0,0.18183632950056117,0.11621907569254084,0.025051183853107443,0.938308684252378,0.0,mango
0.6756756756756757,0.0,0.0,0.43478260869565216,0.13043478260869565,0.0,0.2222222222222222,0.5,0.0,0.0,0.0,0.5636551095629903,0.4308872135231294,0.0,0.0,0.3526254271456731,0.0,0.0,0.0,0.8180796456372901,0.026257409613818207,mango
0.6756756756756757,0.0,0.0,0.3695652173913043,0.2608695652173913,0.0,0.14814814814814814,0.6666666666666666,0.0,0.0,0.0,0.4294293124012214,0.5353881329228904,0.0,0.0,0.09922836316973933,0.3608154610459905,0.0,0.0,0.8657021489227649,0.01938383254773026,mango
0.8648648648648649,0.0,0.0,0.7608695652173914,0.0,0.0,0.037037037037037035,0.9166666666666666,0.0,0.0,0.0,0.5732128056946983,0.4798960484120485,0.0,0.0,0.6401264414788392,0.0,0.0,0.0,0.8932370563033996,0.015409591488753573,mango
0.972972972972973,0.0,0.0,0.45652173913043476,0.08695652173913043,0.0,0.1111111111111111,0.75,0.0,0.0,0.07705834910183107,0.1512789814951676,0.43913364238478125,0.0,0.0,0.0,0.9816435326480277,0.0026075120975785062,0.04279885594417322,0.8946030754007075,0.0,mango
0.5675675675675675,0.0,0.0,0.34782608695652173,0.30434782608695654,0.0,0.037037037037037035,0.9166666666666666,0.0,0.0,0.0,0.36941422682179026,0.45728926751709714,0.0,0.0,0.3794719600727618,0.0,0.0,0.0,0.9616581334803672,0.005534059660839727,mango
0.05405405405405406,0.875,0.0,0.717391304347826,0.0,0.0,0.2222222222222222,0.5,0.0,0.0,0.0,0.3538353991345432,0.44739537621328174,0.0,0.0,0.39230868966284627,0.0,0.0,0.0,0.9142924934573708,0.012370562459338057,mango
0.8918918918918919,0.0,0.0,0.2391304347826087,0.5217391304347826,0.0,0.2222222222222222,0.5,0.0,0.0,0.33043456558869494,0.10974819140900106,0.48182333990168924,0.0,0.0,0.0,0.408347195867702,0.08404350438241896,0.0,0.9667706224413057,0.004796150385850949,mango
0.7567567567567568,0.0,0.0,0.4782608695652174,0.043478260869565216,0.0,0.0,0.8823529411764706,0.011560693641618497,0.0,0.0,0.20944100733626256,0.5223233929541228,0.0,0.0,0.2388879268316805,0.0,0.0,0.0,0.797793701327632,0.029185374167360098,mango
0.9459459459459459,0.0,0.0,0.2826086956521739,0.43478260869565216,0.0,0.0,0.9411764705882353,0.005780346820809248,0.0,0.0,0.3755245489427708,0.41139134361050106,0.0,0.0,0.5936558766948585,0.0,0.0,0.062302693425832965,0.8465727147029186,0.0,mango
0.2972972972972973,0.3125,0.0,0.41304347826086957,0.17391304347826086,0.0,0.0,1.0,0.0,0.0,0.0,0.29407978149406794,0.4612770259989491,0.0,0.0,0.0,0.22755143396883656,0.109725305096191,0.06331874314016875,0.8440705797096218,0.0,mango
0.08108108108108109,0.8125,0.0,0.2826086956521739,0.43478260869565216,0.0,0.037037037037037035,0.9166666666666666,0.0,0.0,0.0,0.5409731164335484,0.5269499306005452,0.0,0.0,0.0,0.941836716686729,0.008262018065145045,0.0,0.9133248352021616,0.012510229069279715,mango
0.8648648648648649,0.0,0.0,0.41304347826086957,0.17391304347826086,0.0,0.0,0.9411764705882353,0.005780346820809248,0.0,0.0,0.37201986113709185,0.4211043417503571,0.0,0.0,0.19939146714840766,0.0,0.0,0.020097901562750722,0.9505066906840619,0.0,mango
0.16216216216216217,0.625,0.0,0.4782608695652174,0.043478260869565216,0.0,0.2222222222222222,0.5,0.0,0.0,0.11404796857192294,0.14521602837794317,0.4994019820403714,0.0,0.0,0.4797191949943534,0.0,0.0,0.0,0.9013363795458544,0.01424057855055401,mango
0.08108108108108109,0.8125,0.0,0.3695652173913043,0.2608695652173913,0.0,0.0,0.8235294117647058,0.017341040462427744,0.0,0.4344715434057817,0.09269553371749038,0.5029828872875703,0.0,0.0,0.0007994852006896966,0.9948500754917295,0.0,0.0,0.9867221334532951,0.0019164561433259273,mango
0.02702702702702703,0.9375,0.0,0.6956521739130435,0.0,0.0,0.0,1.0,0.0,0.0,0.49090951376622805,0.08344480950813861,0.44950975295847023,0.0,0.0,0.5075158288331673,0.0,0.0,0.033422947448193706,0.9176922888621518,0.0,mango
0.8108108108108109,0.0,0.0,0.7391304347826086,0.0,0.0,0.2222222222222222,0.5,0.0,0.0,0.0,0.5141160790138415,0.4789996410253417,0.0,0.0,0.0036019208204398113,0.9767980441738883,0.0,0.04335704203556849,0.8932284803072335,0.0,mango
0.0,0.9788359788359788,0.009708737864077669,0.782608695652174,0.0,0.0,0.18518518518518517,0.5833333333333334,0.0,0.0,0.0,0.4507200094932733,0.4828093117453796,0.0,0.0,0.0,0.2925296231204183,0.10049523860012907,0.034869531967303226,0.9141299142116245,0.0,mango
0.8648648648648649,0.0,0.0,0.6956521739130435,0.0,0.0,0.25925925925925924,0.4166666666666667,0.0,0.0,0.4085603697753346,0.0969426233924919,0.39316850526539115,0.0,0.0,0.0,0.967342838947744,0.004638906870453909,0.0,0.952030381393827,0.006923677832386098,mango
0.0,1.0,0.0,0.32608695652173914,0.34782608695652173,0.0,0.2222222222222222,0.5,0.0,0.0,0.0,0.4035176845751268,0.4207484925873038,0.0,0.0,0.6076476229393747,0.0,0.0,0.0050365510201267885,0.98759693509562,0.0,mango
0.43243243243243246,0.0,0.0,0.43478260869565216,0.13043478260869565,0.0,0.0,1.0,0.0,0.0,0.0,0.5414284569843261,0.4386688434600857,0.0,0.0,0.40082042268912693,0.0,0.0,0.0612296874095522,0.8492151109001451,0.0,mango
0.0,1.0,0.0,0.32608695652173914,0.34782608695652173,0.0,0.18518518518518517,0.5833333333333334,0.0,0.0,0.34042986848797036,0.10810986547488964,0.49179947588260187,0.0,0.0,0.17615038790649346,0.0,0.0,0.05979795186041009,0.8527409183169576,0.0,mango
0.3783783783783784,0.125,0.0,0.6086956521739131,0.0,0.0,0.07407407407407407,0.8333333333333334,0.0,0.0,0.0,0.3995573060460697,0.49864161370221227,0.0,0.0,0.5717822369736248,0.0,0.0,0.05325592327859207,0.8688513885141911,0.0,mango
0.02702702702702703,0.9375,0.0,0.5434782608695652,0.0,0.0,0.2222222222222222,0.5,0.0,0.0,0.0,0.25304522304593635,0.443834605193504,0.0,0.0,0.0,0.21863809540243972,0.11099143314229326,0.0,0.9875231274428112,0.001800844960868576,mango
0.35135135135135137,0.1875,0.0,0.391304347826087,0.21739130434782608,0.0,0.0,0.8235294117647058,0.017341040462427744,0.0,0.0,0.2027535924728402,0.38738240547663627,0.0,0.0,0.37057211975139936,0.0,0.0,0.0,0.7996251133447942,0.028921037965538392,mango
0.2972972972972973,0.3125,0.0,0.717391304347826,0.0,0.0,0.07407407407407407,0.8333333333333334,0.0,0.0,0.0,0.35749019868690957,0.4438292965861182,0.0,0.0,0.030411553682493167,0.8041024330294758,0.0,0.0,0.9411378382423135,0.008495849172242007,mango
0.40540540540540543,0.0625,0.0,0.7391304347826086,0.0,0.0,0.2222222222222222,0.5,0.0,0.0,0.0,0.17146222039959133,0.49466640613286383,0.0,0.0,0.5720694019987219,0.0,0.0,0.0,0.8375901821132145,0.023441363274043163,mango
0.7027027027027027,0.0,0.0,0.3695652173913043,0.2608695652173913,0.0,0.0,1.0,0.0,0.0,0.0,0.19607214271391066,0.4691272833275153,0.0,0.0,0.0,0.18438896239523855,0.1158564775397523,0.0,0.9087094648772573,0.013176386902827296,mango
0.21621621621621623,0.5,0.0,0.34782608695652173,0.30434782608695654,0.0,0.14814814814814814,0.6666666666666666,0.0,0.0,0.07239138546362625,0.15204394156081807,0.4067669196811556,0.0,0.0,0.0,0.0,0.1545200773553515,0.05980763074149896,0.8527170829999189,0.0,mango
0.40540540540540543,0.0625,0.0,0.5,0.0,0.0,0.2222222222222222,0.5,0.0,0.0,0.3000687632298887,0.11472543742304038,0.5294294269009744,0.0,0.0,0.5058952160825608,0.0,0.0,0.027026622868904834,0.9334439468100949,0.0,mango
0.3783783783783784,0.125,0.0,0.5869565217391305,0.0,0.0,0.0,1.0,0.0,0.0,0.148447675217377,0.13957758679283044,0.5180730178113826,0.0,0.0,0.27203618985135813,0.0,0.0,0.02096472232355159,0.9483720485224489,0.0,mango
0.972972972972973,0.0,0.0,0.34782608695652173,0.30434782608695654,0.0,0.0,0.8823529411764706,0.011560693641618497,0.0,0.0,0.2873884577529357,0.5101219291103707,0.0,0.0,0.05192871136042292,0.6654985694704073,0.0,0.03555542801413513,0.9124408192034498,0.0,mango
0.9459459459459459,0.0,0.0,0.5869565217391305,0.0,0.0,0.0,0.8823529411764706,0.011560693641618497,0.0,0.0,0.18230000040632185,0.38761009053135803,0.0,0.0,0.0,0.90427270044588,0.01359793727571826,0.001398333838867311,0.9965564479954329,0.0,mango
0.0,0.9576719576719577,0.019417475728155338,0.30434782608695654,0.391304347826087,0.0,0.25925925925925924,0.4166666666666667,0.0,0.0,0.0,0.4277059614619784,0.5264917917875312,0.0,0.0,0.0,0.0,0.15048273363388293,0.0,0.8837340339626849,0.016781206836819083,mango
0.5945945945945946,0.0,0.0,0.32608695652173914,0.34782608695652173,0.0,0.18518518518518517,0.5833333333333334,0.0,0.0,0.26072886286554925,0.12117362410249848,0.40027541348404605,0.0,0.0,0.267553654983373,0.0,0.0,0.051651252020377125,0.8728030692747549,0.0,mango
0.918918918918919,0.0,0.0,0.717391304347826,0.0,0.0,0.037037037037037035,0.9166666666666666,0.0,0.0,0.0,0.3349398770933451,0.4872984579328209,0.0,0.0,0.01120822379575012,0.9278016574038916,0.0,0.050500300598649,0.875637414668743,0.0,mango
0.7837837837837838,0.0,0.0,0.2826086956521739,0.43478260869565216,0.0,0.0,1.0,0.0,0.0,0.0,0.22973173152658435,0.5094896732306976,0.0,0.0,0.49420683771974283,0.0,0.0,0.04636766939047831,0.8858144768877052,0.0,mango
0.10810810810810811,0.75,0.0,0.43478260869565216,0.13043478260869565,0.0,0.0,0.8823529411764706,0.011560693641618497,0.0,0.0,0.3170507477848742,0.45684846900710285,0.0,0.0,0.34372578440722734,0.0,0.0,0.06811827964795614,0.8322511893015544,0.0,mango
0.6216216216216216,0.0,0.0,0.4782608695652174,0.043478260869565216,0.0,0.0,1.0,0.0,0.0,0.0,0.5552741676232034,0.4757625565680674,0.0,0.0,0.0,0.0,0.1474268185119174,0.0,0.9097990936836884,0.013019115716776114,mango
0.5135135135135135,0.0,0.0,0.6739130434782609,0.0,0.0,0.2222222222222222,0.5,0.0,0.0,0.0,0.3355988737132585,0.43022205956118537,0.0,0.0,0.3387347693893489,0.0,0.0,0.06546503686341143,0.8387850936206569,0.0,mango
0.7567567567567568,0.0,0.0,0.6521739130434783,0.0,0.0,0.0,1.0,0.0,0.0,0.0,0.36901776173618484,0.40643622414397784,0.0,0.0,0.1900251815010028,0.0,0.0,0.0,0.9635124646359436,0.005266415433330362,mango
0.4594594594594595,0.0,0.0,0.45652173913043476,0.08695652173913043,0.0,0.18518518518518517,0.5833333333333334,0.0,0.0,0.25366444592258863,0.12233154974053667,0.43613448430090107,0.0,0.0,0.5738949363133689,0.0,0.0,0.0,0.9649195365366807,0.005063326211218992,mango
0.7567567567567568,0.0,0.0,0.2826086956521739,0.43478260869565216,0.0,0.25925925925925924,0.4166666666666667,0.0,0.0,0.0,0.4971522384809722,0.45507429031353924,0.0,0.0,0.31746759142612524,0.0,0.0,0.0,0.8150180552773091,0.026699303169013564,mango
0.2972972972972973,0.3125,0.0,0.5869565217391305,0.0,0.0,0.0,0.8823529411764706,0.011560693641618497,0.0,0.0,0.31383412811311284,0.4264139395447018,0.0,0.0,0.0,0.22533517871351003,0.1100401212467487,0.06862823635669275,0.8309953644063814,0.0,mango
0.16216216216216217,0.625,0.0,0.32608695652173914,0.34782608695652173,0.0,0.1111111111111111,0.75,0.0,0.0,0.0,0.4612600410022242,0.4191104506541305,0.0,0.0,0.0,0.9288053197414576,0.010113110899708972,0.0,0.9117830678698611,0.012732759508576818,mango
0.6216216216216216,0.0,0.0,0.717391304347826,0.0,0.0,0.0,0.8235294117647058,0.017341040462427744,0.0,0.0,0.30386181379333027,0.5052104283916047,0.0,0.0,0.5594981450895231,0.0,0.0,0.045555144073143254,0.8878154105041992,0.0,mango
0.0,0.9365079365079365,0.02912621359223301,0.7608695652173914,0.0,0.0,0.0,0.8235294117647058,0.017341040462427744,0.0,0.0,0.34822920938630636,0.4749466721969345,0.0,0.0,0.0,0.8814535820300344,0.016839363100442702,0.07064247019350935,0.826035090419123,0.0,mango
0.24324324324324326,0.4375,0.0,0.5217391304347826,0.0,0.0,0.0,0.8823529411764706,0.011560693641618497,0.0,0.0,0.3792684422514088,0.4496890516222222,0.0,0.0,0.0,0.7962101588681485,0.028948079492964688,0.0,0.9938403912445702,0.0008890449379276946,mango
0.0,0.0,0.0,0.7391304347826086,0.0,0.0,0.07407407407407407,0.8333333333333334,0.0,0.0,0.0,0.5463406190227856,0.4908372525473478,0.0,0.0,0.04996468991243233,0.6781499133364974,0.0,0.0,0.9005744200647176,0.014350555701134164,mango
0.972972972972973,0.0,0.0,0.4782608695652174,0.043478260869565216,0.0,0.1111111111111111,0.75,0.0,0.0,0.4158136417354629,0.09575374260726799,0.4707335723853764,0.0,0.0,0.12773349407757129,0.17719821316315296,0.0,0.01789064906526468,0.9559422945084396,0.0,mango
0.9459459459459459,0.0,0.0,0.32608695652173914,0.34782608695652173,0.0,0.037037037037037035,0.9166666666666666,0.0,0.0,0.0,0.2933903807094485,0.460825221088065,0.0,0.0,0.23741652993255383,0.0,0.0,0.04142176798533506,0.8979943070717966,0.0,mango
0.6756756756756757,0.0,0.0,0.5217391304347826,0.0,0.0,0.2222222222222222,0.5,0.0,0.0,0.0,0.19334891015015587,0.527176379381475,0.0,0.0,0.3773502578691287,0.0,0.0,0.0,0.9534836198039859,0.0067139251835648655,mango
0.8108108108108109,0.0,0.0,0.5,0.0,0.0,0.0,0.8235294117647058,0.017341040462427744,0.0,0.0,0.24463226493045453,0.5087843245131063,0.0,0.0,0.6012879209232322,0.0,0.0,0.0,0.9398097615524804,0.008687536648696575,mango
0.0,0.0,0.0,0.32608695652173914,0.34782608695652173,0.0,0.2222222222222222,0.5,0.0,0.0,0.0,0.47198778272693015,0.4412178072927435,0.0,0.0,0.4533239989775876,0.0,0.0,0.0,0.9482836134895395,0.0074644662446307014,mango
0.2972972972972973,0.3125,0.0,0.34782608695652173,0.30434782608695654,0.0,0.037037037037037035,0.9166666666666666,0.0,0.0,0.0,0.43412029812345365,0.41400433724338725,0.0,0.0,0.37170541598224494,0.0,0.0,0.0,0.891725092490528,0.01562782024767895,mango
0.2702702702702703,0.375,0.0,0.6521739130434783,0.0,0.0,0.07407407407407407,0.8333333333333334,0.0,0.0,0.0,0.5417359975914101,0.4226364034859701,0.0,0.0,0.46706389275008064,0.0,0.0,0.0487408427891568,0.8799702744611771,0.0,mango
0.40540540540540543,0.0625,0.0,0.2826086956521739,0.43478260869565216,0.0,0.037037037037037035,0.9166666666666666,0.0,0.0,0.0,0.328314213204059,0.41399997902336666,0.0,0.0,0.20680775631059617,0.0,0.0,0.0,0.8740598347533657,0.018177528937304392,mango
0.40540540540540543,0.0625,0.0,0.717391304347826,0.0,0.0,0.037037037037037035,0.9166666666666666,0.0,0.0,0.0,0.2857728327395296,0.4913566264810738,0.0,0.0,0.16060656176167548,0.0,0.0,0.060042972522870226,0.852137527788943,0.0,mango
0.24324324324324326,0.4375,0.0,0.6086956521739131,0.0,0.0,0.14814814814814814,0.6666666666666666,0.0,0.0,0.0,0.24448576112325557,0.4587295779835463,0.0,0.0,0.25648546234414155,0.0,0.0,0.0,0.9585091366516714,0.005988568997595001,mango
0.8108108108108109,0.0,0.0,0.43478260869565216,0.13043478260869565,0.0,0.18518518518518517,0.5833333333333334,0.0,0.0,0.0,0.31697776915973314,0.49656267237572027,0.0,0.0,0.0,0.801304429813696,0.028224444990521572,0.002600942616583562,0.9935948906390226,0.0,mango
0.21621621621621623,0.5,0.0,0.3695652173913043,0.2608695652173913,0.0,0.2222222222222222,0.5,0.0,0.0,0.0,0.45812061198431653,0.3938525031147518,0.0,0.0,0.051738505785718675,0.6667237883361649,0.0,0.07469087294117732,0.8160654501161181,0.0,mango
0.7837837837837838,0.0,0.0,0.30434782608695654,0.391304347826087,0.0,0.0,0.9411764705882353,0.005780346820809248,0.0,0.16322424971590474,0.1371555646227947,0.38524581265279023,0.0,0.0,0.10166018186293198,0.34515077747593936,0.0,0.0,0.9120366610513574,0.01269615722696217,mango
0.0,0.9576719576719577,0.019417475728155338,0.7608695652173914,0.0,0.0,0.18518518518518517,0.5833333333333334,0.0,0.0,0.0,0.5498626450743159,0.41571671357407364,0.0,0.0,0.5102503507185804,0.0,0.0,0.04449748343465904,0.890420017008433,0.0,mango
0.0,0.9365079365079365,0.02912621359223301,0.5869565217391305,0.0,0.0,0.25925925925925924,0.4166666666666667,0.0,0.0,0.0,0.17189211009602454,0.45356484728374374,0.0,0.0,0.335595390177012,0.0,0.0,0.0,0.965067204128478,0.005042012661901822,mango
0.4864864864864865,0.0,0.0,0.2826086956521739,0.43478260869565216,0.0,0.2222222222222222,0.5,0.0,0.0,0.0,0.3256009990064696,0.47865033538425966,0.0,0.0,0.6503878089003616,0.0,0.0,0.022709447295183163,0.9440754699755499,0.0,mango
0.43243243243243246,0.0,0.0,0.6521739130434783,0.0,0.0,0.07407407407407407,0.8333333333333334,0.0,0.0,0.29141837521803926,0.11614331891825418,0.4388305796660725,0.0,0.0,0.3496693507759161,0.0,0.0,0.0,0.7991676999680957,0.028987058562501767,mango
0.40540540540540543,0.0625,0.0,0.717391304347826,0.0,0.0,0.0,0.9411764705882353,0.005780346820809248,0.0,0.0,0.2662896513732213,0.4227455243566038,0.0,0.0,0.0,0.6057374261873406,0.05600448120691867,0.012642801235647753,0.9688657012165106,0.0,mango
0.16216216216216217,0.625,0.0,0.6739130434782609,0.0,0.0,0.07407407407407407,0.8333333333333334,0.0,0.0,0.0,0.36393759485034083,0.3996009445781471,0.0,0.0,0.07449576404758494,0.5201317539086103,0.0,0.03991573802594114,0.9017030727051949,0.0,mango
0.5135135135135135,0.0,0.0,0.5434782608695652,0.0,0.0,0.037037037037037035,0.9166666666666666,0.0,0.0,0.0,0.3879319491386637,0.49420717904853984,0.0,0.0,0.344681176911348,0.0,0.0,0.05044067031141275,0.875784260857713,0.0,mango
0.35135135135135137,0.1875,0.0,0.0,0.0,0.8404255319148937,0.0,0.0,0.9421965317919075,0.0,0.0,0.24329965239948165,0.0,0.8872453854123522,0.054766273155947676,0.10709185951958985,0.31016235009677606,0.0,0.37159969410669114,0.08489458241663103,0.0,grapes
0.6486486486486487,0.0,0.0,0.0,0.0,0.9893617021276596,0.0,0.0,0.9942196531791907,0.0,0.0,0.28375305599237477,0.0,0.7938927652318084,0.10010876415135546,0.11396241678980347,0.26590530663827977,0.0,0.3547758116693956,0.12632525689596627,0.0,grapes
0.40540540540540543,0.0625,0.0,0.0,0.0,0.7659574468085106,0.0,0.0,0.0,0.0,0.0,0.37877750579840597,0.0,0.6399284551052243,0.17489108233404094,0.1810441082336397,0.0,0.0,0.3499809006217136,0.138133256596053,0.0,grapes
0.02702702702702703,0.9375,0.0,0.0,0.0,0.7872340425531915,0.0,0.0,0.9479768786127167,0.0,0.0,0.6564754352801002,0.0,0.9803135789746624,0.009561931591709262,0.09238259450843941,0.4049128274217085,0.0,0.37543891158642756,0.07544008401228391,0.0,grapes
0.35135135135135137,0.1875,0.0,0.0,0.0,0.851063829787234,0.0,0.0,0.9479768786127167,0.2125873425565249,0.0,0.0,0.0,0.6548425909704286,0.16764710707266678,0.23716512090919145,0.0,0.0,0.3954548225423183,0.026148685649768175,0.0,grapes
0.9459459459459459,0.0,0.0,0.0,0.0,0.7659574468085106,0.0,0.0,0.9595375722543352,0.0,0.0,0.777229693672799,0.0,0.8166185577736907,0.08907057323929611,0.05890187682937377,0.6205805700905624,0.0,0.32774923367275804,0.19288119958294148,0.0,grapes
0.05405405405405406,0.875,0.0,0.0,0.0,0.9468085106382979,0.0,0.0,0.953757225433526,0.5260305462413564,0.0,0.0,0.0,0.7594593429614044,0.11683349170819661,0.10918586518687595,0.2966737062830936,0.0,0.37645514440640365,0.07293749810106101,0.0,grapes
0.7027027027027027,0.0,0.0,0.0,0.0,0.7553191489361702,0.0,0.0,0.9421965317919075,0.8022876798295396,0.0,0.0,0.0,0.6733746707363661,0.15864585292159872,0.2663578232457306,0.0,0.0,0.33803422885484274,0.16755325943603097,0.0,grapes
0.8378378378378378,0.0,0.0,0.0,0.0,0.7659574468085106,0.0,0.0,0.9884393063583815,0.7656282638961659,0.0,0.0,0.0,0.8784429729901858,0.05904171079463462,0.10092644177853519,0.34987720147988044,0.0,0.37624630780268664,0.07345178137546085,0.0,grapes
0.5405405405405406,0.0,0.0,0.0,0.0,0.8829787234042553,0.0,0.0,0.9942196531791907,0.0,0.0,0.7436065454915128,0.004367776676719735,0.9856904638450804,0.0,0.0,0.8504611771140048,0.021241793546457464,0.28106051379137204,0.3078573450994169,0.0,grapes
0.32432432432432434,0.25,0.0,0.0,0.0,0.8404255319148937,0.0,0.0,0.953757225433526,0.0,0.0,0.7805047816580211,0.0,0.7664756832417056,0.113425570801799,0.2979883546313632,0.0,0.0,0.2672587165410675,0.34184579997827025,0.0,grapes
0.2702702702702703,0.375,0.0,0.0,0.0,0.0,0.0,0.0,0.0,0.96170720841194,0.0,0.0,0.0,0.8079061826832996,0.09330227866246119,0.2139520196822337,0.0,0.0,0.38630296623314464,0.048686145777668124,0.0,grapes
0.7567567567567568,0.0,0.0,0.0,0.0,0.7553191489361702,0.0,0.0,0.976878612716763,0.0,0.0,0.22065799273647432,0.0,0.9529109424695485,0.02287172189626157,0.29269485763194775,0.0,0.0,0.3590243664287674,0.11586272008859073,0.0,grapes
0.5675675675675675,0.0,0.0,0.0,0.0,0.9361702127659575,0.0,0.0,0.9884393063583815,0.4632831234788025,0.0,0.0,0.0,0.9485217323008301,0.025003614093472203,0.051160754160994505,0.6704454047579489,0.0,0.38871621766574055,0.042743246752231026,0.0,grapes
0.13513513513513514,0.6875,0.0,0.0,0.0,0.9574468085106383,0.0,0.0,0.9942196531791907,0.0,0.0,0.0,0.0,0.7441444377576156,0.1242721254600433,0.30421594147761943,0.0,0.0,0.3701206495251854,0.08853689356717412,0.0,grapes
0.40540540540540543,0.0625,0.0,0.0,0.0,0.925531914893617,0.0,0.0,0.9421965317919075,0.0,0.24528931974295065,0.12370431318350858,0.0,0.6790392152376732,0.1558945154921097,0.07425569703699272,0.5216781577449909,0.0,0.2925242745035743,0.2796265642349856,0.0,grapes
0.16216216216216217,0.625,0.0,0.0,0.0,0.9893617021276596,0.0,0.0,0.9826589595375722,0.8691124653031331,0.0,0.0,0.0,0.9913011876032337,0.004225117859662617,0.1898592560245862,0.0,0.0,0.35667415075363,0.12165038657733135,0.0,grapes
0.918918918918919,0.0,0.0,0.0,0.0,0.9042553191489362,0.0,0.0,0.0,0.4776957004784981,0.0,0.0,0.0,0.9604332198204353,0.01921806126640568,0.030912586634339077,0.800875003833868,0.0,0.31425427218275365,0.22611403740663558,0.0,grapes
0.24324324324324326,0.4375,0.0,0.0,0.0,0.7553191489361702,0.0,0.0,0.953757225433526,0.34013280050373623,0.0,0.0,0.0,0.7614385643659949,0.115872160054709,0.19466195466178443,0.0,0.0,0.3376143330637317,0.16858729934338318,0.0,grapes
0.8918918918918919,0.0,0.0,0.0,0.0,0.9042553191489362,0.0,0.0,0.9942196531791907,0.0,0.0,0.23999727805804089,0.0,0.8623849083712535,0.0668413060173445,0.18015349690142513,0.0,0.0,0.39306540390944966,0.03203289376535649,0.0,grapes
0.0,0.9576719576719577,0.019417475728155338,0.0,0.0,0.0,0.0,0.0,0.976878612716763,0.0,0.0,0.6158486768884595,0.0,0.9877397307410775,0.0059549603149739085,0.22239030288576286,0.0,0.0,0.30305947409959866,0.25368246799771593,0.0,grapes
0.0,0.9788359788359788,0.009708737864077669,0.0,0.0,0.8617021276595744,0.0,0.0,0.953757225433526,0.30869492476212745,0.0,0.0,0.0,0.8872153800040223,0.05478084714384836,0.16914174757198575,0.0,0.0,0.3742074861065279,0.07847260569052528,0.0,grapes
0.02702702702702703,0.9375,0.0,0.0,0.0,0.8723404255319149,0.0,0.0,0.9595375722543352,0.004727593319755886,0.9719734600016899,0.0,0.0,0.6295366499140373,0.1799385071668538,0.06725348208524035,0.5667832808430773,0.0,0.34417447035133103,0.15243223445183554,0.0,grapes
0.32432432432432434,0.25,0.0,0.0,0.0,0.7446808510638298,0.0,0.0,0.976878612716763,0.0,0.0,0.27154444485371676,0.0,0.7631174720738132,0.11505669437761668,0.28449360373007754,0.0,0.0,0.3319961158351085,0.18242278173104393,0.0,grapes
0.5945945945945946,0.0,0.0,0.0,0.0,0.7872340425531915,0.0,0.0,0.9653179190751445,0.42757358308767174,0.0,0.0,0.0,0.9912287564977948,0.00426029851918562,0.29305791024891964,0.0,0.0,0.3363448510790443,0.17171353938107906,0.0,grapes
0.35135135135135137,0.1875,0.0,0.0,0.0,0.9468085106382979,0.0,0.0,0.0,0.8055599077918024,0.0,0.0,0.0,0.6706452982934558,0.15997154196146104,0.16882441502557244,0.0,0.0,0.350934491890448,0.1357849324450419,0.0,grapes
0.6486486486486487,0.0,0.0,0.0,0.0,0.8617021276595744,0.0,0.0,0.9884393063583815,0.11909243201270894,0.29398563210750916,0.0,0.0,0.7878531299089208,0.1030422877066017,0.000626226213449755,0.9959661320539966,0.0,0.28970884298495514,0.2865598762812105,0.0,grapes
0.8648648648648649,0.0,0.0,0.0,0.0,0.7978723404255319,0.0,0.0,0.953757225433526,0.7630522415710298,0.0,0.0,0.0,0.9223673374565738,0.03770711840242992,0.002583453480069378,0.9833585532521325,0.0,0.37188032540050225,0.08420349676348655,0.0,grapes
0.1891891891891892,0.5625,0.0,0.0,0.0,0.7340425531914894,0.0,0.0,0.9710982658959537,0.0,0.0,0.6894086189707963,0.0,0.812766895255034,0.09094137207420598,0.06511025430148666,0.5805889914188797,0.0,0.39067191810784957,0.03792711773456214,0.0,grapes
0.3783783783783784,0.125,0.0,0.0,0.0,0.9680851063829787,0.0,0.0,0.953757225433526,0.0,0.0,0.7449804219633486,0.0,0.8348410737934766,0.08021967792491885,0.1453523846393171,0.06370523513905293,0.0,0.3423672999269634,0.1568825918446498,0.0,grapes
0.2972972972972973,0.3125,0.0,0.0,0.0,0.8936170212765957,0.0,0.0,0.9884393063583815,0.0,0.0,0.45279229940691074,0.0,0.9271818483270116,0.035368652536470035,0.2533795451856035,0.0,0.0,0.27234185716386305,0.32932800301549126,0.0,grapes
0.8108108108108109,0.0,0.0,0.0,0.0,0.7978723404255319,0.0,0.0,0.9884393063583815,0.5268387531861212,0.0,0.0,0.0,0.8385109277260363,0.0784371857080991,0.26124268574923076,0.0,0.0,0.2890644164141692,0.288146848110072,0.0,grapes
0.13513513513513514,0.6875,0.0,0.0,0.0,0.9361702127659575,0.0,0.0,0.9595375722543352,0.0,0.0,0.5694803419533352,0.0,0.7683148495061458,0.11253226561525836,0.022894422925149892,0.852524412430369,0.0,0.3794473758730213,0.06556879659459791,0.0,grapes
0.7567567567567568,0.0,0.0,0.0,0.0,0.9574468085106383,0.0,0.0,0.9826589595375722,0.2734295715648516,0.0,0.0,0.0,0.9254747883867581,0.036197792091630536,0.10462990515120084,0.3260211541485237,0.0,0.38152332742816064,0.06045653588804516,0.0,grapes
0.4594594594594595,0.0,0.0,0.0,0.0,0.9680851063829787,0.0,0.0,0.9479768786127167,0.8764036425189755,0.0,0.0,0.0068979926725513995,0.9774010708765505,0.0,0.07445981970858158,0.5203632911931121,0.0,0.3505852873334959,0.1366448873561456,0.0,grapes
0.13513513513513514,0.6875,0.0,0.0,0.0,0.8297872340425532,0.0,0.0,0.976878612716763,0.5506566712950056,0.0,0.0,0.0,0.7328334119432748,0.12976602681111074,0.0,0.8746461050318304,0.017806356274371524,0.3122435977213396,0.23106554603760937,0.0,grapes
0.918918918918919,0.0,0.0,0.0,0.0,0.8829787234042553,0.0,0.0,0.9653179190751445,0.3168774650942814,0.0,0.0,0.0,0.910379345221647,0.04352983049035987,0.20815300011291046,0.0,0.0,0.3188142720888839,0.2148845324192568,0.0,grapes
0.0,0.9788359788359788,0.009708737864077669,0.0,0.0,0.925531914893617,0.0,0.0,0.9942196531791907,0.029071013145797037,0.8276586293247088,0.0,0.0,0.7064752796166199,0.1425684888669771,0.03409426297297829,0.7803800741721221,0.0,0.29277287182060824,0.27901436579881284,0.0,grapes
0.6216216216216216,0.0,0.0,0.0,0.0,0.851063829787234,0.0,0.0,0.9595375722543352,0.0,0.0,0.4351114724545672,0.0,0.6417878458929189,0.17398795385318058,0.2952629527213776,0.0,0.0,0.36092815447967314,0.11117443108581732,0.0,grapes
0.4594594594594595,0.0,0.0,0.0,0.0,0.7553191489361702,0.0,0.0,0.9942196531791907,0.822812324271064,0.0,0.0,0.0,0.9588303440359108,0.019996597323411917,0.0,0.8750005052298201,0.017756014191337603,0.3991354612953734,0.017084704929372294,0.0,grapes
0.0,0.9365079365079365,0.02912621359223301,0.0,0.0,0.7978723404255319,0.0,0.0,0.976878612716763,0.8487252505082873,0.0,0.0,0.006677406451153779,0.9781237466779922,0.0,0.10549021301683403,0.32047943735619266,0.0,0.3172500102496295,0.21873670050852773,0.0,grapes
0.02702702702702703,0.9375,0.0,0.0,0.0,0.8191489361702128,0.0,0.0,0.9942196531791907,0.021657998587112436,0.871605122811961,0.0,0.0,0.9774305543994464,0.01096225132123001,0.24971895627857693,0.0,0.0,0.372764176861092,0.08202691461675206,0.0,grapes
0.7027027027027027,0.0,0.0,0.0,0.0,0.8617021276595744,0.0,0.0,0.953757225433526,0.5728358491810889,0.0,0.0,0.0,0.919106121472774,0.03929113025012674,0.23652704485720766,0.0,0.0,0.2741311863747414,0.32492158158758555,0.0,grapes
0.0,0.0,0.0,0.0,0.0,0.9148936170212766,0.0,0.0,0.9421965317919075,0.18856424134304697,0.0,0.0,0.004334733159357107,0.9857987197018659,0.0,0.032717757923462036,0.7892469013305814,0.0,0.39474612388264835,0.027893934618438882,0.0,grapes
0.4864864864864865,0.0,0.0,0.0,0.0,0.7659574468085106,0.0,0.0,0.9710982658959537,0.0,0.0,0.5068467536304553,0.0,0.9406580611137297,0.02882309381779449,0.08835816881653968,0.4308363698269314,0.0,0.39063417035105025,0.03802007576788798,0.0,grapes
0.16216216216216217,0.625,0.0,0.0,0.0,0.9042553191489362,0.0,0.0,0.953757225433526,0.0,0.0,0.30490901905958767,0.0,0.697438024640124,0.1469579923603174,0.2641067946335179,0.0,0.0,0.31393989011261264,0.2268882380858603,0.0,grapes
0.8918918918918919,0.0,0.0,0.0,0.0,0.8829787234042553,0.0,0.0,0.9710982658959537,0.0,0.0,0.16482977378321748,0.0,0.9490119205423319,0.024765523765816005,0.20025011422175948,0.0,0.0,0.2883251235747415,0.28996743863603375,0.0,grapes
0.0,0.9576719576719577,0.019417475728155338,0.0,0.0,0.9361702127659575,0.0,0.0,0.976878612716763,0.0,0.0,0.8623183284291328,0.0,0.9425168946822493,0.027920235984992867,0.30307385982682195,0.0,0.0,0.35065554230205875,0.13647187671226294,0.0,grapes
0.7837837837837838,0.0,0.0,0.0,0.0,0.8085106382978723,0.0,0.0,0.9479768786127167,0.0,0.5177228762008235,0.0790498424421069,0.0,0.7152912457620256,0.1382864680218119,0.20263141880481936,0.0,0.0,0.32028035206775585,0.21127414803909364,0.0,grapes
0.0,0.9576719576719577,0.019417475728155338,0.0,0.0,0.925531914893617,0.0,0.0,0.9884393063583815,0.26264205347528197,0.0,0.0,0.0,0.8039350831893255,0.09523108947354669,0.00877018141189532,0.9435064311933056,0.0,0.27109915253726924,0.3323883008421235,0.0,grapes
0.13513513513513514,0.6875,0.0,0.0,0.0,0.7340425531914894,0.0,0.0,0.9942196531791907,0.9073289730664641,0.0,0.0,0.0,0.6863494031505638,0.1523438692545008,0.09796502484869203,0.3689533189778021,0.0,0.3680314382820243,0.09368180772456823,0.0,grapes
0.6756756756756757,0.0,0.0,0.0,0.0,0.9680851063829787,0.0,0.0,0.9884393063583815,0.0,0.0,0.3160351747768011,0.0,0.779336513935462,0.10717891057097399,0.15484557159613976,0.0025543894093776275,0.0,0.39992135204218804,0.015149361893723333,0.0,grapes
0.7837837837837838,0.0,0.0,0.0,0.0,0.8723404255319149,0.0,0.0,0.9421965317919075,0.30597447047285203,0.0,0.0,0.0,0.9469338834932745,0.025774851366935105,0.0,0.9377567591921695,0.008841570672990745,0.31570634518291946,0.22253814676341888,0.0,grapes
0.7837837837837838,0.0,0.0,0.0,0.0,0.9361702127659575,0.0,0.0,0.9653179190751445,0.0,0.0,0.20859796099363243,0.0,0.8874145035427957,0.05468413044488114,0.03034579212949332,0.8045260394116874,0.0,0.3848727338379843,0.052208251511260705,0.0,grapes
0.43243243243243246,0.0,0.0,0.0,0.0,0.8829787234042553,0.0,0.0,0.9826589595375722,0.8868808348306322,0.0,0.0,0.0068238100530936185,0.9776441050226999,0.0,0.0,0.9992485800434746,0.00010673821871240755,0.396073614323489,0.02462484233050333,0.0,grapes
0.0,0.9365079365079365,0.02912621359223301,0.0,0.0,0.9468085106382979,0.0,0.0,0.9421965317919075,0.6331730754659806,0.0,0.0,0.0,0.9971871971773009,0.0013662121792985794,0.04473852314425079,0.7118145318942245,0.0,0.31120256781670325,0.23362919751716493,0.0,grapes
0.0,0.9576719576719577,0.019417475728155338,0.0,0.0,0.8085106382978723,0.0,0.0,0.9826589595375722,0.6125330469029165,0.0,0.0,0.0,0.8734633057332161,0.06146039510496893,0.0,0.8942578237372864,0.015020537369336472,0.3116492054699352,0.2325293028115145,0.0,grapes
0.4864864864864865,0.0,0.0,0.0,0.0,0.7340425531914894,0.0,0.0,0.9421965317919075,0.4089527086852537,0.0,0.0,0.0,0.9316196273231834,0.033213169875304586,0.16899223140816963,0.0,0.0,0.28543510081917095,0.29708443986747846,0.0,grapes
0.43243243243243246,0.0,0.0,0.0,0.0,0.9361702127659575,0.0,0.0,0.976878612716763,0.3716944518201211,0.0,0.0,0.0,0.6952396704627325,0.1480257594385238,0.1521925018128217,0.01964427310888144,0.0,0.3712567562632522,0.08573910485139706,0.0,grapes
0.5405405405405406,0.0,0.0,0.0,0.0,0.9042553191489362,0.0,0.0,0.9421965317919075,0.0,0.0,0.8634627350813975,0.0,0.879969439039932,0.05830028786529904,0.012074811510794248,0.9222194886427666,0.0,0.3879823620056423,0.0445504476216896,0.0,grapes
0.10810810810810811,0.75,0.0,0.0,0.0,0.9361702127659575,0.0,0.0,0.9884393063583815,0.0,0.0,0.42836407352267064,0.0,0.7850061979393909,0.10442507682321453,0.25057686541226576,0.0,0.0,0.3239729229594551,0.20218078310528279,0.0,grapes
0.40540540540540543,0.0625,0.0,0.0,0.0,0.8723404255319149,0.0,0.0,0.976878612716763,0.10604748243568293,0.37131986463733613,0.0,0.005301345825357479,0.9826319417469263,0.0,0.14452289765410783,0.0690484176654278,0.0,0.3696086850838666,0.08979766272627467,0.0,grapes
0.13513513513513514,0.6875,0.0,0.0,0.0,0.8404255319148937,0.0,0.0,0.9479768786127167,0.0,0.0,0.8331911546832776,0.0,0.9180197435396846,0.039818797085331224,0.017835788663936966,0.885109861839217,0.0,0.27910983877530965,0.31266109844866136,0.0,grapes
0.0,1.0,0.0,0.0,0.0,0.8936170212765957,0.0,0.0,0.0,0.8210216531357176,0.0,0.0,0.002875887043313142,0.990578133299924,0.0,0.3130235338621968,0.0,0.0,0.278146089496829,0.3150344378241144,0.0,grapes
0.5945945945945946,0.0,0.0,0.0,0.0,0.9468085106382979,0.0,0.0,0.9421965317919075,0.7341344030018239,0.0,0.0,0.0,0.6761382530595669,0.15730354773120928,0.2484656371578084,0.0,0.0,0.3893514963216098,0.04117880267738174,0.0,grapes
0.0,0.9576719576719577,0.019417475728155338,0.0,0.0,0.8617021276595744,0.0,0.0,0.9479768786127167,0.0,0.0,0.5660403282055481,0.0,0.6989691605664833,0.14621430121571516,0.22136507423743568,0.0,0.0,0.2838040366309436,0.301101116142364,0.0,grapes
0.0,0.9365079365079365,0.02912621359223301,0.0,0.0,0.7446808510638298,0.0,0.0,0.9653179190751445,0.0,0.8032697654051684,0.03224597079333151,0.0,0.9402976627265449,0.028998143651361913,0.03748218368814919,0.7585566108883939,0.0,0.3858815046008245,0.04972404174248272,0.0,grapes
0.0,0.9365079365079365,0.02912621359223301,0.0,0.0,0.8617021276595744,0.0,0.0,0.9826589595375722,0.06099735075978597,0.6383900696965266,0.0,0.0,0.9753248674594828,0.011985008807091635,0.1552009578589688,0.00026515075521980983,0.0,0.33703106270516525,0.1700236672239408,0.0,grapes
0.21621621621621623,0.5,0.0,0.0,0.0,0.9680851063829787,0.0,0.0,0.9884393063583815,0.0,0.0,0.22534949182390823,0.0,0.6578754262427239,0.16617402248480362,0.18280687076382499,0.0,0.0,0.3801782162507024,0.06376902119216539,0.0,grapes
0.13513513513513514,0.6875,0.0,0.0,0.0,0.7446808510638298,0.0,0.0,0.9653179190751445,0.0,0.0,0.7618788969442507,0.0,0.9176420259784673,0.040002259050139266,0.10109689625262379,0.3487792103314565,0.0,0.2784305010447549,0.3143340428763845,0.0,grapes
0.8378378378378378,0.0,0.0,0.0,0.0,0.9468085106382979,0.0,0.0,0.0,0.47296847262665215,0.0,0.0,0.0,0.7408204206399228,0.12588664057419946,0.03833850599473897,0.7530405672769788,0.0,0.334874336782531,0.17533484375972788,0.0,grapes
0.7837837837837838,0.0,0.0,0.0,0.0,0.7340425531914894,0.0,0.0,0.9479768786127167,0.09133118669784465,0.45856232041286427,0.0,0.0,0.7687940400563065,0.112299516998629,0.12717310612175453,0.18080798063015624,0.0,0.33552489826291654,0.17373276403626897,0.0,grapes
0.08108108108108109,0.8125,0.0,0.0,0.0,0.8723404255319149,0.0,0.0,0.9826589595375722,0.6131608653261927,0.0,0.0,0.005678938969356172,0.9813948861129471,0.0,0.21239174882288755,0.0,0.0,0.2685126705781066,0.33875779923205435,0.0,grapes
0.05405405405405406,0.875,0.0,0.0,0.0,0.8936170212765957,0.0,0.0,0.9653179190751445,0.22798673657096385,0.0,0.0,0.0,0.9919498814827009,0.003910039436243628,0.008329823194628829,0.9463430210058031,0.0,0.3411808636501801,0.15980432262570407,0.0,grapes
0.5675675675675675,0.0,0.0,0.0,0.0,0.0,0.0,0.0,0.9653179190751445,0.0,0.5553247751318285,0.07288653085352383,0.0,0.9688417817087778,0.015133921571460547,0.16131220945902938,0.0,0.0,0.3423466335019444,0.15693348520596562,0.0,grapes
0.7837837837837838,0.0,0.0,0.0,0.0,0.9042553191489362,0.0,0.0,0.976878612716763,0.0,0.0,0.8882842590083774,0.0,0.8155228084271967,0.08960279188276364,0.27935186308068455,0.0,0.0,0.2768816585220777,0.31814823919022345,0.0,grapes
0.32432432432432434,0.25,0.0,0.0,0.0,0.8297872340425532,0.0,0.0,0.9421965317919075,0.4538250053454676,0.0,0.0,0.0,0.9257067287578818,0.03608513586228415,0.22181808050082474,0.0,0.0,0.30133197418494967,0.25793662793337035,0.0,grapes
0.5675675675675675,0.0,0.0,0.0,0.0,0.8404255319148937,0.0,0.0,0.976878612716763,0.0,0.0,0.19481570406390264,0.0,0.7553951635923156,0.1188075125347169,0.2543066234071348,0.0,0.0,0.34849436384498206,0.14179401810742653,0.0,grapes
0.0,0.9576719576719577,0.019417475728155338,0.0,0.0,0.8297872340425532,0.0,0.0,0.9884393063583815,0.0,0.0,0.48628804229416756,0.0,0.7139204675941863,0.13895227147341027,0.19212065072008475,0.0,0.0,0.31929777626116357,0.21369384982587925,0.0,grapes
0.0,0.9788359788359788,0.009708737864077669,0.0,0.0,0.8936170212765957,0.0,0.0,0.9884393063583815,0.0,0.0,0.8719668271372714,0.0,0.7546669636124246,0.11916120802786113,0.0,0.9612355622196052,0.005506437514914798,0.33415171218212986,0.17711438690035342,0.0,grapes
0.10810810810810811,0.75,0.0,0.0,0.0,0.7340425531914894,0.0,0.0,0.0,0.0,0.0,0.5268017308937567,0.0,0.8104861422920655,0.09204916123412614,0.29935801139534735,0.0,0.0,0.3369095471318256,0.1703229127864303,0.0,grapes
0.05405405405405406,0.875,0.0,0.0,0.0,0.7872340425531915,0.0,0.0,0.9942196531791907,0.3547075331707193,0.0,0.0,0.004847653580784293,0.9841183102262329,0.0,0.10865467498665593,0.30009539492511755,0.0,0.28359712846314505,0.30161065042965635,0.0,grapes
0.972972972972973,0.0,0.0,0.0,0.0,0.8617021276595744,0.0,0.0,0.9710982658959537,0.5556641587800603,0.0,0.0,0.0,0.7393781453419657,0.12658717104226822,0.2754174475363835,0.0,0.0,0.3789763844999196,0.06672866503366233,0.0,grapes
0.0,0.9576719576719577,0.019417475728155338,0.0,0.0,0.9468085106382979,0.0,0.0,0.9884393063583815,0.26707519412909386,0.0,0.0,0.0,0.9830252554873928,0.008244837678082154,0.0257403504143506,0.8341922260274793,0.0,0.3427682217142426,0.15589527752393076,0.0,grapes
0.24324324324324326,0.4375,0.0,0.0,0.0,0.0,0.0,0.0,0.9826589595375722,0.3810239950040047,0.0,0.0,0.0,0.743432395023136,0.12461797318466043,0.0,0.881110641981173,0.016888077284332476,0.37554052061645726,0.07518986051821168,0.0,grapes
0.8378378378378378,0.0,0.0,0.0,0.0,0.8191489361702128,0.0,0.0,0.9710982658959537,0.0,0.8770179617964273,0.020157934646823045,0.0,0.7778520620004813,0.10789992673918439,0.20076648741538117,0.0,0.0,0.3288373402115973,0.19020161667587437,0.0,grapes
0.8378378378378378,0.0,0.0,0.0,0.0,0.9361702127659575,0.0,0.0,0.9653179190751445,0.0,0.9746344799053119,0.004157651831278121,0.0,0.8788398840081174,0.0588489263369329,0.04590185026628535,0.7043209011781922,0.0,0.2780530813418957,0.3152634807103404,0.0,grapes
0.21621621621621623,0.5,0.0,0.0,0.0,0.7553191489361702,0.0,0.0,0.9479768786127167,0.0,0.0,0.9044722680823397,0.0,0.9279407481285236,0.03500004577053326,0.269396530024024,0.0,0.0,0.29199114026416023,0.28093946636737266,0.0,grapes
0.0,1.0,0.0,0.0,0.0,0.9893617021276596,0.0,0.0,0.953757225433526,0.8590433831964683,0.0,0.0,0.0,0.9646160720991552,0.017186399579608116,0.003249439060729508,0.9790685733237516,0.0,0.38208768888116956,0.05906673328240739,0.0,grapes
0.0,0.9788359788359788,0.009708737864077669,0.0,0.0,0.7340425531914894,0.0,0.0,0.953757225433526,0.48022743322021827,0.0,0.0,0.0,0.7389209332890561,0.1268092444383009,0.034696073142875365,0.7765034834102097,0.0,0.28258795009938115,0.30409586396086863,0.0,grapes
0.0,0.9788359788359788,0.009708737864077669,0.0,0.0,0.9574468085106383,0.0,0.0,0.9595375722543352,0.7476648179720852,0.0,0.0,0.0028719388505764683,0.9905910682118697,0.0,0.2287562635205699,0.0,0.0,0.322963635830673,0.20466626448240274,0.0,grapes
0.6216216216216216,0.0,0.0,0.0,0.0,0.7446808510638298,0.0,0.0,0.9884393063583815,0.9464149599303592,0.0,0.0,0.0,0.6544279987970693,0.16784847948032883,0.09120861092129366,0.4124751022987586,0.0,0.2732990687539148,0.3269707634221281,0.0,grapes
0.8378378378378378,0.0,0.0,0.0,0.0,0.7872340425531915,0.0,0.0,0.9942196531791907,0.0,0.216541712977292,0.12841632143202597,0.0,0.7404415369287268,0.12607066895208524,0.23679318253986828,0.0,0.0,0.3341536735690268,0.1771095567678107,0.0,grapes
0.13513513513513514,0.6875,0.0,0.0,0.0,0.925531914893617,0.0,0.0,0.953757225433526,0.9576754297442285,0.0,0.0,0.0,0.972774220956436,0.013223888507234981,0.176804498993559,0.0,0.0,0.34058014146224713,0.1612836675696269,0.0,grapes
0.7027027027027027,0.0,0.0,0.0,0.0,0.776595744680851,0.0,0.0,0.9942196531791907,0.725498930478581,0.0,0.0,0.006143703913890044,0.9798722416946108,0.0,0.021882791885212232,0.8590408851323122,0.0,0.31433617853690926,0.2259123339348324,0.0,grapes
0.3783783783783784,0.125,0.0,0.0,0.0,0.925531914893617,0.0,0.0,0.9710982658959537,0.9388560927926315,0.0,0.0,0.0037276765144877316,0.9877875345270704,0.0,0.15740429022902455,0.0,0.0,0.3541506840580251,0.1278647028990672,0.0,grapes
0.0,0.9365079365079365,0.02912621359223301,0.0,0.0,0.9787234042553191,0.0,0.0,0.976878612716763,0.03732970792823224,0.7786986989756857,0.0,0.0,0.7620061110923498,0.11559649578005393,0.0,0.8962841401576735,0.014732701781019203,0.37729488321348137,0.0708695482509969,0.0,grapes
0.8378378378378378,0.0,0.0,0.0,0.0,0.9680851063829787,0.0,0.0,0.9826589595375722,0.0,0.4470430127443474,0.09063494941556273,0.0,0.7390580809693055,0.12674263015961518,0.06865829388385516,0.557734114323231,0.0,0.32740059048796216,0.19373977205291407,0.0,grapes
0.0,1.0,0.0,0.0,0.0,0.776595744680851,0.0,0.0,0.9421965317919075,0.4108921985920511,0.0,0.0,0.0,0.6827245161722624,0.15410452048052026,0.07366282158713669,0.5254971950541637,0.0,0.3786841024902516,0.06744844186542853,0.0,grapes
0.05405405405405406,0.875,0.0,0.0,0.0,0.8829787234042553,0.0,0.0,0.9942196531791907,0.9329724497700733,0.0,0.0,0.0,0.7806747158883212,0.10652892977900259,0.19994806164919576,0.0,0.0,0.3865638506485491,0.04804368900042662,0.0,grapes
0.0,0.0,0.7961165048543689,0.5652173913043478,0.0,0.0,0.0,0.0,0.10982658959537572,0.0,0.7048192436684618,0.048382954796061355,0.0,0.9525732032734957,0.023035765888023207,0.04836053886643016,0.6884831337383853,0.0,0.5519985199706396,0.0,0.0,watermelon
0.0,0.0,0.7961165048543689,0.6956521739130435,0.0,0.0,0.0,0.0,0.1329479768786127,0.02449724723682724,0.8547732359586966,0.0,0.0,0.6862400742155151,0.1523969716338812,0.0,0.21135539125069105,0.11202593170972758,0.6428577216615531,0.0,0.0,watermelon
0.0,0.0,0.6601941747572816,0.45652173913043476,0.08695652173913043,0.0,0.0,0.0,0.10404624277456648,0.01783496219255776,0.8942691878404044,0.0,0.0,0.862581102287997,0.06674601227105119,0.01672578427436361,0.8922600114670277,0.0,0.5066702330698247,0.0,0.0,watermelon
0.0,0.0,0.7475728155339806,0.9347826086956522,0.0,0.0,0.0,0.0,0.10404624277456648,0.0508185519670675,0.6987329317415226,0.0,0.0,0.17308700475400457,0.4016415925810473,0.0,0.6860339077062034,0.0445984713827611,0.4943900882931913,0.0,0.0,watermelon
0.0,0.0,0.5436893203883495,0.6304347826086957,0.0,0.0,0.0,0.0,0.11560693641618497,0.0,0.6663089391786262,0.054695162761344625,0.0,0.9100337173639702,0.043697706100001725,0.0,0.0,0.1446404218365879,0.7098152958623879,0.0,0.0,watermelon
0.0,0.08994708994708994,0.4174757281553398,0.5434782608695652,0.0,0.0,0.0,0.0,0.1329479768786127,0.06345116490840952,0.6238431499990497,0.0,0.0,0.1012596790065698,0.4365289890422134,0.09757447601774094,0.37146905909964084,0.0,0.6128270774391712,0.0,0.0,watermelon
0.0,0.0,0.46601941747572817,0.5217391304347826,0.0,0.0,0.0,0.23529411764705882,0.07514450867052024,0.0,0.8404695361584577,0.026148571866828587,0.0,0.12877304066068687,0.42316541820036135,0.0,0.9156622495194222,0.011980066776684891,0.4965564541183183,0.0,0.0,watermelon
0.0,0.0,0.46601941747572817,0.6304347826086957,0.0,0.0,0.0,0.0,0.12138728323699421,0.0,0.8762558085976931,0.020282858860109554,0.0,0.018785479935023948,0.4765876999977568,0.0,0.14875914816645658,0.12091764589282551,0.47422939221164884,0.0,0.0,watermelon
0.0,0.047619047619047616,0.4368932038834951,0.6304347826086957,0.0,0.0,0.0,0.23529411764705882,0.07514450867052024,0.0,0.7891679956646199,0.03455738599661493,0.0,0.4854677407883815,0.24991451000549444,0.0,0.8252077717992093,0.024829006630586504,0.5393516788914617,0.0,0.0,watermelon
0.0,0.0,0.7864077669902912,0.8260869565217391,0.0,0.0,0.0,0.0,0.12716763005780346,0.07068343084345581,0.580968186609124,0.0,0.0,0.014039225247565696,0.4788930130142718,0.13199382623857545,0.149755067260764,0.0,0.6803062953642548,0.0,0.0,watermelon
0.0,0.026455026455026454,0.44660194174757284,0.5652173913043478,0.0,0.0,0.0,0.0,0.12138728323699421,0.0,0.6985246479300079,0.04941469936118142,0.00643906929536091,0.9789045773843917,0.0,0.12579154541507584,0.18970737406089158,0.0,0.4974744856555871,0.0,0.0,watermelon
0.0,0.0,0.47572815533980584,0.782608695652174,0.0,0.0,0.0,0.11764705882352941,0.08670520231213873,0.09271647641551467,0.45034992246414823,0.0,0.0,0.6083718024137241,0.19021852828834068,0.0003926003374572784,0.9974710449948514,0.0,0.5502321097726,0.0,0.0,watermelon
0.0,0.0,0.6213592233009708,0.8913043478260869,0.0,0.0,0.0,0.11764705882352941,0.08670520231213873,0.0033699181904345925,0.9800221506869959,0.0,0.0,0.6996833382524633,0.14586741651946297,0.0,0.0,0.14585349871793402,0.4995447613377243,0.0,0.0,watermelon
0.0,0.0,0.7961165048543689,0.9130434782608695,0.0,0.0,0.0,0.0,0.10404624277456648,0.0,0.6129501253861117,0.06344118370044352,0.0,0.6362831473105486,0.17666165219631055,0.05950040342459398,0.6167251306416307,0.0,0.7242962500147073,0.0,0.0,watermelon
0.0,0.0,0.6504854368932039,0.7391304347826086,0.0,0.0,0.0,0.17647058823529413,0.08092485549132948,0.0,0.9613732309224924,0.0063312976273286765,0.0036761686303583333,0.9879562826075622,0.0,0.08048143167181593,0.48157477202852644,0.0,0.6935512020591929,0.0,0.0,watermelon
0.0,0.0,0.5631067961165048,0.8478260869565217,0.0,0.0,0.0,0.0,0.10982658959537572,0.0,0.9439245285374365,0.00919130716601921,0.0,0.6095715164053641,0.18963581276565053,0.0,0.48543362423247566,0.07309347839614609,0.6784011074325556,0.0,0.0,watermelon
0.0,0.0,0.6310679611650486,0.8043478260869565,0.0,0.0,0.0,0.0,0.11560693641618497,0.0,0.5962803465874149,0.06617352019859862,0.0,0.031725447360433506,0.4703026021040633,0.0,0.8280884569781403,0.024419809081333076,0.4973013376404137,0.0,0.0,watermelon
0.0,0.0,0.6990291262135923,0.6521739130434783,0.0,0.0,0.0,0.0,0.1329479768786127,0.04162834506342874,0.7532151352553557,0.0,0.0,0.022534553971045358,0.4747667296233779,0.0,0.30759195343800133,0.09835565434528598,0.5012058575298707,0.0,0.0,watermelon
0.0,0.06878306878306878,0.42718446601941745,0.717391304347826,0.0,0.0,0.0,0.0,0.10404624277456648,0.0,0.5920252750092768,0.06687096720828048,0.0,0.18152060562370728,0.39754529115154486,0.0,0.9904877091943854,0.001351208425659303,0.48313010768294007,0.0,0.0,watermelon
0.0,0.0,0.6407766990291263,0.7391304347826086,0.0,0.0,0.0,0.0,0.10982658959537572,0.02902290135231364,0.8279438499461227,0.0,0.006749703247151864,0.9778868907916247,0.0,0.07367648665451207,0.5254091708289211,0.0,0.6785899630183936,0.0,0.0,watermelon
0.0,0.0,0.6601941747572816,0.8043478260869565,0.0,0.0,0.0,0.0,0.10404624277456648,0.0,0.7920355496982606,0.03408736640960274,0.0,0.23854600973875978,0.3698473661485233,0.0020522177364729745,0.9867805352641275,0.0,0.47165061086934784,0.0,0.0,watermelon
0.0,0.0,0.5825242718446602,0.9347826086956522,0.0,0.0,0.0,0.0,0.11560693641618497,0.041040353103218415,0.7567009215903719,0.0,0.0,0.3141608354832029,0.3331203353613221,0.06409751926272149,0.5871125755853178,0.0,0.607876801054937,0.0,0.0,watermelon
0.0,0.0,0.8058252427184466,0.6956521739130435,0.0,0.0,0.0,0.0,0.09826589595375723,0.0,0.933918942005419,0.010831318686089155,0.0,0.599481690236438,0.1945365627534383,0.0,0.3232487935323799,0.09613162075684295,0.5145621069202776,0.0,0.0,watermelon
0.0,0.0,0.5631067961165048,0.7608695652173914,0.0,0.0,0.0,0.0,0.1329479768786127,0.019637588838508267,0.8835826959241835,0.0,0.0,0.2530935618728668,0.36278144501668724,0.0,0.6233378927321372,0.05350435803187585,0.7332412457072911,0.0,0.0,watermelon
0.0,0.026455026455026454,0.44660194174757284,0.4782608695652174,0.043478260869565216,0.0,0.0,0.0,0.11560693641618497,0.0,0.9441998241196737,0.009146183581824655,0.0,0.24860185292535666,0.36496312210419246,0.0,0.4391394292430096,0.07966950804107235,0.6538813181143605,0.0,0.0,watermelon
0.0,0.026455026455026454,0.44660194174757284,0.9130434782608695,0.0,0.0,0.0,0.23529411764705882,0.07514450867052024,0.0,0.9135517534233811,0.014169696081466513,0.0,0.0862350607204112,0.4438266269449529,0.12856086141242595,0.17186868447214695,0.0,0.6431582892349228,0.0,0.0,watermelon
0.0,0.0,0.5242718446601942,0.6521739130434783,0.0,0.0,0.0,0.0,0.10404624277456648,0.07532403028051152,0.553457371498341,0.0,0.0,0.8979320144250241,0.0495756488452298,0.0,0.32413410509468876,0.09600586341123916,0.6234765529035298,0.0,0.0,watermelon
0.0,0.0,0.7669902912621359,0.0,0.0,0.0,0.0,0.0,0.12716763005780346,0.013276105943448632,0.9212954057001929,0.0,0.0,0.9451234710046978,0.02665419049852565,0.0,0.5408279257279762,0.06522479056439345,0.5041411230503549,0.0,0.0,watermelon
0.0,0.0,0.7281553398058253,0.5,0.0,0.0,0.0,0.0,0.12716763005780346,0.04398413690292447,0.7392493201457072,0.0,0.0,0.5166503611636665,0.23476873604815823,0.0,0.3722684723147152,0.08916843971587765,0.5300551865397213,0.0,0.0,watermelon
0.0,0.0,0.49514563106796117,0.4782608695652174,0.043478260869565216,0.0,0.0,0.0,0.10982658959537572,0.05245558349324545,0.6890281355706689,0.0,0.0,0.10585976075167859,0.43429467398279303,0.11278160717516714,0.27351155171795233,0.0,0.6216193769583997,0.0,0.0,watermelon
0.0,0.0,0.7864077669902912,0.782608695652174,0.0,0.0,0.0,0.23529411764705882,0.07514450867052024,0.08249774145973775,0.5109295376297353,0.0,0.0,0.6060814754121944,0.19133096767400073,0.0,0.7734422661556409,0.03218222877375505,0.6276255828492289,0.0,0.0,watermelon
0.0,0.0,0.5339805825242718,0.6521739130434783,0.0,0.0,0.0,0.058823529411764705,0.09248554913294797,0.0,0.9263476030558566,0.012072333699042417,0.0,0.8343001838837,0.0804823946629828,0.01630594899808393,0.8949644017132562,0.0,0.5362971379283805,0.0,0.0,watermelon
0.0,0.0,0.6699029126213593,0.8043478260869565,0.0,0.0,0.0,0.23529411764705882,0.07514450867052024,0.06728116069434077,0.6011378276864899,0.0,0.0,0.6104999311449125,0.18918487055442426,0.002750928116131182,0.9822797568816377,0.0,0.5036395541069316,0.0,0.0,watermelon
0.0,0.0,0.6019417475728155,0.0,0.0,0.0,0.0,0.11764705882352941,0.08670520231213873,0.08751585434298612,0.481180713666667,0.0,0.0,0.5386267350727368,0.22409454678430493,0.0,0.550656052547573,0.06382871804742951,0.5849859834038941,0.0,0.0,watermelon
0.0,0.0,0.5922330097087378,0.9347826086956522,0.0,0.0,0.0,0.0,0.10982658959537572,0.0,0.8040293974770047,0.03212145981690451,0.0,0.3615793082206035,0.31008861253497455,0.056744074138019594,0.6344801656736079,0.0,0.6086168204232543,0.0,0.0,watermelon
0.0,0.0,0.6893203883495146,0.6304347826086957,0.0,0.0,0.0,0.17647058823529413,0.08092485549132948,0.0,0.8049268747776086,0.03197435468645747,0.0,0.3397401463674859,0.32069615625208836,0.1040569270201671,0.3297120218683615,0.0,0.5563193314035383,0.0,0.0,watermelon
0.0,0.0,0.7961165048543689,0.9565217391304348,0.0,0.0,0.0,0.0,0.1329479768786127,0.0,0.8515052915909672,0.024339705791454107,0.0,0.5604836519550397,0.21347837923585786,0.13478811678508867,0.13175550284568488,0.0,0.6760078891232474,0.0,0.0,watermelon
0.0,0.0,0.7766990291262136,0.5217391304347826,0.0,0.0,0.0,0.058823529411764705,0.09248554913294797,0.0,0.684808495854745,0.05166290813359876,0.0,0.7976498535148352,0.09828390116076528,0.0,0.17724610254836784,0.11687111140720076,0.5433029173746126,0.0,0.0,watermelon
0.0,0.0,0.6990291262135923,0.8913043478260869,0.0,0.0,0.0,0.0,0.12138728323699421,0.0,0.5880155762408509,0.06752819526294634,0.0,0.2238702285972347,0.3769755696523267,0.0,0.745877037488572,0.03609783333119608,0.6537378541086268,0.0,0.0,watermelon
0.0,0.08994708994708994,0.4174757281553398,0.7608695652173914,0.0,0.0,0.0,0.17647058823529413,0.08092485549132948,0.005642267684489879,0.9665510059252107,0.0,0.0,0.9018715276123286,0.04766217988339269,0.0,0.0,0.14677614688215457,0.6213709518972936,0.0,0.0,watermelon
0.0,0.0,0.6116504854368932,0.717391304347826,0.0,0.0,0.0,0.0,0.11560693641618497,0.0,0.796267367508894,0.03339373091526489,0.0013664672710505203,0.9955232342981655,0.0,0.0,0.09541825910372177,0.12849464918326145,0.5141987560796698,0.0,0.0,watermelon
0.0,0.0,0.5242718446601942,0.9565217391304348,0.0,0.0,0.0,0.0,0.12138728323699421,0.02750455031321312,0.8369450738777581,0.0,0.0,0.07029020129794998,0.45157123704146385,0.0,0.9354764622809465,0.009165483856724655,0.687666145262529,0.0,0.0,watermelon
0.0,0.0,0.47572815533980584,0.9782608695652174,0.0,0.0,0.0,0.0,0.12138728323699421,0.0,0.8914568774157727,0.0177912580030032,0.0,0.6835163942730456,0.15371989575777784,0.0,0.003599564348873662,0.1415373742766281,0.7067155614269138,0.0,0.0,watermelon
0.0,0.0,0.6796116504854369,0.0,0.0,0.0,0.0,0.0,0.11560693641618497,0.0,0.6406406307310046,0.05890244450540845,0.0,0.0,0.48752053551437813,0.0,0.08467127862625232,0.13002124365648568,0.5017543612575532,0.0,0.0,watermelon
0.0,0.0,0.6407766990291263,0.7608695652173914,0.0,0.0,0.0,0.0,0.09826589595375723,0.09130011954070788,0.45874649550222507,0.0,0.0,0.8767778005239762,0.0598505050995924,0.0,0.015895819001308917,0.1397907074400112,0.5775194786895895,0.0,0.0,watermelon
0.0,0.0,0.6213592233009708,0.6739130434782609,0.0,0.0,0.0,0.058823529411764705,0.09248554913294797,0.054926160277690976,0.6743818421217784,0.0,0.0,0.7592803975109579,0.11692040766684725,0.07492322835298466,0.5173782208839969,0.0,0.5064609600665645,0.0,0.0,watermelon
0.0,0.0,0.46601941747572817,0.5652173913043478,0.0,0.0,0.0,0.11764705882352941,0.08670520231213873,0.0,0.8259474199764814,0.028528885880207376,0.0,0.2435680794753771,0.36740808644356715,0.04438612904697897,0.71408449636204,0.0,0.4873800087442787,0.0,0.0,watermelon
0.0,0.005291005291005291,0.4563106796116505,0.9565217391304348,0.0,0.0,0.0,0.0,0.10982658959537572,0.0,0.5893933569030175,0.06730236380860309,0.0,0.24186542979825673,0.36823508388085235,0.008689616549552664,0.9440253938441788,0.0,0.5240931934948103,0.0,0.0,watermelon
0.0,0.0,0.6310679611650486,0.5,0.0,0.0,0.0,0.0,0.12716763005780346,0.026379402800221784,0.8436152736271898,0.0,0.002988661158880534,0.9902086672297716,0.0,0.0,0.12331709965136096,0.12453165549599479,0.5273792002129951,0.0,0.0,watermelon
0.0,0.0,0.5922330097087378,0.5652173913043478,0.0,0.0,0.0,0.0,0.11560693641618497,0.018992168932184066,0.8874089317268085,0.0,0.0,0.7170855864876768,0.13741493513887637,0.06882148299096887,0.5566829234050218,0.0,0.6104377461397902,0.0,0.0,watermelon
0.0,0.0,0.5825242718446602,0.5652173913043478,0.0,0.0,0.0,0.0,0.10404624277456648,0.0,0.7902886213832063,0.03437370470194148,0.0,0.9548183174266975,0.021945286926872046,0.11342375781835762,0.26937510574932727,0.0,0.6132375977392992,0.0,0.0,watermelon
0.0,0.0,0.5145631067961165,0.7608695652173914,0.0,0.0,0.0,0.23529411764705882,0.07514450867052024,0.04040778896287206,0.7604509446955381,0.0,0.0,0.9847648800338934,0.007399881101796006,0.045716301073734006,0.7055161257219181,0.0,0.593526365861989,0.0,0.0,watermelon
0.0,0.0,0.5631067961165048,0.8478260869565217,0.0,0.0,0.0,0.17647058823529413,0.08092485549132948,0.0,0.7914306952429384,0.034186507851388256,0.0,0.9433337779935322,0.02752346593060646,0.035006073548191054,0.77450660006136,0.0,0.5386465404108762,0.0,0.0,watermelon
0.0,0.047619047619047616,0.4368932038834951,0.6086956521739131,0.0,0.0,0.0,0.0,0.09826589595375723,0.0,0.5898890435261612,0.0672211160207099,0.0,0.28799168805020825,0.34583100518015764,0.0,0.10100059722289083,0.12770168537931129,0.5781509867355327,0.0,0.0,watermelon
0.0,0.047619047619047616,0.4368932038834951,0.5652173913043478,0.0,0.0,0.0,0.0,0.10982658959537572,0.07663161484311376,0.5457056321742747,0.0,0.0,0.26116274245713067,0.3588621469051324,0.1201371414738294,0.226130504109534,0.0,0.6262713935432755,0.0,0.0,watermelon
0.0,0.0,0.7087378640776699,0.5,0.0,0.0,0.0,0.17647058823529413,0.08092485549132948,0.07796111138303767,0.537823992313654,0.0,0.0,0.20086878458379293,0.38814764780121863,0.0,0.851883328672216,0.021039778783947773,0.5841051178913139,0.0,0.0,watermelon
0.0,0.0,0.7864077669902912,0.6521739130434783,0.0,0.0,0.0,0.0,0.10982658959537572,0.06967761307456331,0.5869309651360072,0.0,0.0,0.38094827314447943,0.3006808731919041,0.0,0.49105260715121124,0.07229530924650762,0.6199767579604152,0.0,0.0,watermelon
0.0,0.0,0.8058252427184466,0.6739130434782609,0.0,0.0,0.0,0.23529411764705882,0.07514450867052024,0.0,0.9773648063356508,0.0037101251635531882,0.0,0.1319541395025788,0.42162032021259166,0.1064676009169541,0.31418354357783007,0.0,0.544366231516939,0.0,0.0,watermelon
0.0,0.0,0.5242718446601942,0.9565217391304348,0.0,0.0,0.0,0.0,0.11560693641618497,0.03104131086464005,0.815978134812845,0.0,0.0,0.684542294929484,0.1532216034636057,0.0068455553265388425,0.955904007830976,0.0,0.5152675098123727,0.0,0.0,watermelon
0.0,0.06878306878306878,0.42718446601941745,0.9782608695652174,0.0,0.0,0.0,0.0,0.1329479768786127,0.04230532279587839,0.7492018155357473,0.0,0.0,0.4303863741194095,0.2766681926270685,0.1078325153485046,0.30539137797342614,0.0,0.5781240162257689,0.0,0.0,watermelon
0.0,0.0,0.6213592233009708,0.8260869565217391,0.0,0.0,0.0,0.0,0.12716763005780346,0.010116516025737583,0.9400263682042939,0.0,0.0,0.7423207121631697,0.1251579309273599,0.0,0.1898524190164389,0.11508040069657666,0.5160468583165578,0.0,0.0,watermelon
0.0,0.0,0.6213592233009708,0.7391304347826086,0.0,0.0,0.0,0.0,0.1329479768786127,0.07318366895578539,0.5661460522331235,0.0,0.0,0.29780177330760144,0.34106612871940845,0.0,0.9469421689993399,0.00753679526418422,0.6727966580871249,0.0,0.0,watermelon
0.0,0.0,0.7184466019417476,0.9782608695652174,0.0,0.0,0.0,0.0,0.12138728323699421,0.0,0.6981494590225703,0.04947619641869336,0.0,0.14324541780704778,0.4161360104647038,0.03819215150002253,0.7539833171847763,0.0,0.6537126143289113,0.0,0.0,watermelon
0.0,0.0,0.6796116504854369,0.8913043478260869,0.0,0.0,0.0,0.0,0.09826589595375723,0.0,0.9212490677177742,0.012908032502224213,0.0,0.09961912760733727,0.4373258245986588,0.0,0.33784895934101855,0.09405768636398239,0.6646549631792372,0.0,0.0,watermelon
0.0,0.0,0.7572815533980582,0.8695652173913043,0.0,0.0,0.0,0.17647058823529413,0.08092485549132948,0.07051602507761028,0.5819606163878893,0.0,0.0,0.058277481406769936,0.45740595964960024,0.0,0.6026414771291865,0.05644425670771821,0.7306277458211032,0.0,0.0,watermelon
0.0,0.005291005291005291,0.4563106796116505,0.5652173913043478,0.0,0.0,0.0,0.0,0.11560693641618497,0.07314072975543034,0.5664006082270194,0.0,0.0,0.9178591251123476,0.039896811388316404,0.10263412421832381,0.338877078348866,0.0,0.6785574682637071,0.0,0.0,watermelon
0.0,0.0,0.8058252427184466,0.9565217391304348,0.0,0.0,0.0,0.11764705882352941,0.08670520231213873,0.08053818539723286,0.5225463524972968,0.0,0.0,0.7294391313871623,0.13141466972283367,0.0,0.5410678828791735,0.06519070496596918,0.5371526764617048,0.0,0.0,watermelon
0.0,0.0,0.5242718446601942,0.8478260869565217,0.0,0.0,0.0,0.17647058823529413,0.08092485549132948,0.05688353068708295,0.6627779844377665,0.0,0.0,0.46956151839477167,0.2576403536321474,0.02777212876309784,0.8211044226453029,0.0,0.6235963815475121,0.0,0.0,watermelon
0.0,0.0,0.5048543689320388,0.6304347826086957,0.0,0.0,0.0,0.0,0.11560693641618497,0.04184589028403351,0.7519254642929143,0.0,0.0,0.40534966912668324,0.2888288215252381,0.07113823411900186,0.5417594533976626,0.0,0.5588454075219486,0.0,0.0,watermelon
0.0,0.0,0.7378640776699029,0.6956521739130435,0.0,0.0,0.0,0.17647058823529413,0.08092485549132948,0.010734678464884642,0.936361722547526,0.0,0.0,0.9316051216838518,0.03322021543888387,0.04748071994459184,0.6941505319897932,0.0,0.6073751696921809,0.0,0.0,watermelon
0.0,0.0,0.5825242718446602,0.6304347826086957,0.0,0.0,0.0,0.0,0.10404624277456648,0.0,0.7767117927878248,0.036599077020814545,0.0,0.40133625052487165,0.290778187236254,0.0,0.30836269158781016,0.09824617200256953,0.480720435583859,0.0,0.0,watermelon
0.0,0.0,0.7766990291262136,0.45652173913043476,0.08695652173913043,0.0,0.0,0.0,0.10404624277456648,0.041581893078528755,0.7534905160516183,0.0,0.0,0.28927290801033534,0.34520870122775815,0.0,0.3583579190744856,0.09114441554839596,0.6466368428522083,0.0,0.0,watermelon
0.0,0.0,0.5145631067961165,0.8043478260869565,0.0,0.0,0.0,0.0,0.11560693641618497,0.04479126532982766,0.7344644294813928,0.0,0.0,0.07854094351890417,0.44756375225811745,0.011364215337305281,0.9267968299696318,0.0,0.47133765078126605,0.0,0.0,watermelon
0.0,0.0,0.6504854368932039,0.6086956521739131,0.0,0.0,0.0,0.11764705882352941,0.08670520231213873,0.0,0.533090248269094,0.07653098288854478,0.0,0.34278346432551854,0.3192179800976175,0.0,0.3072789553853483,0.09840011530790817,0.695917996094875,0.0,0.0,watermelon
0.0,0.06878306878306878,0.42718446601941745,0.7608695652173914,0.0,0.0,0.0,0.23529411764705882,0.07514450867052024,0.0,0.5593379771528914,0.07222872858217773,0.0,0.3898960163481937,0.2963348466437581,0.0,0.3934526803204723,0.08615925076936197,0.4702590046558499,0.0,0.0,watermelon
0.0,0.0,0.49514563106796117,0.0,0.0,0.0,0.0,0.11764705882352941,0.08670520231213873,0.0,0.9102040884033217,0.014718410460245234,0.0,0.34552763684743953,0.31788510248128055,0.0,0.5242666744912845,0.06757729456871489,0.7193235586604461,0.0,0.0,watermelon
0.0,0.0,0.5339805825242718,0.9565217391304348,0.0,0.0,0.0,0.23529411764705882,0.07514450867052024,0.0,0.626257487028644,0.06125997959755028,0.0,0.9294664596106346,0.0342589893437783,0.0,0.0,0.14803083262631025,0.5807581643201747,0.0,0.0,watermelon
0.0,0.06878306878306878,0.42718446601941745,0.717391304347826,0.0,0.0,0.0,0.0,0.10404624277456648,0.0,0.7159930130798654,0.04655146690690389,0.0,0.9529110005132122,0.022871693703755646,0.0,0.8354068352062881,0.023380243058162494,0.6302095435227559,0.0,0.0,watermelon
0.0,0.0,0.7184466019417476,0.0,0.0,0.0,0.0,0.0,0.1329479768786127,0.0,0.768896768529821,0.03788003439115352,0.0,0.582967512172857,0.20255769776492827,0.0,0.8082257120695047,0.027241285929100217,0.5904510865443141,0.0,0.0,watermelon
0.0,0.0,0.6893203883495146,0.6086956521739131,0.0,0.0,0.0,0.0,0.10982658959537572,0.0,0.5798231119487169,0.06887101867203561,0.0,0.6435850993551704,0.17311500621902742,0.10907963269422044,0.29735800827771375,0.0,0.731873113181435,0.0,0.0,watermelon
0.0,0.0,0.7378640776699029,0.45652173913043476,0.08695652173913043,0.0,0.0,0.0,0.10404624277456648,0.0,0.8511694788381738,0.02439474871986268,0.0,0.6292488778700727,0.1800782815115585,0.05052959727784264,0.6745110338631572,0.0,0.6830028007742268,0.0,0.0,watermelon
0.0,0.026455026455026454,0.44660194174757284,0.8913043478260869,0.0,0.0,0.0,0.0,0.12138728323699421,0.03987031981119933,0.7636372172148485,0.0,0.0,0.5214164900017167,0.2324537699175419,0.07872600265245455,0.49288245717584295,0.0,0.6176169272969397,0.0,0.0,watermelon
0.0,0.0,0.6213592233009708,0.8695652173913043,0.0,0.0,0.0,0.0,0.10982658959537572,0.0054446717652527,0.9677224116615843,0.0,0.0,0.6021099706679087,0.1932599753200392,0.0,0.26395456357731983,0.10455428830827729,0.6785855450422943,0.0,0.0,watermelon
0.0,0.0,0.7475728155339806,0.6521739130434783,0.0,0.0,0.0,0.0,0.1329479768786127,0.00923233348937479,0.9452680579066685,0.0,0.0,0.2120746162826474,0.38270484049791315,0.0,0.9043095879262354,0.013592697457542394,0.5003207899638628,0.0,0.0,watermelon
0.0,0.0,0.6019417475728155,0.9782608695652174,0.0,0.0,0.0,0.23529411764705882,0.07514450867052024,0.0,0.8220712363085622,0.02916422953037244,0.0,0.35860186771066077,0.31153479122016137,0.1452147641998419,0.06459172418660616,0.0,0.7253973519640058,0.0,0.0,watermelon
0.0,0.0,0.5339805825242718,0.6739130434782609,0.0,0.0,0.0,0.0,0.1329479768786127,0.029448824093599835,0.8254188567968677,0.0,0.0,0.2556041561369978,0.36156201917096037,0.0,0.6735923454226334,0.04636577897768893,0.47688410412762056,0.0,0.0,watermelon
0.0,0.0,0.5339805825242718,0.9565217391304348,0.0,0.0,0.0,0.058823529411764705,0.09248554913294797,0.0,0.7716766534974653,0.037424384604225286,0.0,0.349979571110279,0.3157227444367549,0.0,0.0,0.1514121574938235,0.5422195919423702,0.0,0.0,watermelon
0.0,0.0,0.5242718446601942,0.5869565217391305,0.0,0.0,0.0,0.0,0.1329479768786127,0.0,0.7732258572886773,0.03717045525621618,0.0,0.7236277796845587,0.1342373131766204,0.0568294652284881,0.6339301146292454,0.0,0.6442753349035644,0.0,0.0,watermelon
0.0,0.0,0.7087378640776699,0.6521739130434783,0.0,0.0,0.0,0.0,0.12716763005780346,0.0,0.6158521213206791,0.06296551875579913,0.0,0.2242035934116938,0.376813650350345,0.0,0.35320079179823155,0.09187697871012761,0.6349513438887765,0.0,0.0,watermelon
0.0,0.0,0.7281553398058253,0.5652173913043478,0.0,0.0,0.0,0.0,0.10982658959537572,0.03286371868479526,0.8051743743769852,0.0,0.0,0.4624541930879624,0.2610924670608029,0.0,0.0,0.1445827317005747,0.510909708629125,0.0,0.0,watermelon
0.0,0.0,0.5048543689320388,0.5652173913043478,0.0,0.0,0.0,0.0,0.12716763005780346,0.053955933002042405,0.6801336299151117,0.0,0.0,0.4621430706055937,0.2612435829944316,0.024633787802760692,0.8413202052676785,0.0,0.6144649693112267,0.0,0.0,watermelon
0.0,0.0,0.6116504854368932,0.8913043478260869,0.0,0.0,0.0,0.0,0.12138728323699421,0.06290600125617037,0.6270750377422818,0.0,0.0,0.5636238173496589,0.21195316311600768,0.07303935468589332,0.5295132887505057,0.0,0.7080578804777679,0.0,0.0,watermelon
0.0,0.026455026455026454,0.44660194174757284,0.6304347826086957,0.0,0.0,0.0,0.0,0.12716763005780346,0.0,0.8991110659277016,0.016536663152798118,0.0,0.8423847882525287,0.07655560503366018,0.050611366128981136,0.6739843156573319,0.0,0.540717836099926,0.0,0.0,watermelon
0.0,0.0,0.5631067961165048,0.8043478260869565,0.0,0.0,0.0,0.0,0.10404624277456648,0.0,0.6508159596408012,0.057234610582912536,0.0,0.5942829376969366,0.19706165942189613,0.0,0.7284417001804135,0.03857450011487874,0.5163520473316211,0.0,0.0,watermelon
0.0,0.0,0.7961165048543689,0.45652173913043476,0.08695652173913043,0.0,0.0,0.0,0.09826589595375723,0.014353153586868738,0.9149103558837763,0.0,0.00022174721025374695,0.9992735206130636,0.0,0.0,0.04136082993281131,0.13617343605572566,0.6315181163514798,0.0,0.0,watermelon
0.0,0.0,0.5825242718446602,0.8478260869565217,0.0,0.0,0.0,0.11764705882352941,0.08670520231213873,0.018532559946438102,0.8901336266722817,0.0,0.0,0.03293629623752908,0.469714478233514,0.0,0.31798736365630215,0.09687899996599997,0.4899870446129243,0.0,0.0,watermelon
0.0,0.0,0.7087378640776699,0.9565217391304348,0.0,0.0,0.0,0.23529411764705882,0.07514450867052024,0.0,0.6491034529766592,0.05751530683679053,0.0,0.5544016320932771,0.2164324894716768,0.08075605651668023,0.47980576214826026,0.0,0.6234343621225299,0.0,0.0,watermelon
0.0,0.0,0.5728155339805825,0.717391304347826,0.0,0.0,0.0,0.0,0.10404624277456648,0.015957092083221054,0.9054017447612848,0.0,0.0,0.5955736736519612,0.19643473343626267,0.0,0.03891098539003932,0.1365214332580184,0.7144125372054051,0.0,0.0,watermelon
0.0,0.026455026455026454,0.44660194174757284,0.6086956521739131,0.0,0.0,0.0,0.0,0.1329479768786127,0.0,0.5616517877696852,0.07184947284792775,0.0,0.6391510699797011,0.17526866764429608,0.0,0.9233333151406313,0.01089040197217269,0.68173279545835,0.0,0.0,watermelon
0.0,0.0,0.8058252427184466,0.5869565217391305,0.0,0.0,0.0,0.11764705882352941,0.08670520231213873,0.0,0.5317711386510922,0.07674719759648173,0.0,0.056452408143977506,0.45829241969565016,0.05622939461009351,0.6377954999818415,0.0,0.486480441274359,0.0,0.0,watermelon
0.0,0.0,0.7572815533980582,0.7391304347826086,0.0,0.0,0.0,0.0,0.1329479768786127,0.0,0.33189259031126933,0.10950920718414657,0.0,0.0,0.6994630667237305,0.0,0.2950468266251172,0.10013767314569189,0.8945667204055154,0.0,0.0,muskmelon
0.0,0.0,0.7475728155339806,0.5217391304347826,0.0,0.0,0.0,0.058823529411764705,0.09248554913294797,0.0,0.25012340000695527,0.12291196110134515,0.0,0.0,0.6439376490853849,0.0,0.7927002465198134,0.029446657935877373,0.9181210058726037,0.0,0.0,muskmelon
0.0,0.0,0.6213592233009708,0.5652173913043478,0.0,0.0,0.0,0.0,0.11560693641618497,0.0,0.0,0.19364106971621964,0.0,0.0,0.7047733169639032,0.0,0.34797025859651726,0.09261996908723798,0.9690085895003115,0.0,0.0,muskmelon
0.0,0.0,0.7864077669902912,0.717391304347826,0.0,0.0,0.0,0.0,0.11560693641618497,0.0,0.1728737026048325,0.135573926819796,0.0,0.0,0.5309500532234663,0.0,0.723649681141382,0.03925520013065595,0.992620016652085,0.0,0.0,muskmelon
0.0,0.0,0.5631067961165048,0.5434782608695652,0.0,0.0,0.0,0.23529411764705882,0.07514450867052024,0.0,0.0,0.23888147547310484,0.0,0.0,0.7219234468843649,0.10530287667481526,0.3216861739139425,0.0,0.8935213913358279,0.0,0.0,muskmelon
0.0,0.06878306878306878,0.42718446601941745,0.5652173913043478,0.0,0.0,0.0,0.0,0.09826589595375723,0.0,0.0,0.23622900377469191,0.0,0.0,0.6549829839784996,0.11936665473366294,0.23109363356215876,0.0,0.9189464510542524,0.0,0.0,muskmelon
0.0,0.0,0.7766990291262136,0.5869565217391305,0.0,0.0,0.0,0.0,0.12138728323699421,0.0,0.0,0.19768517766710797,0.0,0.0,0.6018283285159634,0.04504992375155389,0.7098086290731879,0.0,0.9853778392518612,0.0,0.0,muskmelon
0.0,0.0,0.7475728155339806,0.45652173913043476,0.08695652173913043,0.0,0.0,0.0,0.10982658959537572,0.0,0.0,0.201937966912877,0.0,0.0,0.49192517992128754,0.12186223381076408,0.21501823424219277,0.0,0.9233327455914644,0.0,0.0,muskmelon
0.0,0.0,0.7378640776699029,0.9782608695652174,0.0,0.0,0.0,0.0,0.11560693641618497,0.0,0.2694877369590651,0.11973796069883474,0.0,0.0,0.5065696526751595,0.0,0.3663456590615031,0.09000976756580241,0.9329618551651585,0.0,0.0,muskmelon
0.0,0.0,0.6893203883495146,0.5434782608695652,0.0,0.0,0.0,0.0,0.11560693641618497,0.0,0.0,0.17854914568852734,0.0,0.0,0.7070940845996918,0.07644699842230501,0.5075627786241625,0.0,0.9192685271778491,0.0,0.0,muskmelon
0.0,0.06878306878306878,0.42718446601941745,0.45652173913043476,0.08695652173913043,0.0,0.0,0.058823529411764705,0.09248554913294797,0.0,0.012776582586721617,0.16181537906445323,0.0,0.0,0.5958224061454166,0.13149975080787757,0.15293767923067947,0.0,0.8706667885513534,0.0,0.0,muskmelon
0.0,0.0,0.7572815533980582,0.9130434782608695,0.0,0.0,0.0,0.0,0.11560693641618497,0.0,0.0,0.1919121458879239,0.0,0.0,0.5384107289017941,0.13891510787180067,0.1051712802427691,0.0,0.8806771879605032,0.0,0.0,muskmelon
0.0,0.026455026455026454,0.44660194174757284,0.9565217391304348,0.0,0.0,0.0,0.23529411764705882,0.07514450867052024,0.0,0.0,0.19281543740719131,0.0,0.0,0.5262143165370615,0.0,0.4403121952004156,0.07950291817588047,0.9314341721266527,0.0,0.0,muskmelon
0.0,0.005291005291005291,0.4563106796116505,0.6521739130434783,0.0,0.0,0.0,0.0,0.1329479768786127,0.0,0.030627244399365445,0.1588894845234457,0.0,0.0,0.7341013946953505,0.0,0.8611991142221292,0.019716483671980815,0.9882987386815532,0.0,0.0,muskmelon
0.0,0.0,0.6990291262135923,0.5434782608695652,0.0,0.0,0.0,0.23529411764705882,0.07514450867052024,0.0,0.09514712409372095,0.14831405792214936,0.0,0.0,0.5083142900451012,0.0686608583525966,0.5577175951676409,0.0,0.9815332858567779,0.0,0.0,muskmelon
0.0,0.0,0.5631067961165048,0.5217391304347826,0.0,0.0,0.0,0.0,0.1329479768786127,0.0,0.030215838339666387,0.1589569179192965,0.0,0.0,0.5505265998898095,0.09061791401999332,0.41628010637681,0.0,0.9909594273156388,0.0,0.0,muskmelon
0.0,0.0,0.7961165048543689,0.0,0.0,0.0,0.0,0.0,0.1329479768786127,0.0,0.0,0.22624435707296933,0.0,0.0,0.7088093433278733,0.08776081367913284,0.43468426327088616,0.0,0.9112201389929062,0.0,0.0,muskmelon
0.0,0.0,0.7087378640776699,0.8043478260869565,0.0,0.0,0.0,0.0,0.10982658959537572,0.0,0.5189074750925682,0.0788556753312727,0.0,0.0,0.5738062122463561,0.11628990108758111,0.2509126983731121,0.0,0.9859478491187236,0.0,0.0,muskmelon
0.0,0.047619047619047616,0.4368932038834951,0.717391304347826,0.0,0.0,0.0,0.058823529411764705,0.09248554913294797,0.0,0.0,0.19346288054409155,0.0,0.0,0.7019594793112616,0.09108485278967969,0.4132722965864662,0.0,0.9130074639538263,0.0,0.0,muskmelon
0.0,0.0,0.4854368932038835,0.8043478260869565,0.0,0.0,0.0,0.058823529411764705,0.09248554913294797,0.0,0.0,0.226461200210722,0.0,0.0,0.6210286144072491,0.0,0.6370057451242845,0.051562857536323684,0.8808006134850662,0.0,0.0,muskmelon
0.0,0.0,0.46601941747572817,0.9130434782608695,0.0,0.0,0.0,0.0,0.12138728323699421,0.0,0.11996777702824353,0.14424571504009873,0.0,0.0,0.6353484361003915,0.0,0.954637394395905,0.0064436985952883415,0.8851366709070378,0.0,0.0,muskmelon
0.0,0.0,0.6116504854368932,0.9782608695652174,0.0,0.0,0.0,0.0,0.12138728323699421,0.0,0.0,0.19106186873004521,0.0,0.0,0.6893853386233786,0.10928206580929081,0.2960540250899235,0.0,0.9537221083630484,0.0,0.0,muskmelon
0.0,0.0,0.6796116504854369,0.8478260869565217,0.0,0.0,0.0,0.17647058823529413,0.08092485549132948,0.0,0.0,0.21982374164528906,0.0,0.0,0.6738294877487583,0.0,0.7298057768212032,0.038380734818175236,0.9014428368141317,0.0,0.0,muskmelon
0.0,0.0,0.5242718446601942,0.8260869565217391,0.0,0.0,0.0,0.11764705882352941,0.08670520231213873,0.0,0.0,0.19422630659928458,0.0,0.0,0.6131595477235045,0.09620138946087296,0.38031386586415733,0.0,0.8962612709491335,0.0,0.0,muskmelon
0.0,0.0,0.6310679611650486,0.5652173913043478,0.0,0.0,0.0,0.0,0.10404624277456648,0.0,0.12043557600539342,0.14416903830464223,0.0,0.0,0.6377277201019202,0.11142132173125724,0.2822738994634662,0.0,0.9980076181536895,0.0,0.0,muskmelon
0.0,0.0,0.7766990291262136,0.5652173913043478,0.0,0.0,0.0,0.0,0.12138728323699421,0.0,0.0,0.19471876046688652,0.0,0.0,0.5972856428345905,0.003807135505757158,0.9754761433601382,0.0,0.9422830907548384,0.0,0.0,muskmelon
0.0,0.0,0.46601941747572817,0.6521739130434783,0.0,0.0,0.0,0.0,0.11560693641618497,0.0,0.0,0.22289972469878291,0.0,0.0,0.4934903663511581,0.11981714138682412,0.22819180091564806,0.0,0.9533248032805158,0.0,0.0,muskmelon
0.0,0.0,0.6504854368932039,0.5652173913043478,0.0,0.0,0.0,0.0,0.1329479768786127,0.0,0.0,0.23307625492130452,0.0,0.0,0.5072430137687673,0.1031549822359671,0.3355219449854513,0.0,0.9668293810983285,0.0,0.0,muskmelon
0.0,0.0,0.6310679611650486,0.5869565217391305,0.0,0.0,0.0,0.0,0.12716763005780346,0.0,0.28291648731797714,0.11753685982201104,0.0,0.0,0.5364692391518112,0.0,0.45161491469114784,0.07789738170513606,0.965075083867473,0.0,0.0,muskmelon
0.0,0.0,0.7669902912621359,0.5652173913043478,0.0,0.0,0.0,0.0,0.10404624277456648,0.0,0.0,0.20259309227235828,0.0,0.0,0.6382030570324134,0.11511155252740331,0.2585030904455479,0.0,0.8862118415079154,0.0,0.0,muskmelon
0.0,0.0,0.6116504854368932,0.7391304347826086,0.0,0.0,0.0,0.058823529411764705,0.09248554913294797,0.0,0.0,0.2284263821176291,0.0,0.0,0.7086256788896125,0.019602361428289302,0.8737303936927989,0.0,0.9154476020453225,0.0,0.0,muskmelon
0.0,0.0,0.7087378640776699,0.5652173913043478,0.0,0.0,0.0,0.0,0.12716763005780346,0.0,0.0,0.1832383628455122,0.0,0.0,0.5285322300660467,0.0,0.9982236808964605,0.0002523237975383834,0.9566987013756879,0.0,0.0,muskmelon
0.0,0.0,0.6504854368932039,0.5652173913043478,0.0,0.0,0.0,0.0,0.10982658959537572,0.0,0.0,0.1861458381971298,0.0,0.0,0.6874704620865987,0.0,0.909871149761746,0.012802684897420537,0.9551272737702089,0.0,0.0,muskmelon
0.0,0.0,0.6796116504854369,0.8695652173913043,0.0,0.0,0.0,0.0,0.12716763005780346,0.0,0.0,0.16550664469518933,0.0,0.0,0.556828994142315,0.11335470002071964,0.26981994505871815,0.0,0.8763827587418516,0.0,0.0,muskmelon
0.0,0.0,0.5922330097087378,0.5434782608695652,0.0,0.0,0.0,0.0,0.11560693641618497,0.0,0.4126537213567346,0.09627168384010178,0.0,0.0,0.5240958398720437,0.09415300969551106,0.3935086081142729,0.0,0.8864146170068667,0.0,0.0,muskmelon
0.0,0.0,0.49514563106796117,0.7391304347826086,0.0,0.0,0.0,0.0,0.11560693641618497,0.0,0.0,0.23817632134705535,0.0,0.0,0.5269280872311941,0.0,0.554917100053489,0.06322344184112072,0.9307893296502248,0.0,0.0,muskmelon
0.0,0.0,0.4854368932038835,0.5652173913043478,0.0,0.0,0.0,0.17647058823529413,0.08092485549132948,0.0,0.38290652996360647,0.10114753358847417,0.0,0.0,0.48972004718126655,0.015530812381961665,0.8999574835779137,0.0,0.9793773766094087,0.0,0.0,muskmelon
0.0,0.0,0.8058252427184466,0.9347826086956522,0.0,0.0,0.0,0.17647058823529413,0.08092485549132948,0.0,0.0,0.2189481580170287,0.0,0.0,0.5246998022925411,0.0,0.3826901341766834,0.08768805632505955,0.8907783765574802,0.0,0.0,muskmelon
0.0,0.0,0.5631067961165048,0.8260869565217391,0.0,0.0,0.0,0.17647058823529413,0.08092485549132948,0.0,0.0,0.23466623380243928,0.0,0.0,0.6812326086821001,0.10239566458071471,0.34041312821057323,0.0,0.9588673886374267,0.0,0.0,muskmelon
0.0,0.0,0.6893203883495146,0.6304347826086957,0.0,0.0,0.0,0.11764705882352941,0.08670520231213873,0.0,0.00884154899950258,0.16246036878037348,0.0,0.0,0.5768843566944077,0.09037507365750745,0.41784437490021026,0.0,0.934128351010024,0.0,0.0,muskmelon
0.0,0.047619047619047616,0.4368932038834951,0.8260869565217391,0.0,0.0,0.0,0.0,0.11560693641618497,0.0,0.48812778942219803,0.08390076078648394,0.0,0.0,0.7379226090276869,0.0,0.9643704826039234,0.005061126188376949,0.9155064535643131,0.0,0.0,muskmelon
0.0,0.0,0.8058252427184466,0.6086956521739131,0.0,0.0,0.0,0.0,0.1329479768786127,0.0,0.24189517418790224,0.12426064616741324,0.0,0.0,0.5706942521686693,0.0,0.3842650703411677,0.08746433870973279,0.9160530048795523,0.0,0.0,muskmelon
0.0,0.0,0.7087378640776699,0.6304347826086957,0.0,0.0,0.0,0.11764705882352941,0.08670520231213873,0.0,0.0,0.1899052513987978,0.0,0.0,0.5817180336345465,0.062107311743281206,0.599932598360058,0.0,0.9366785994839757,0.0,0.0,muskmelon
0.0,0.0,0.5631067961165048,0.6086956521739131,0.0,0.0,0.0,0.23529411764705882,0.07514450867052024,0.0,0.24887584719282105,0.1231164469633712,0.0,0.0,0.5174012647925605,0.054390619500573015,0.6496400632002076,0.0,0.9868882191422443,0.0,0.0,muskmelon
0.0,0.0,0.6699029126213593,0.8913043478260869,0.0,0.0,0.0,0.0,0.09826589595375723,0.0,0.2818540601432016,0.11771100181761436,0.0,0.0,0.5912086251146551,0.025484268914560092,0.8358417880090495,0.0,0.0,0.0,0.0,muskmelon
0.0,0.0,0.6019417475728155,0.8478260869565217,0.0,0.0,0.0,0.0,0.11560693641618497,0.0,0.0,0.17140147402804812,0.0,0.0,0.7091416325074024,0.14454644905838004,0.06889671009915757,0.0,0.9731194569890932,0.0,0.0,muskmelon
0.0,0.0,0.6699029126213593,0.6739130434782609,0.0,0.0,0.0,0.0,0.10982658959537572,0.0,0.0,0.22855281102202396,0.0,0.0,0.5380673831339488,0.028241056374345427,0.8180838016310735,0.0,0.9962616884621404,0.0,0.0,muskmelon
0.0,0.026455026455026454,0.44660194174757284,0.8695652173913043,0.0,0.0,0.0,0.0,0.12138728323699421,0.0,0.0,0.218084978686092,0.0,0.0,0.6379009389603617,0.08941706395021029,0.42401544306571787,0.0,0.9765051456408599,0.0,0.0,muskmelon
0.0,0.0,0.7766990291262136,0.6956521739130435,0.0,0.0,0.0,0.0,0.1329479768786127,0.0,0.0,0.17726732865275374,0.0,0.0,0.5797519092726996,0.10385940231675854,0.3309843872732433,0.0,0.9336649730542436,0.0,0.0,muskmelon
0.0,0.0,0.5922330097087378,0.5434782608695652,0.0,0.0,0.0,0.0,0.09826589595375723,0.0,0.4290631423344389,0.0935820224839188,0.0,0.0,0.515674524538106,0.10097781333688935,0.349546288978726,0.0,0.9560106465039826,0.0,0.0,muskmelon
0.0,0.0,0.7378640776699029,0.6739130434782609,0.0,0.0,0.0,0.058823529411764705,0.09248554913294797,0.0,0.36983866525136244,0.10328948184929986,0.0,0.0,0.7383178961562504,0.0,0.9688337473894678,0.004427125282873054,0.9053298164691582,0.0,0.0,muskmelon
0.0,0.0,0.6213592233009708,0.7391304347826086,0.0,0.0,0.0,0.11764705882352941,0.08670520231213873,0.0,0.0,0.2154872943398774,0.0,0.0,0.7307839855736137,0.0821808084380423,0.4706281503154232,0.0,0.9183332598678321,0.0,0.0,muskmelon
0.0,0.0,0.5922330097087378,0.9565217391304348,0.0,0.0,0.0,0.23529411764705882,0.07514450867052024,0.0,0.2598872958570338,0.1213115650002619,0.0,0.0,0.6170265097792552,0.09153891682365858,0.41034742005980285,0.0,0.9110195158893689,0.0,0.0,muskmelon
0.0,0.0,0.5436893203883495,0.6304347826086957,0.0,0.0,0.0,0.058823529411764705,0.09248554913294797,0.0,0.0,0.19509228509823873,0.0,0.0,0.5664010701666197,0.0,0.29413442907856074,0.10026727801981225,0.9773209268095439,0.0,0.0,muskmelon
0.0,0.0,0.5631067961165048,0.6521739130434783,0.0,0.0,0.0,0.11764705882352941,0.08670520231213873,0.0,0.21279782603396355,0.12902998038117905,0.0,0.0,0.6709031543077595,0.0,0.9861098199125254,0.001973081852905783,0.9939722361324762,0.0,0.0,muskmelon
0.0,0.0,0.6990291262135923,0.8478260869565217,0.0,0.0,0.0,0.058823529411764705,0.09248554913294797,0.0,0.0,0.21347939414176784,0.0,0.0,0.5972813960179841,0.0,0.4310066584012991,0.0808247574662465,0.992621487792718,0.0,0.0,muskmelon
0.0,0.0,0.7864077669902912,0.8478260869565217,0.0,0.0,0.0,0.11764705882352941,0.08670520231213873,0.0,0.2001144112361264,0.13110891361669866,0.0,0.0,0.5997982486850554,0.14187125443999457,0.08612911204697511,0.0,0.8829784576361754,0.0,0.0,muskmelon
0.0,0.0,0.6116504854368932,0.8043478260869565,0.0,0.0,0.0,0.0,0.09826589595375723,0.0,0.0,0.21520050076783923,0.0,0.0,0.543479584652591,0.020233796023305866,0.8696629756925154,0.0,0.9222058732981193,0.0,0.0,muskmelon
0.0,0.0,0.5048543689320388,0.9130434782608695,0.0,0.0,0.0,0.11764705882352941,0.08670520231213873,0.0,0.0,0.2142452990649228,0.0,0.0,0.5278431929138443,0.0,0.5119558991038652,0.06932602405668027,0.8855959014597937,0.0,0.0,muskmelon
0.0,0.0,0.5631067961165048,0.7608695652173914,0.0,0.0,0.0,0.17647058823529413,0.08092485549132948,0.0,0.501163385735149,0.08176410162554316,0.0,0.0,0.4957001498295097,0.0,0.3548899744581247,0.0916370325300573,0.943203800563705,0.0,0.0,muskmelon
0.0,0.0,0.5631067961165048,0.9565217391304348,0.0,0.0,0.0,0.23529411764705882,0.07514450867052024,0.0,0.42577950786257973,0.09412024164221754,0.0,0.0,0.5293531271575943,0.13470547028227672,0.13228787448932117,0.0,0.9345859100373353,0.0,0.0,muskmelon
0.0,0.0,0.4854368932038835,0.9782608695652174,0.0,0.0,0.0,0.23529411764705882,0.07514450867052024,0.0,0.0,0.2339241887440603,0.0,0.0,0.5288364492486916,0.0083119126627789,0.946458392605991,0.0,0.9647616287110328,0.0,0.0,muskmelon
0.0,0.0,0.5436893203883495,0.6739130434782609,0.0,0.0,0.0,0.0,0.10404624277456648,0.0,0.0,0.23963972085468435,0.0,0.0,0.6538951074419599,0.0,0.9523715500283673,0.0067655588141582994,0.9445877606767974,0.0,0.0,muskmelon
0.0,0.005291005291005291,0.4563106796116505,0.4782608695652174,0.043478260869565216,0.0,0.0,0.0,0.09826589595375723,0.0,0.0,0.24035219264763844,0.0,0.0,0.688628425193398,0.05945464979575835,0.617019854964582,0.0,0.9976031838724816,0.0,0.0,muskmelon
0.0,0.0,0.7184466019417476,0.0,0.0,0.0,0.0,0.11764705882352941,0.08670520231213873,0.0,0.1783990306391953,0.1346682726035715,0.0,0.0,0.5638712474089504,0.05156758628979089,0.667824774946374,0.0,0.9870341888957539,0.0,0.0,muskmelon
0.0,0.0,0.7184466019417476,0.0,0.0,0.0,0.0,0.0,0.11560693641618497,0.0,0.0,0.23707804122199208,0.0,0.0,0.6952768732321113,0.0989794182827183,0.36241905217409665,0.0,0.9894338357266316,0.0,0.0,muskmelon
0.0,0.0,0.7184466019417476,0.782608695652174,0.0,0.0,0.0,0.0,0.12716763005780346,0.0,0.2888383309008302,0.1165662129074245,0.0,0.0,0.637597171370406,0.07908627712349278,0.4905617308803426,0.0,0.9752090214506689,0.0,0.0,muskmelon
0.0,0.0,0.5048543689320388,0.8695652173913043,0.0,0.0,0.0,0.11764705882352941,0.08670520231213873,0.0,0.0,0.2317028945806468,0.0,0.0,0.7268689158253884,0.033291970862117576,0.7855480795347595,0.0,0.8974678505876407,0.0,0.0,muskmelon
0.0,0.0,0.7087378640776699,0.782608695652174,0.0,0.0,0.0,0.058823529411764705,0.09248554913294797,0.0,0.0,0.16482490123936394,0.0,0.0,0.6352452715189757,0.07275915882461194,0.5313181846158502,0.0,0.9010472698287361,0.0,0.0,muskmelon
0.0,0.0,0.5631067961165048,0.45652173913043476,0.08695652173913043,0.0,0.0,0.0,0.11560693641618497,0.0,0.0,0.21475073255291927,0.0,0.0,0.5056116385107585,0.0,0.5679367480394365,0.06137401793081023,0.9219716902928217,0.0,0.0,muskmelon
0.0,0.0,0.7572815533980582,0.8478260869565217,0.0,0.0,0.0,0.0,0.11560693641618497,0.0,0.35327214803039975,0.10600489278526802,0.0,0.0,0.7426952348394871,0.0,0.4775185661397981,0.07421780201103138,0.9891945323268171,0.0,0.0,muskmelon
0.0,0.0,0.8058252427184466,0.5652173913043478,0.0,0.0,0.0,0.0,0.10404624277456648,0.0,0.17113838767351983,0.13585836156724385,0.0,0.0,0.7352209990782977,0.03350170769647958,0.7841970490683592,0.0,0.9780671615896478,0.0,0.0,muskmelon
0.0,0.0,0.6310679611650486,0.8695652173913043,0.0,0.0,0.0,0.23529411764705882,0.07514450867052024,0.0,0.0,0.18991083811773243,0.0,0.0,0.6485756100597743,0.023834129331783475,0.8464712459053024,0.0,0.9471626437576177,0.0,0.0,muskmelon
0.0,0.0,0.5533980582524272,0.0,0.0,0.0,0.0,0.0,0.1329479768786127,0.0,0.0,0.1652267948300596,0.0,0.0,0.5853288565202117,0.11620852123851119,0.251436910802364,0.0,0.9106243790080042,0.0,0.0,muskmelon
0.0,0.005291005291005291,0.4563106796116505,0.717391304347826,0.0,0.0,0.0,0.17647058823529413,0.08092485549132948,0.0,0.4973315293506007,0.08239217960915794,0.0,0.0,0.6638502319716186,0.0,0.2859867744834954,0.10142464166261803,0.9315486364585098,0.0,0.0,muskmelon
0.0,0.0,0.6796116504854369,0.6304347826086957,0.0,0.0,0.0,0.0,0.12716763005780346,0.0,0.19086875040116671,0.1326243660323539,0.0,0.0,0.5317341170620397,0.0,0.5883328491709477,0.058476778531523735,0.9811446711259822,0.0,0.0,muskmelon
0.0,0.08994708994708994,0.4174757281553398,0.717391304347826,0.0,0.0,0.0,0.0,0.11560693641618497,0.0,0.23236203063652994,0.1258232197553485,0.0,0.0,0.5472088862890065,0.0,0.8801550171692774,0.017023822534765753,0.9485534528521221,0.0,0.0,muskmelon
0.0,0.0,0.47572815533980584,0.717391304347826,0.0,0.0,0.0,0.23529411764705882,0.07514450867052024,0.0,0.0,0.18627038402485835,0.0,0.0,0.525158917767593,0.0,0.7157750003189569,0.040373788207290234,0.9725795098000282,0.0,0.0,muskmelon
0.0,0.0,0.7378640776699029,0.5,0.0,0.0,0.0,0.058823529411764705,0.09248554913294797,0.0,0.0,0.18136877197320972,0.0,0.0,0.6158909766303401,0.08715726669718438,0.4385720417958015,0.0,0.9433215250332172,0.0,0.0,muskmelon
0.0,0.0,0.7572815533980582,0.717391304347826,0.0,0.0,0.0,0.0,0.12138728323699421,0.0,0.0,0.19759181711579324,0.0,0.0,0.7035187735073494,0.1412751820506047,0.08996874260445659,0.0,0.9751035645232556,0.0,0.0,muskmelon
0.0,0.047619047619047616,0.4368932038834951,0.6739130434782609,0.0,0.0,0.0,0.0,0.12716763005780346,0.0,0.0,0.20698589911089826,0.0,0.0,0.4891101633092976,0.0,0.7671366189392692,0.03307793768574158,0.9834701068616838,0.0,0.0,muskmelon
0.0,0.0,0.5922330097087378,0.6304347826086957,0.0,0.0,0.0,0.11764705882352941,0.08670520231213873,0.0,0.0,0.19217782123089663,0.0,0.0,0.5865161834036313,0.028642451034970748,0.8154981975467704,0.0,0.8844784755154299,0.0,0.0,muskmelon
0.0,0.0,0.7766990291262136,0.5652173913043478,0.0,0.0,0.0,0.0,0.12716763005780346,0.0,0.0,0.17060909483931685,0.0,0.0,0.6169826140471985,0.09394910378299755,0.39482207840156364,0.0,0.8807789511636067,0.0,0.0,muskmelon
0.0,0.026455026455026454,0.44660194174757284,0.782608695652174,0.0,0.0,0.0,0.0,0.09826589595375723,0.0,0.0,0.18412362573124358,0.0,0.0,0.5597710595143296,0.0,0.9740012999116404,0.003693081228640058,0.9599565325962972,0.0,0.0,muskmelon
0.0,0.0,0.8058252427184466,0.7608695652173914,0.0,0.0,0.0,0.0,0.10982658959537572,0.0,0.18988965878912537,0.1327848485305876,0.0,0.0,0.5725018823617348,0.0,0.7553203347467665,0.034756425348405395,0.9588124154218035,0.0,0.0,muskmelon
0.0,0.0,0.7184466019417476,0.0,0.0,0.0,0.0,0.0,0.10404624277456648,0.0,0.3267519450664876,0.11035180820459219,0.0,0.0,0.5804726224996168,0.008613455354990524,0.9445159900454798,0.0,0.9379638391355308,0.0,0.0,muskmelon
0.0,0.0,0.46601941747572817,0.6521739130434783,0.0,0.0,0.0,0.11764705882352941,0.08670520231213873,0.0,0.0,0.23646981796946764,0.0,0.0,0.5195714352368325,0.08159282496314053,0.47441567571957377,0.0,0.9399121852139454,0.0,0.0,muskmelon
0.0,0.0,0.5145631067961165,0.6086956521739131,0.0,0.0,0.0,0.0,0.12716763005780346,0.0,0.001056133638788124,0.16373647296869304,0.0,0.0,0.5118008485651657,0.09109510929491817,0.4132062287872733,0.0,0.9055054881810144,0.0,0.0,muskmelon
0.0,0.0,0.6019417475728155,0.4782608695652174,0.043478260869565216,0.0,0.0,0.0,0.1329479768786127,0.0,0.0,0.19887888231500223,0.0,0.0,0.563299855534499,0.0,0.5268535915632796,0.06720982639353058,0.9159999851479491,0.0,0.0,muskmelon
0.0,0.0,0.6310679611650486,0.8695652173913043,0.0,0.0,0.0,0.11764705882352941,0.08670520231213873,0.0,0.19367252701179688,0.13216480017617727,0.0,0.0,0.6309542485503047,0.0,0.8398272497842535,0.022752328968411516,0.9071234765905426,0.0,0.0,muskmelon
0.0,0.08994708994708994,0.4174757281553398,0.717391304347826,0.0,0.0,0.0,0.0,0.10982658959537572,0.0,0.1713984552442939,0.13581573400006414,0.0,0.0,0.5815059168064998,0.0,0.4364030328370125,0.08005820955948523,0.9925719198770224,0.0,0.0,muskmelon
0.0,0.0,0.4854368932038835,0.6521739130434783,0.0,0.0,0.0,0.0,0.11560693641618497,0.0,0.40872101989626863,0.0969162912980975,0.0,0.0,0.7083008063895603,0.12237805500497215,0.21169554583264394,0.0,0.906221344837979,0.0,0.0,muskmelon
0.0,0.0,0.7475728155339806,0.9347826086956522,0.0,0.0,0.0,0.0,0.11560693641618497,0.0,0.0,0.2070121875028672,0.0,0.0,0.7216363128730302,0.002041636948700661,0.9868486919457251,0.0,0.8926037392705988,0.0,0.0,muskmelon
0.0,0.0,0.6019417475728155,0.9782608695652174,0.0,0.0,0.0,0.17647058823529413,0.08092485549132948,0.0,0.0,0.16684690791661336,0.0,0.0,0.704781112960737,0.00981636446477113,0.9367673899458948,0.0,0.8824684890061498,0.0,0.0,muskmelon
0.0,0.0,0.5048543689320388,0.5652173913043478,0.0,0.0,0.0,0.0,0.10404624277456648,0.0,0.5106441458720883,0.08021011418124435,0.0,0.0,0.5573763695896735,0.016820876446342423,0.891647470413615,0.0,0.9347651077717737,0.0,0.0,muskmelon
0.0,0.0,0.5728155339805825,0.8260869565217391,0.0,0.0,0.0,0.0,0.1329479768786127,0.0,0.0,0.2173414173195042,0.0,0.0,0.7228276015724492,0.0,0.4478661763648922,0.07842988506479352,0.9876207539503187,0.0,0.0,muskmelon
0.0,0.047619047619047616,0.4368932038834951,0.5434782608695652,0.0,0.0,0.0,0.11764705882352941,0.08670520231213873,0.0,0.019402880324874795,0.1607292653627517,0.0,0.0,0.6661078796617098,0.0,0.7186760365887545,0.03996169981228659,0.9465711277515755,0.0,0.0,muskmelon
0.0,0.0,0.6699029126213593,0.6521739130434783,0.0,0.0,0.0,0.0,0.11560693641618497,0.0,0.0,0.18239360436355104,0.0,0.0,0.733865529012724,0.04743699111261357,0.6944322134809935,0.0,0.9621601836590021,0.0,0.0,muskmelon
0.0,0.0,0.5145631067961165,0.782608695652174,0.0,0.0,0.0,0.0,0.11560693641618497,0.0,0.5104284359597058,0.0802454711031168,0.0,0.0,0.5591869507692457,0.0,0.953837885535699,0.006557267779660002,0.953839066253498,0.0,0.0,muskmelon
0.0,0.0,0.6699029126213593,0.7608695652173914,0.0,0.0,0.0,0.0,0.12716763005780346,0.0,0.0,0.1859557929441808,0.0,0.0,0.5752386709202835,0.0,0.6774406490592062,0.045819132496363595,0.9392610016833824,0.0,0.0,muskmelon
0.35135135135135137,0.1875,0.0,0.0,0.0,0.8191489361702128,0.0,0.0,0.9479768786127167,0.16978490410896052,0.0,0.0,0.0,0.0,0.5239575243613837,0.3094135717252335,0.0,0.0,0.0,0.470604663650516,0.07641008749608505,apple
0.8108108108108109,0.0,0.0,0.0,0.0,0.9893617021276596,0.0,0.0,0.953757225433526,0.10429200949686776,0.3817268157450077,0.0,0.0,0.0,0.7112202608590626,0.09992993456372938,0.356296253294435,0.0,0.0,0.3474931555281574,0.09417934321388445,apple
0.6216216216216216,0.0,0.0,0.0,0.0,0.8191489361702128,0.0,0.0,0.0,0.17830322717545707,0.0,0.0,0.0,0.0,0.7235663262226514,0.06806019704003964,0.561586785506672,0.0,0.0,0.2798599216083356,0.10394116196561816,apple
0.7837837837837838,0.0,0.0,0.0,0.0,0.7340425531914894,0.0,0.0,0.976878612716763,0.2630426373068698,0.0,0.0,0.0,0.0,0.5464841143663882,0.03557625196011344,0.7708337668743133,0.0,0.0,0.06919023328525427,0.13434809646666726,apple
0.4594594594594595,0.0,0.0,0.0,0.0,0.8297872340425532,0.0,0.0,0.976878612716763,0.13046227462700305,0.22658191794445195,0.0,0.0,0.0,0.5754340285849086,0.2866627819924789,0.0,0.0,0.0,0.27856282803444227,0.10412837750505838,apple
0.13513513513513514,0.6875,0.0,0.0,0.0,0.9148936170212766,0.0,0.0,0.9942196531791907,0.1632757358103079,0.03205423332026427,0.0,0.0,0.0,0.6487071716711454,0.20576482772572932,0.0,0.0,0.0,0.2223762278965736,0.11223805044295498,apple
0.2702702702702703,0.375,0.0,0.0,0.0,0.9361702127659575,0.0,0.0,0.0,0.18569482817635163,0.0,0.0,0.0,0.0,0.663038883938195,0.22356158571647067,0.0,0.0,0.0,0.636742151746885,0.05243069226876683,apple
0.0,0.0,0.0,0.0,0.0,0.7659574468085106,0.0,0.0,0.0,0.21289782632627524,0.0,0.0,0.0,0.0,0.6401313019430126,0.21711938752490006,0.0,0.0,0.0,0.10655110918393522,0.12895562773803454,apple
0.40540540540540543,0.0625,0.0,0.0,0.0,0.9893617021276596,0.0,0.0,0.9479768786127167,0.21980420935511338,0.0,0.0,0.0,0.0,0.5748367406120912,0.0,0.8512195245040399,0.02113407129490609,0.0,0.24460573432754687,0.10902956254221509,apple
0.972972972972973,0.0,0.0,0.0,0.0,0.776595744680851,0.0,0.0,0.9653179190751445,0.1125678061504284,0.3326655005596155,0.0,0.0,0.0,0.6561564109312108,0.26249813445086406,0.0,0.0,0.0,0.3945542467256155,0.08738679736175188,apple
0.1891891891891892,0.5625,0.0,0.0,0.0,0.7553191489361702,0.0,0.0,0.953757225433526,0.2516450256895636,0.0,0.0,0.0,0.0,0.6277851786566383,0.2916843932557841,0.0,0.0,0.0,0.6165264594162152,0.05534851702791937,apple
0.21621621621621623,0.5,0.0,0.0,0.0,0.7446808510638298,0.0,0.0,0.9479768786127167,0.1639636227300627,0.027976240784345924,0.0,0.0,0.0,0.7098440636629757,0.11832650806147388,0.23779379115692256,0.0,0.0,0.022779801128008183,0.14104672967775628,apple
0.6486486486486487,0.0,0.0,0.0,0.0,0.7978723404255319,0.0,0.0,0.9942196531791907,0.14840898832123764,0.12018861057433806,0.0,0.0,0.0,0.6316742405616556,0.014335890142112001,0.9076546358493635,0.0,0.0,0.5470673305078907,0.06537387568310636,apple
0.7567567567567568,0.0,0.0,0.0,0.0,0.9361702127659575,0.0,0.0,0.9653179190751445,0.139890445854756,0.17068899311918834,0.0,0.0,0.0,0.721120083481271,0.19094805980143595,0.0,0.0,0.0,0.643256527894143,0.05149044210557726,apple
0.0,0.0,0.0,0.0,0.0,0.8723404255319149,0.0,0.0,0.9710982658959537,0.1148162875493598,0.3193358527662514,0.0,0.0,0.0,0.5136373079024176,0.2453954308000597,0.0,0.0,0.0,0.6815572918699925,0.0459623149657689,apple
0.1891891891891892,0.5625,0.0,0.0,0.0,0.9787234042553191,0.0,0.0,0.9653179190751445,0.1090965043000067,0.35324438152014515,0.0,0.0,0.0,0.5189962225089128,0.21459986358984956,0.0,0.0,0.0,0.7483925294312208,0.03631567473449995,apple
0.02702702702702703,0.9375,0.0,0.0,0.0,0.9468085106382979,0.0,0.0,0.9595375722543352,0.13443192685022293,0.20304867189544604,0.0,0.0,0.0,0.564039852435615,0.04902296863945185,0.6842160587254277,0.0,0.0,0.6748567109034395,0.046929440935293734,apple
0.0,1.0,0.0,0.0,0.0,0.9148936170212766,0.0,0.0,0.9653179190751445,0.17642792189964243,0.0,0.0,0.0,0.0,0.4977961463027237,0.24898178331941287,0.0,0.0,0.0,0.5417341155024635,0.06614364337318494,apple
0.10810810810810811,0.75,0.0,0.0,0.0,0.7446808510638298,0.0,0.0,0.9884393063583815,0.18730831116825358,0.0,0.0,0.0,0.0,0.7324776103977669,0.2804893876544349,0.0,0.0,0.0,0.3206385253322805,0.09805539670746366,apple
0.8108108108108109,0.0,0.0,0.0,0.0,0.9893617021276596,0.0,0.0,0.9421965317919075,0.15708612239763972,0.06874805111531508,0.0,0.0,0.0,0.6718794126117693,0.19469424080616105,0.0,0.0,0.0,0.6673566981984576,0.04801195260032113,apple
0.05405405405405406,0.875,0.0,0.0,0.0,0.8191489361702128,0.0,0.0,0.0,0.26983567818413867,0.0,0.0,0.0,0.0,0.671120772775231,0.13149072602837866,0.1529958128059891,0.0,0.0,0.557614668210218,0.06385152944892354,apple
0.21621621621621623,0.5,0.0,0.0,0.0,0.8191489361702128,0.0,0.0,0.9595375722543352,0.1882751753044559,0.0,0.0,0.0,0.0,0.6271400172454431,0.25339336742899027,0.0,0.0,0.0,0.09421039703010001,0.13073682003553536,apple
0.9459459459459459,0.0,0.0,0.0,0.0,0.9787234042553191,0.0,0.0,0.9479768786127167,0.17206086833701034,0.0,0.0,0.0,0.0,0.5115387633392398,0.25872616767699397,0.0,0.0,0.0,0.48919405021874224,0.0737269950004628,apple
0.08108108108108109,0.8125,0.0,0.0,0.0,0.9468085106382979,0.0,0.0,0.9595375722543352,0.23218978506752017,0.0,0.0,0.0,0.0,0.6646725330499719,0.23057204812844828,0.0,0.0,0.0,0.30916340844429213,0.09971165362027515,apple
0.21621621621621623,0.5,0.0,0.0,0.0,0.9893617021276596,0.0,0.0,0.9942196531791907,0.18872262189972053,0.0,0.0,0.0,0.0,0.6158028417302419,0.2138813908093405,0.0,0.0,0.0,0.17568059052783586,0.11897784864675945,apple
0.13513513513513514,0.6875,0.0,0.0,0.0,0.9574468085106383,0.0,0.0,0.9884393063583815,0.25870612923021435,0.0,0.0,0.0,0.0,0.6341272064468632,0.20672497934142198,0.0,0.0,0.0,0.517065337503397,0.06970420266773418,apple
0.6486486486486487,0.0,0.0,0.0,0.0,0.9893617021276596,0.0,0.0,0.953757225433526,0.15960887464485896,0.05379244643860667,0.0,0.0,0.0,0.7393094532518645,0.049591805405156196,0.6805518678206068,0.0,0.0,0.6317492170010646,0.053151345728657755,apple
0.32432432432432434,0.25,0.0,0.0,0.0,0.9787234042553191,0.0,0.0,0.9595375722543352,0.16613395182721752,0.015109902430596355,0.0,0.0,0.0,0.5661809451290565,0.1361955375685261,0.12268953041765147,0.0,0.0,0.5582431230808347,0.06376082163879757,apple
0.7567567567567568,0.0,0.0,0.0,0.0,0.9148936170212766,0.0,0.0,0.9710982658959537,0.26692705919400966,0.0,0.0,0.0,0.0,0.5235979458610944,0.26995849008239026,0.0,0.0,0.0,0.7301317189946023,0.03895134231108457,apple
0.8378378378378378,0.0,0.0,0.0,0.0,0.9893617021276596,0.0,0.0,0.9595375722543352,0.2673285367228196,0.0,0.0,0.0,0.0,0.5044993236847162,0.29643658154959435,0.0,0.0,0.0,0.6720722542944032,0.04733133448915959,apple
0.0,1.0,0.0,0.0,0.0,0.7978723404255319,0.0,0.0,0.9479768786127167,0.11916284032968348,0.2935682312486717,0.0,0.0,0.0,0.5383656854784421,0.2837372104389654,0.0,0.0,0.0,0.5814543000674266,0.06041064466772245,apple
0.9459459459459459,0.0,0.0,0.0,0.0,0.7340425531914894,0.0,0.0,0.9884393063583815,0.14738949263261875,0.12623247576379498,0.0,0.0,0.0,0.729872582335906,0.18202018736095624,0.0,0.0,0.0,0.5321900164684092,0.06752118751116723,apple
0.7027027027027027,0.0,0.0,0.0,0.0,0.9787234042553191,0.0,0.0,0.953757225433526,0.15585174111704042,0.0760658202198005,0.0,0.0,0.0,0.6585412175883967,0.18810672842646134,0.0,0.0,0.0,0.07048529623885896,0.13416117401608385,apple
0.7297297297297297,0.0,0.0,0.0,0.0,0.9574468085106383,0.0,0.0,0.976878612716763,0.2070050384380859,0.0,0.0,0.0,0.0,0.5384787692086994,0.013362990147896684,0.913921620554,0.0,0.0,0.6709645730355038,0.04749121126951416,apple
0.35135135135135137,0.1875,0.0,0.0,0.0,0.9680851063829787,0.0,0.0,0.9826589595375722,0.1824892721731642,0.0,0.0,0.0,0.0,0.564271072505821,0.24457320507264885,0.0,0.0,0.0,0.7625891094814143,0.03426661640455587,apple
0.3783783783783784,0.125,0.0,0.0,0.0,0.925531914893617,0.0,0.0,0.9421965317919075,0.185282223848838,0.0,0.0,0.0,0.0,0.575628531247711,0.21540974261076792,0.0,0.0,0.0,0.0,0.1449434162341124,apple
0.5135135135135135,0.0,0.0,0.0,0.0,0.7872340425531915,0.0,0.0,0.9942196531791907,0.1933588530115285,0.0,0.0,0.0,0.0,0.7178822833331852,0.1295663334812359,0.16539188509539968,0.0,0.0,0.2561534535439708,0.10736282659816311,apple
0.6486486486486487,0.0,0.0,0.0,0.0,0.7446808510638298,0.0,0.0,0.9479768786127167,0.20221067061360967,0.0,0.0,0.0,0.0,0.6680391668000168,0.0,0.9632215394766406,0.005224332051813293,0.0,0.1397328902955692,0.12416634716843368,apple
0.2972972972972973,0.3125,0.0,0.0,0.0,0.7553191489361702,0.0,0.0,0.9826589595375722,0.18801167651848255,0.0,0.0,0.0,0.0,0.7311849219678165,0.27662227665901346,0.0,0.0,0.0,0.5810628631425735,0.06046714257698525,apple
0.24324324324324326,0.4375,0.0,0.0,0.0,0.7659574468085106,0.0,0.0,0.9826589595375722,0.16885827184884003,0.0,0.0,0.0,0.0,0.5972320760477455,0.0,0.9654149305912504,0.004912763722439088,0.0,0.13032408431449338,0.12552436383175594,apple
0.2972972972972973,0.3125,0.0,0.0,0.0,0.7446808510638298,0.0,0.0,0.976878612716763,0.20315956183689782,0.0,0.0,0.0,0.0,0.48965798009752537,0.090063189879502,0.4198533900898556,0.0,0.0,0.4066289918394109,0.08564399332233558,apple
0.43243243243243246,0.0,0.0,0.0,0.0,0.9148936170212766,0.0,0.0,0.9479768786127167,0.11845053443005941,0.29779098655704855,0.0,0.0,0.0,0.5756290966356066,0.20965823402821637,0.0,0.0,0.0,0.023041778356324198,0.14100891728772721,apple
0.43243243243243246,0.0,0.0,0.0,0.0,0.8936170212765957,0.0,0.0,0.9595375722543352,0.10360822440292243,0.38578049147164506,0.0,0.0,0.0,0.7405574427196281,0.22601504504673348,0.0,0.0,0.0,0.6545391542236494,0.049861968249029935,apple
0.8648648648648649,0.0,0.0,0.0,0.0,0.9893617021276596,0.0,0.0,0.0,0.249026190557542,0.0,0.0,0.0,0.0,0.6229778776000611,0.08222555052452767,0.47033994189387474,0.0,0.0,0.730034932896892,0.03896531189805798,apple
0.9459459459459459,0.0,0.0,0.0,0.0,0.7659574468085106,0.0,0.0,0.0,0.19271430951275376,0.0,0.0,0.0,0.0,0.5286135398167038,0.23470011513461295,0.0,0.0,0.0,0.0,0.14784804806721552,apple
0.5945945945945946,0.0,0.0,0.0,0.0,0.8723404255319149,0.0,0.0,0.9653179190751445,0.09550048992657603,0.43384548548190255,0.0,0.0,0.0,0.5708660280833873,0.20555014275766365,0.0,0.0,0.0,0.2264368256155469,0.11165196551607848,apple
0.16216216216216217,0.625,0.0,0.0,0.0,0.8404255319148937,0.0,0.0,0.9595375722543352,0.22639901340286211,0.0,0.0,0.0,0.0,0.6285043049017554,0.29799123790373566,0.0,0.0,0.0,0.14315841407008537,0.12367192541335062,apple
0.32432432432432434,0.25,0.0,0.0,0.0,0.9787234042553191,0.0,0.0,0.9710982658959537,0.10697715290864146,0.36580850929576336,0.0,0.0,0.0,0.6320898570501,0.13724530005680693,0.11592743205535946,0.0,0.0,0.8043655504916893,0.028236828656741566,apple
0.5675675675675675,0.0,0.0,0.0,0.0,0.9787234042553191,0.0,0.0,0.9942196531791907,0.11231970113515256,0.3341363388200369,0.0,0.0,0.0,0.5669341832814184,0.27179186984280057,0.0,0.0,0.0,0.08065818687955859,0.13269287346530073,apple
0.4864864864864865,0.0,0.0,0.0,0.0,0.7553191489361702,0.0,0.0,0.9826589595375722,0.13438366004588054,0.20333481146604726,0.0,0.0,0.0,0.5078069633341895,0.20993447754629996,0.0,0.0,0.0,0.3868078656976911,0.08850486851100539,apple
0.7297297297297297,0.0,0.0,0.0,0.0,0.7872340425531915,0.0,0.0,0.9479768786127167,0.19591921148935512,0.0,0.0,0.0,0.0,0.4901716004009898,0.23781443590209453,0.0,0.0,0.0,0.38090941035778997,0.08935621996362957,apple
0.4594594594594595,0.0,0.0,0.0,0.0,0.9361702127659575,0.0,0.0,0.9826589595375722,0.1250030771518637,0.2589456188906169,0.0,0.0,0.0,0.6016636519868815,0.25855427225158156,0.0,0.0,0.0,0.5537645373114171,0.06440723672220133,apple
0.24324324324324326,0.4375,0.0,0.0,0.0,0.7659574468085106,0.0,0.0,0.9595375722543352,0.12735274785101278,0.24501609167063199,0.0,0.0,0.0,0.5630045718385268,0.2541847027624034,0.0,0.0,0.0,0.42487135322335046,0.08301098858320462,apple
0.24324324324324326,0.4375,0.0,0.0,0.0,0.9042553191489362,0.0,0.0,0.9710982658959537,0.15123392827626866,0.10344154979995879,0.0,0.0,0.0,0.611126130412461,0.061359037500619724,0.6047526448823268,0.0,0.0,0.32406923280080074,0.09756022676575105,apple
0.9459459459459459,0.0,0.0,0.0,0.0,0.851063829787234,0.0,0.0,0.9653179190751445,0.18628060825084206,0.0,0.0,0.0,0.0,0.5512635402106685,0.139600766821149,0.10075457331121146,0.0,0.0,0.001684969260148774,0.1440914447291829,apple
0.9459459459459459,0.0,0.0,0.0,0.0,0.9468085106382979,0.0,0.0,0.953757225433526,0.1729499003284796,0.0,0.0,0.0,0.0,0.633003189167819,0.3049275512480469,0.0,0.0,0.0,0.6536313104911133,0.049993001551125474,apple
0.2702702702702703,0.375,0.0,0.0,0.0,0.925531914893617,0.0,0.0,0.976878612716763,0.11517739249992376,0.3171951182199281,0.0,0.0,0.0,0.6883464416966392,0.16185965419285822,0.0,0.0,0.0,0.6417383484103892,0.05170956800114769,apple
0.1891891891891892,0.5625,0.0,0.0,0.0,0.8085106382978723,0.0,0.0,0.9942196531791907,0.18471275628248265,0.0,0.0,0.0,0.0,0.6143730254630267,0.10225298985380277,0.34133217470724475,0.0,0.0,0.7936465964632341,0.02978394507228945,apple
0.13513513513513514,0.6875,0.0,0.0,0.0,0.0,0.0,0.0,0.9884393063583815,0.1054167170174976,0.37505922439750156,0.0,0.0,0.0,0.5316120419726885,0.006241412171526104,0.9597956266349512,0.0,0.0,0.4990097557709609,0.07231024863232761,apple
0.21621621621621623,0.5,0.0,0.0,0.0,0.9361702127659575,0.0,0.0,0.0,0.11669155824582905,0.3082187059163679,0.0,0.0,0.0,0.6802835879271572,0.09215028117199646,0.40640928557242034,0.0,0.0,0.2576979664653794,0.10713989987523906,apple
0.2972972972972973,0.3125,0.0,0.0,0.0,0.7978723404255319,0.0,0.0,0.9421965317919075,0.2495111473959204,0.0,0.0,0.0,0.0,0.6416665545950472,0.18713063971106608,0.0,0.0,0.0,0.19964709363595215,0.11551865194870349,apple
0.0,0.9365079365079365,0.02912621359223301,0.0,0.0,0.9042553191489362,0.0,0.0,0.9826589595375722,0.16371647639733078,0.029441395697481353,0.0,0.0,0.0,0.7229231316232018,0.16769172455587047,0.0,0.0,0.0,0.22912013216400737,0.11126467142021337,apple
0.8378378378378378,0.0,0.0,0.0,0.0,0.776595744680851,0.0,0.0,0.9710982658959537,0.1560012741308344,0.07517934528240443,0.0,0.0,0.0,0.6854318240360099,0.1553656081208587,0.0,0.0,0.0,0.4993993423483468,0.07225401779230807,apple
0.05405405405405406,0.875,0.0,0.0,0.0,0.925531914893617,0.0,0.0,0.9710982658959537,0.26230210273741683,0.0,0.0,0.0,0.0,0.5297653067232451,0.2581039338712153,0.0,0.0,0.0,0.7001257531852539,0.04328224270908743,apple
0.5405405405405406,0.0,0.0,0.0,0.0,0.9042553191489362,0.0,0.0,0.9479768786127167,0.10294926250947115,0.38968700808909557,0.0,0.0,0.0,0.5139362996818335,0.18590233588879734,0.0,0.0,0.0,0.7215232121023304,0.04019384809019652,apple
0.10810810810810811,0.75,0.0,0.0,0.0,0.8829787234042553,0.0,0.0,0.0,0.27199431707773686,0.0,0.0,0.0,0.0,0.7107612617421722,0.11626440056379071,0.251076961291711,0.0,0.0,0.3240228618688002,0.09756691969772108,apple
0.5675675675675675,0.0,0.0,0.0,0.0,0.9787234042553191,0.0,0.0,0.953757225433526,0.17776031595023958,0.0,0.0,0.0,0.0,0.6687589532623684,0.17841320300743146,0.0,0.0,0.0,0.24972313895421744,0.10829094376636203,apple
0.2702702702702703,0.375,0.0,0.0,0.0,0.7340425531914894,0.0,0.0,0.9710982658959537,0.24717712325440822,0.0,0.0,0.0,0.0,0.5265423922184007,0.10780645940098603,0.3055592186821676,0.0,0.0,0.2572748151291739,0.10720097527277939,apple
0.21621621621621623,0.5,0.0,0.0,0.0,0.0,0.0,0.0,0.0,0.16612498325662867,0.015163070709958548,0.0,0.0,0.0,0.597515837210164,0.07284976719986314,0.5307345261666906,0.0,0.0,0.5077963177903788,0.0710420433297968,apple
0.918918918918919,0.0,0.0,0.0,0.0,0.9574468085106383,0.0,0.0,0.953757225433526,0.2156603267148792,0.0,0.0,0.0,0.0,0.5461169013354366,0.09664847919456454,0.377433914646864,0.0,0.0,0.2989329189359548,0.10118826768312322,apple
0.5945945945945946,0.0,0.0,0.0,0.0,0.7659574468085106,0.0,0.0,0.9942196531791907,0.18312744055226157,0.0,0.0,0.0,0.0,0.6189361589128062,0.020228306847993045,0.8696983344939657,0.0,0.0,0.3021951087300786,0.1007174206799806,apple
0.8648648648648649,0.0,0.0,0.0,0.0,0.9042553191489362,0.0,0.0,0.9421965317919075,0.19331085091803765,0.0,0.0,0.0,0.0,0.5869402520054157,0.05507751051809203,0.6452154198389792,0.0,0.0,0.561150743443098,0.0633411512884353,apple
0.7297297297297297,0.0,0.0,0.0,0.0,0.9042553191489362,0.0,0.0,0.9942196531791907,0.26233628442042994,0.0,0.0,0.0,0.0,0.5988501331658549,0.05096977503376196,0.6716756065015891,0.0,0.0,0.6262634571736347,0.05394313092133975,apple
0.8108108108108109,0.0,0.0,0.0,0.0,0.9574468085106383,0.0,0.0,0.9421965317919075,0.10239346034273479,0.39298196402197777,0.0,0.0,0.0,0.6652165289847315,0.31188382183667457,0.0,0.0,0.0,0.6583645639360804,0.049309829099390225,apple
0.9459459459459459,0.0,0.0,0.0,0.0,0.8297872340425532,0.0,0.0,0.976878612716763,0.16790964593259908,0.00458307440135924,0.0,0.0,0.0,0.7122395588681253,0.25432432197394933,0.0,0.0,0.0,0.07219460233011349,0.1339144619296288,apple
0.21621621621621623,0.5,0.0,0.0,0.0,0.925531914893617,0.0,0.0,0.953757225433526,0.203191772497218,0.0,0.0,0.0,0.0,0.6132893229551689,0.20345664868288618,0.0,0.0,0.0,0.08861367417804882,0.13154462103689185,apple
0.1891891891891892,0.5625,0.0,0.0,0.0,0.9148936170212766,0.0,0.0,0.9710982658959537,0.16004231898998403,0.05122286304721708,0.0,0.0,0.0,0.5244631405560595,0.28135262810256195,0.0,0.0,0.0,0.192621283489826,0.11653271975613498,apple
0.21621621621621623,0.5,0.0,0.0,0.0,0.8617021276595744,0.0,0.0,0.9942196531791907,0.14959655870717878,0.11314834998692633,0.0,0.0,0.0,0.49987503812616785,0.11241754678259071,0.27585666521924346,0.0,0.0,0.5459493634939581,0.06553523705425364,apple
0.6216216216216216,0.0,0.0,0.0,0.0,0.9361702127659575,0.0,0.0,0.953757225433526,0.23095712619604342,0.0,0.0,0.0,0.0,0.6339013424402324,0.12619136146695542,0.18713193866496633,0.0,0.0,0.08746060838561427,0.13171104837774492,apple
0.5135135135135135,0.0,0.0,0.0,0.0,0.7872340425531915,0.0,0.0,0.9884393063583815,0.18813644416275693,0.0,0.0,0.0,0.0,0.5699599204235144,0.09066822335615006,0.4159560362338669,0.0,0.0,0.7384698336592356,0.03774786349793459,apple
0.10810810810810811,0.75,0.0,0.0,0.0,0.9787234042553191,0.0,0.0,0.9942196531791907,0.26632567727655315,0.0,0.0,0.0,0.0,0.5886878700921426,0.20909220554240876,0.0,0.0,0.0,0.05878639615141366,0.13584973059735966,apple
0.0,0.9365079365079365,0.02912621359223301,0.0,0.0,0.9893617021276596,0.0,0.0,0.9479768786127167,0.1717750539492864,0.0,0.0,0.0,0.0,0.6039169477792076,0.14991051877193934,0.03434378271776389,0.0,0.0,0.5863465813532766,0.059704518989160606,apple
0.7567567567567568,0.0,0.0,0.0,0.0,0.9787234042553191,0.0,0.0,0.953757225433526,0.11019855221401763,0.3467111228718154,0.0,0.0,0.0,0.636046464099097,0.29278726445690195,0.0,0.0,0.0,0.22473643792697043,0.11189739036805645,apple
0.0,0.9788359788359788,0.009708737864077669,0.0,0.0,0.8936170212765957,0.0,0.0,0.9884393063583815,0.1095494430492474,0.3505592296651133,0.0,0.0,0.0,0.6760305310376159,0.15734515883275635,0.0,0.0,0.0,0.7973348525710976,0.029251601939361327,apple
0.24324324324324326,0.4375,0.0,0.0,0.0,0.8404255319148937,0.0,0.0,0.9479768786127167,0.2065332932944656,0.0,0.0,0.0,0.0,0.7280746390879498,0.12419603391324939,0.19998494240036171,0.0,0.0,0.3859602194825431,0.08862721322584895,apple
0.05405405405405406,0.875,0.0,0.0,0.0,0.9680851063829787,0.0,0.0,0.9884393063583815,0.26398357885786994,0.0,0.0,0.0,0.0,0.5005018687698716,0.1813949066005963,0.0,0.0,0.0,0.021020249939745397,0.14130069387240918,apple
0.6756756756756757,0.0,0.0,0.0,0.0,0.8297872340425532,0.0,0.0,0.0,0.19294740470730612,0.0,0.0,0.0,0.0,0.5476763523843766,0.10465150572379775,0.3258820129635292,0.0,0.0,0.1899407286529474,0.11691961668468809,apple
0.972972972972973,0.0,0.0,0.0,0.0,0.8936170212765957,0.0,0.0,0.9884393063583815,0.1681347980130151,0.003248307774730836,0.0,0.0,0.0,0.6268011504979364,0.274233441324645,0.0,0.0,0.0,0.35685807698164035,0.09282766060823677,apple
0.0,0.0,0.0,0.0,0.0,0.0,0.0,0.0,0.0,0.26075561722739427,0.0,0.0,0.0,0.0,0.49340125701552945,0.309647745491463,0.0,0.0,0.0,0.3500511010357734,0.09381014305924211,apple
0.16216216216216217,0.625,0.0,0.0,0.0,0.7446808510638298,0.0,0.0,0.976878612716763,0.14551836132228244,0.1373250831359408,0.0,0.0,0.0,0.5059695316117714,0.2374796030566465,0.0,0.0,0.0,0.4610449148946,0.07778989043110357,apple
0.05405405405405406,0.875,0.0,0.0,0.0,0.851063829787234,0.0,0.0,0.9884393063583815,0.18904961194117995,0.0,0.0,0.0,0.0,0.6891313953932252,0.18202090646689228,0.0,0.0,0.0,0.7328067772110658,0.03856523873528321,apple
0.21621621621621623,0.5,0.0,0.0,0.0,0.9468085106382979,0.0,0.0,0.9421965317919075,0.11672695736028141,0.3080088497316242,0.0,0.0,0.0,0.5371663567888637,0.2960402346702096,0.0,0.0,0.0,0.25593216695304394,0.10739476591952363,apple
0.10810810810810811,0.75,0.0,0.0,0.0,0.925531914893617,0.0,0.0,0.9595375722543352,0.19701035200464767,0.0,0.0,0.0,0.0,0.5237242001050374,0.06939525419312101,0.5529869470773124,0.0,0.0,0.051892498092491704,0.13684475892062312,apple
0.6216216216216216,0.0,0.0,0.0,0.0,0.9468085106382979,0.0,0.0,0.953757225433526,0.13393191130308102,0.20601290861885196,0.0,0.0,0.0,0.5344992278122543,0.12114885195785131,0.21961351966448878,0.0,0.0,0.3819528600697145,0.08920561402075197,apple
0.05405405405405406,0.875,0.0,0.0,0.0,0.0,0.0,0.0,0.9421965317919075,0.2122204628552648,0.0,0.0,0.0,0.0,0.7231435637027873,0.06612188020495292,0.5740725518037777,0.0,0.0,0.4519441849639189,0.07910344104731548,apple
0.0,0.9365079365079365,0.02912621359223301,0.0,0.0,0.7340425531914894,0.0,0.0,0.953757225433526,0.1068832711780379,0.3663650673370137,0.0,0.0,0.0,0.6159113792907367,0.18339413170847643,0.0,0.0,0.0,0.1576180733937759,0.12158489563007842,apple
0.32432432432432434,0.25,0.0,0.0,0.0,0.8617021276595744,0.0,0.0,0.9595375722543352,0.19550758671123164,0.0,0.0,0.0,0.0,0.5319976226776846,0.23706106354077705,0.0,0.0,0.0,0.821437386830355,0.025772771233509663,apple
0.16216216216216217,0.625,0.0,0.0,0.0,0.9148936170212766,0.0,0.0,0.9479768786127167,0.20592907408209252,0.0,0.0,0.0,0.0,0.6844386307498579,0.008466293749468414,0.9454639389985072,0.0,0.0,0.12368856483017489,0.12648209917539344,apple
0.02702702702702703,0.9375,0.0,0.0,0.0,0.9893617021276596,0.0,0.0,0.9479768786127167,0.11608033969697307,0.3118421861839358,0.0,0.0,0.0,0.719274992111231,0.0,0.8558170800150234,0.020480994568087513,0.0,0.3029393293654319,0.10061000385939456,apple
0.7297297297297297,0.0,0.0,0.0,0.0,0.9468085106382979,0.0,0.0,0.953757225433526,0.20445326994663462,0.0,0.0,0.0,0.0,0.502273089110146,0.0669612388025086,0.5686657807853144,0.0,0.0,0.0,0.1453204605658997,apple
0.40540540540540543,0.0625,0.0,0.45652173913043476,0.08695652173913043,0.0,0.7407407407407407,0.0,0.0,0.5853002246637068,0.0,0.0,0.0,0.0,0.6170381963419367,0.024325821782381685,0.8433039840226775,0.0,0.0,0.17797709282285706,0.11864638380517707,orange
0.0,1.0,0.0,0.9782608695652174,0.0,0.0,0.7037037037037037,0.0,0.0,0.0,0.8541054137982911,0.023913520843679637,0.0,0.0,0.5656466207616752,0.0,0.0,0.30959992125002256,0.0,0.7817287431274391,0.0315041041927552,orange
0.2702702702702703,0.375,0.0,0.8260869565217391,0.0,0.0,0.9629629629629629,0.0,0.0,0.7296353499421462,0.0,0.0,0.0,0.0,0.5578495485119688,0.0,0.0,0.2592881267127521,0.0,0.44356703953241833,0.08031255335231287,orange
0.8108108108108109,0.0,0.0,0.7608695652173914,0.0,0.0,0.8518518518518519,0.0,0.0,0.4005907868059996,0.0,0.0,0.0,0.0,0.593062648895822,0.0,0.0,0.3956847137244766,0.0,0.32658485501149875,0.09719713532910938,orange
0.4594594594594595,0.0,0.0,0.9565217391304348,0.0,0.0,0.8518518518518519,0.0,0.0,0.0,0.0,0.2145691462086969,0.0,0.0,0.5692263560271179,0.0,0.0,0.20059331966600807,0.0,0.4454016998617682,0.0800477483065074,orange
0.2972972972972973,0.3125,0.0,0.5217391304347826,0.0,0.0,0.8148148148148148,0.0,0.0,0.0,0.1662601185012503,0.1366579566349516,0.0,0.0,0.6377517652341105,0.118154849256158,0.2388995400660881,0.0,0.0,0.34468048792300776,0.09458530859183596,orange
0.8648648648648649,0.0,0.0,0.6086956521739131,0.0,0.0,0.6296296296296297,0.0,0.0,0.0,0.9762677313847932,0.0038899462616996273,0.0,0.0,0.5932504197007497,0.0,0.0,0.2803080852405827,0.0,0.3988140935332474,0.08677195388856307,orange
0.0,0.0,0.0,0.717391304347826,0.0,0.0,0.6666666666666666,0.0,0.0,0.0,0.0,0.23083738131890644,0.0,0.0,0.5912252438281371,0.0,0.0,0.22305864693843594,0.0,0.3350805519330579,0.09597091193697883,orange
0.0,0.9576719576719577,0.019417475728155338,0.5869565217391305,0.0,0.0,0.6666666666666666,0.0,0.0,0.0,0.0,0.27416537059240614,0.0,0.0,0.5346474035237891,0.0,0.0,0.2177220738901769,0.0,0.6189245369435653,0.05500239136132254,orange
0.6486486486486487,0.0,0.0,0.6086956521739131,0.0,0.0,0.9629629629629629,0.0,0.0,0.09761018116044268,0.42133862591279286,0.0,0.0,0.0,0.5018745111472297,0.0,0.0,0.2678862287441712,0.0,0.7337320733936935,0.038431686440013844,orange
0.43243243243243246,0.0,0.0,0.7391304347826086,0.0,0.0,0.6296296296296297,0.0,0.0,0.09633309736914614,0.4289095478464533,0.0,0.0,0.0,0.5676519506477397,0.0,0.0,0.2937129486636337,0.0,0.19650887712207227,0.11597160531255579,orange
0.10810810810810811,0.75,0.0,0.8478260869565217,0.0,0.0,0.8888888888888888,0.0,0.0,0.020161327009044796,0.8804778246308249,0.0,0.0,0.0,0.5043071235807783,0.0,0.20329130709556958,0.11317142428121144,0.0,0.23462603832975196,0.11046997841295944,orange
0.8378378378378378,0.0,0.0,0.9130434782608695,0.0,0.0,0.7407407407407407,0.0,0.0,0.0,0.0,0.303427384023395,0.0,0.0,0.4957001600813302,0.0,0.0,0.17199239806996727,0.0,0.4958537330640917,0.07276577204670902,orange
0.4864864864864865,0.0,0.0,0.9565217391304348,0.0,0.0,0.8148148148148148,0.0,0.0,0.6450039334914689,0.0,0.0,0.0,0.0,0.5509059433872653,0.10499459322053036,0.32367199743556185,0.0,0.0,0.8187560190650863,0.026159785495792683,orange
0.35135135135135137,0.1875,0.0,0.717391304347826,0.0,0.0,0.9629629629629629,0.0,0.0,0.0,0.6735056865962021,0.05351554689034198,0.0,0.0,0.7165638787243178,0.047848799112057326,0.6917795313460301,0.0,0.0,0.2682954608289904,0.1056103142971972,orange
0.7567567567567568,0.0,0.0,0.8695652173913043,0.0,0.0,0.8888888888888888,0.0,0.0,0.04409815394792624,0.7385733941393654,0.0,0.0,0.0,0.7133656992991773,0.0,0.7308620399535282,0.03823069402639578,0.0,0.4247341451967985,0.08303079245489396,orange
0.16216216216216217,0.625,0.0,0.9347826086956522,0.0,0.0,0.9259259259259259,0.0,0.0,0.0,0.0,0.49322658125243324,0.0,0.0,0.674825113791894,0.0,0.0,0.21031086930708873,0.0,0.7040509251976618,0.04271570440337923,orange
0.40540540540540543,0.0625,0.0,0.7391304347826086,0.0,0.0,0.0,0.0,0.0,0.08804655369348663,0.47803457448592884,0.0,0.0,0.0,0.5254247905285706,0.0,0.0,0.14829369731296857,0.0,0.7289782552414075,0.03911782709146238,orange
0.6486486486486487,0.0,0.0,0.0,0.0,0.0,0.8888888888888888,0.0,0.0,0.10405338876138488,0.38314142845280774,0.0,0.0,0.0,0.4937317628908975,0.0,0.0,0.29904605081667507,0.0,0.6919851154934149,0.044457218753637846,orange
0.5675675675675675,0.0,0.0,0.9347826086956522,0.0,0.0,0.8518518518518519,0.0,0.0,0.05936425949040664,0.6480715068859069,0.0,0.0,0.0,0.5541591212659718,0.0,0.0,0.3350795841259558,0.0,0.4412499215094681,0.08064699375765014,orange
0.8918918918918919,0.0,0.0,0.8260869565217391,0.0,0.0,0.9629629629629629,0.0,0.0,0.5942032972025368,0.0,0.0,0.0,0.0,0.7066844392840472,0.0,0.0,0.32367043872987283,0.0,0.7754091058468896,0.03241624679091276,orange
0.0,0.0,0.0,0.5652173913043478,0.0,0.0,0.6666666666666666,0.0,0.0,0.3734286185163564,0.0,0.0,0.0,0.0,0.5898202246641387,0.02170117722942602,0.8602107651577182,0.0,0.0,0.26588832544262797,0.1059577473266515,orange
0.7837837837837838,0.0,0.0,0.9565217391304348,0.0,0.0,0.8148148148148148,0.0,0.0,0.0,0.10111680833758793,0.14733556946474677,0.0,0.0,0.5899936941795894,0.0,0.0,0.1436365282858757,0.0,0.6481073940499382,0.05079029406507503,orange
0.8918918918918919,0.0,0.0,0.6086956521739131,0.0,0.0,0.0,0.0,0.0,0.17425297944084325,0.0,0.0,0.0,0.0,0.6607473309150402,0.0,0.0,0.2999647605703658,0.0,0.47395569733401605,0.07592641724178283,orange
0.10810810810810811,0.75,0.0,0.8043478260869565,0.0,0.0,0.8888888888888888,0.0,0.0,0.2722641981377346,0.0,0.0,0.0,0.0,0.6402800702097667,0.0,0.0,0.3587916995240283,0.0,0.46208051763666264,0.07764041707782877,orange
0.1891891891891892,0.5625,0.0,0.9565217391304348,0.0,0.0,0.6296296296296297,0.0,0.0,0.0,0.0,0.42241103919729467,0.0,0.0,0.5427002879105097,0.0,0.0,0.3989938768485351,0.0,0.28916841086546974,0.10259762448095011,orange
0.43243243243243246,0.0,0.0,0.4782608695652174,0.043478260869565216,0.0,0.7407407407407407,0.0,0.0,0.19647646121903709,0.0,0.0,0.0,0.0,0.5990510155365006,0.0,0.972675909798067,0.0038813511549220564,0.0,0.23465050101169568,0.1104664476004657,orange
0.7027027027027027,0.0,0.0,0.8043478260869565,0.0,0.0,0.0,0.0,0.0,0.8403653676180254,0.0,0.0,0.0,0.0,0.7391651060826635,0.0,0.0,0.14851928840830447,0.0,0.29588995450010286,0.10162747287218712,orange
0.7567567567567568,0.0,0.0,0.9347826086956522,0.0,0.0,0.6296296296296297,0.0,0.0,0.6710472745378018,0.0,0.0,0.0,0.0,0.7116916944089325,0.0,0.0,0.4471224429668783,0.0,0.4777296306520441,0.07538170791921231,orange
0.8648648648648649,0.0,0.0,0.717391304347826,0.0,0.0,0.6666666666666666,0.0,0.0,0.0,0.0,0.41528395303884524,0.0,0.0,0.6669490343503952,0.0,0.0,0.28748161483925644,0.0,0.17335430920327874,0.11931361163397355,orange
0.21621621621621623,0.5,0.0,0.5652173913043478,0.0,0.0,0.6666666666666666,0.0,0.0,0.0,0.0,0.27068647164337556,0.0,0.0,0.5118293532392357,0.0,0.0,0.3865885298249098,0.0,0.37201838874087517,0.090639502404995,orange
0.10810810810810811,0.75,0.0,0.8478260869565217,0.0,0.0,0.6296296296296297,0.0,0.0,0.0,0.0,0.2576278516465401,0.0,0.0,0.5925338102775443,0.12763336097298045,0.1778432256399026,0.0,0.0,0.25681038131650025,0.10726800916187113,orange
0.7837837837837838,0.0,0.0,0.7608695652173914,0.0,0.0,0.9629629629629629,0.0,0.0,0.7971452094845978,0.0,0.0,0.0,0.0,0.5018998387821535,0.0,0.0,0.19418697300860593,0.0,0.5391632651818195,0.06651470613942373,orange
0.5945945945945946,0.0,0.0,0.8043478260869565,0.0,0.0,0.8888888888888888,0.0,0.0,0.9293425701414696,0.0,0.0,0.0,0.0,0.49981963933901485,0.06989107362692963,0.5497931010228202,0.0,0.0,0.16576260906024087,0.1204093569727474,orange
0.5675675675675675,0.0,0.0,0.9565217391304348,0.0,0.0,0.8888888888888888,0.0,0.0,0.1673357539986085,0.007985271704473511,0.0,0.0,0.0,0.5195557632789664,0.0015710612151338549,0.9898799294235451,0.0,0.0,0.2639160251122262,0.10624241859303203,orange
0.0,0.0,0.0,0.8478260869565217,0.0,0.0,0.9259259259259259,0.0,0.0,0.32280239746507805,0.0,0.0,0.0,0.0,0.5218914242468605,0.0,0.0,0.1550419822767764,0.0,0.25355239562066373,0.1077382493679834,orange
0.8648648648648649,0.0,0.0,0.5652173913043478,0.0,0.0,0.9629629629629629,0.0,0.0,0.0,0.0,0.28337458247622305,0.0,0.0,0.6940571557220938,0.14167862445099141,0.08736994790052127,0.0,0.0,0.5937338453122774,0.05863828087426476,orange
0.8378378378378378,0.0,0.0,0.9347826086956522,0.0,0.0,0.7777777777777778,0.0,0.0,0.07409427190068632,0.5607477347105065,0.0,0.0,0.0,0.6111812893070154,0.0,0.6472032641990522,0.050114313334277794,0.0,0.15553973522833237,0.12188487182964804,orange
0.7297297297297297,0.0,0.0,0.0,0.0,0.0,0.0,0.0,0.0,0.2614689467948838,0.0,0.0,0.0,0.0,0.5577167915383375,0.0,0.0,0.3968043268590599,0.0,0.38381348308695135,0.08893706165962871,orange
0.972972972972973,0.0,0.0,0.7391304347826086,0.0,0.0,0.9629629629629629,0.0,0.0,0.8830727569839784,0.0,0.0,0.0,0.0,0.5592867045700102,0.0,0.2082151479339633,0.11247199915182872,0.0,0.22919012903994337,0.11125456844603228,orange
0.972972972972973,0.0,0.0,0.45652173913043476,0.08695652173913043,0.0,0.8148148148148148,0.0,0.0,0.8167543919869849,0.0,0.0,0.0,0.0,0.557365451913524,0.0,0.0,0.24682311977805543,0.0,0.7037565634873113,0.04275819099609929,orange
0.0,0.0,0.0,0.6086956521739131,0.0,0.0,0.6296296296296297,0.0,0.0,0.18076957872160165,0.0,0.0,0.0,0.0,0.6613317820709258,0.0,0.0,0.33437851685259923,0.0,0.4901016864674634,0.07359599164546986,orange
0.35135135135135137,0.1875,0.0,0.5217391304347826,0.0,0.0,0.8518518518518519,0.0,0.0,0.40123136023819517,0.0,0.0,0.0,0.0,0.6547702156472652,0.09174085683751493,0.40904661320851643,0.0,0.0,0.16577651387723052,0.12040735002593499,orange
0.02702702702702703,0.9375,0.0,0.8695652173913043,0.0,0.0,0.7037037037037037,0.0,0.0,0.49232973851157674,0.0,0.0,0.0,0.0,0.6446255611002967,0.0,0.0,0.21842512831728403,0.0,0.39279337240286005,0.08764095253055097,orange
0.0,0.9365079365079365,0.02912621359223301,0.6521739130434783,0.0,0.0,0.8888888888888888,0.0,0.0,0.0,0.0,0.5149119184389264,0.0,0.0,0.6358720221984802,0.0,0.0,0.2831064484275938,0.0,0.7509170734459707,0.03595129557244513,orange
0.0,0.9365079365079365,0.02912621359223301,0.6304347826086957,0.0,0.0,0.9629629629629629,0.0,0.0,0.06335130035484123,0.6244351759445342,0.0,0.0,0.0,0.5862414628090451,0.0,0.8732928186609583,0.017998588827393653,0.0,0.28192999103353933,0.10364237923172878,orange
0.13513513513513514,0.6875,0.0,0.717391304347826,0.0,0.0,0.7037037037037037,0.0,0.0,0.7011835723875974,0.0,0.0,0.0,0.0,0.5779288941727385,0.1304245977162848,0.1598633324532278,0.0,0.0,0.5537500168457298,0.06440933252844946,orange
0.7567567567567568,0.0,0.0,0.8913043478260869,0.0,0.0,0.8148148148148148,0.0,0.0,0.19338131110403045,0.0,0.0,0.0,0.0,0.6688786519797478,0.14199034557408297,0.08536198046076146,0.0,0.0,0.7738482663301895,0.03264153000715868,orange
0.6486486486486487,0.0,0.0,0.7608695652173914,0.0,0.0,0.8888888888888888,0.0,0.0,0.0,0.0,0.5056954934421094,0.0,0.0,0.6484288742164174,0.0,0.0,0.14951181828853002,0.0,0.8187352978945628,0.02616277627856695,orange
0.5945945945945946,0.0,0.0,0.9130434782608695,0.0,0.0,0.7777777777777778,0.0,0.0,0.8377046843236184,0.0,0.0,0.0,0.0,0.7009920227076675,0.0,0.0,0.42247628923871533,0.0,0.525124212966568,0.06854102774536494,orange
0.21621621621621623,0.5,0.0,0.8695652173913043,0.0,0.0,0.0,0.0,0.0,0.1469804076478017,0.12865764982472183,0.0,0.0,0.0,0.5881242644752959,0.0,0.0,0.3460761983977267,0.0,0.6750058475486754,0.046907915350671216,orange
0.972972972972973,0.0,0.0,0.782608695652174,0.0,0.0,0.8518518518518519,0.0,0.0,0.0,0.0,0.24257356315199788,0.0,0.0,0.7216897899564468,0.0,0.0,0.3157976734580526,0.0,0.30311262937169886,0.10058499066465575,orange
0.5135135135135135,0.0,0.0,0.0,0.0,0.0,0.7777777777777778,0.0,0.0,0.2813577963120413,0.0,0.0,0.0,0.0,0.5363966009034509,0.05939759730050864,0.6173873615091572,0.0,0.0,0.7419222997173555,0.03724955303793451,orange
0.6216216216216216,0.0,0.0,0.6304347826086957,0.0,0.0,0.8518518518518519,0.0,0.0,0.4977784405591653,0.0,0.0,0.0,0.0,0.5466568964972797,0.0,0.7630421748053768,0.03365954810169325,0.0,0.3999490742200237,0.08660813685499992,orange
0.10810810810810811,0.75,0.0,0.782608695652174,0.0,0.0,0.9259259259259259,0.0,0.0,0.582173461276383,0.0,0.0,0.0,0.0,0.5746039156193996,0.0,0.0,0.34933451574157104,0.0,0.4935518259857542,0.07309801698576815,orange
0.8918918918918919,0.0,0.0,0.9782608695652174,0.0,0.0,0.9259259259259259,0.0,0.0,0.15432822583155018,0.08509765929707422,0.0,0.0,0.0,0.5456273476929849,0.0,0.43071419395150856,0.08086630165752895,0.0,0.3943443581390268,0.08741709155621204,orange
0.5405405405405406,0.0,0.0,0.7608695652173914,0.0,0.0,0.6666666666666666,0.0,0.0,0.548646052270739,0.0,0.0,0.0,0.0,0.6001607176861102,0.0,0.5978851823072158,0.05711988214534392,0.0,0.7252867780323483,0.039650635140885404,orange
0.6756756756756757,0.0,0.0,0.6739130434782609,0.0,0.0,0.8148148148148148,0.0,0.0,0.06840541451010995,0.5944729260325687,0.0,0.0,0.0,0.6475117022793626,0.0,0.7927994167217316,0.029432570938839067,0.0,0.5032808373169771,0.0716937835971718,orange
0.08108108108108109,0.8125,0.0,0.4782608695652174,0.043478260869565216,0.0,0.8888888888888888,0.0,0.0,0.0,0.0,0.3474010207619797,0.0,0.0,0.5474131650877561,0.0,0.9486659206354934,0.007291938606402079,0.0,0.6436666757774735,0.05143124355678058,orange
0.0,0.9576719576719577,0.019417475728155338,0.5,0.0,0.0,0.8148148148148148,0.0,0.0,0.0,0.0,0.31811538976573894,0.0,0.0,0.5643283935093011,0.0,0.0,0.2156275215307326,0.0,0.5140335159688301,0.07014179955010612,orange
0.16216216216216217,0.625,0.0,0.5652173913043478,0.0,0.0,0.7407407407407407,0.0,0.0,0.44996488260287903,0.0,0.0,0.0,0.0,0.4903727734107447,0.0,0.0,0.16849839545952763,0.0,0.4247676317240158,0.08302595918890363,orange
0.6756756756756757,0.0,0.0,0.9782608695652174,0.0,0.0,0.8888888888888888,0.0,0.0,0.0,0.0,0.29040854319134374,0.0,0.0,0.635335609535281,0.012474136173617565,0.9196472185543941,0.0,0.0,0.5732417165123374,0.06159600499284442,orange
0.6756756756756757,0.0,0.0,0.4782608695652174,0.043478260869565216,0.0,0.7037037037037037,0.0,0.0,0.1873558953286205,0.0,0.0,0.0,0.0,0.5666525939671547,0.0,0.0,0.3265510982869151,0.0,0.21294568373414247,0.11359920467894803,orange
0.2972972972972973,0.3125,0.0,0.8695652173913043,0.0,0.0,0.7777777777777778,0.0,0.0,0.7092045818654649,0.0,0.0,0.0,0.0,0.5373362596959923,0.0,0.0,0.33740388792571346,0.0,0.6113296293048276,0.056098599652846914,orange
0.4864864864864865,0.0,0.0,0.5869565217391305,0.0,0.0,0.6296296296296297,0.0,0.0,0.30460516058616594,0.0,0.0,0.0,0.0,0.6792705035464472,0.0,0.0,0.20287250154304254,0.0,0.4227333991754768,0.08331956941995153,orange
0.0,0.9576719576719577,0.019417475728155338,0.6521739130434783,0.0,0.0,0.8518518518518519,0.0,0.0,0.7387012363482193,0.0,0.0,0.0,0.0,0.6947939940373398,0.02432040794197631,0.8433388575504969,0.0,0.0,0.6121756292549504,0.05597649255107997,orange
0.5675675675675675,0.0,0.0,0.4782608695652174,0.043478260869565216,0.0,0.7037037037037037,0.0,0.0,0.0,0.0,0.37178874722120697,0.0,0.0,0.6768713115348566,0.0781213835177979,0.49677714202685885,0.0,0.0,0.2259825449043199,0.11171753396088571,orange
0.02702702702702703,0.9375,0.0,0.4782608695652174,0.043478260869565216,0.0,0.7037037037037037,0.0,0.0,0.2931399004413722,0.0,0.0,0.0,0.0,0.5352454721727303,0.0,0.0,0.4001264345448107,0.0,0.49374736757673143,0.07306979355981445,orange
0.0,1.0,0.0,0.6086956521739131,0.0,0.0,0.7407407407407407,0.0,0.0,0.0,0.0,0.3279378357447488,0.0,0.0,0.5142862819656241,0.01019997460830083,0.9342963457313422,0.0,0.0,0.37927252292077374,0.08959247952939402,orange
0.0,0.9576719576719577,0.019417475728155338,0.9130434782608695,0.0,0.0,0.6296296296296297,0.0,0.0,0.014548170960084912,0.913754236513701,0.0,0.0,0.0,0.5812108894060373,0.0,0.0,0.4464320282621068,0.0,0.25550829452554624,0.10745594539551905,orange
0.16216216216216217,0.625,0.0,0.0,0.0,0.0,0.6666666666666666,0.0,0.0,0.47297623449732257,0.0,0.0,0.0,0.0,0.5754097271572085,0.0,0.682376168660002,0.04511804841410809,0.0,0.46196636072183767,0.07765689387550934,orange
0.5135135135135135,0.0,0.0,0.8478260869565217,0.0,0.0,0.8888888888888888,0.0,0.0,0.7755165514721304,0.0,0.0,0.0,0.0,0.5814597784887265,0.07498980455028036,0.516949366929196,0.0,0.0,0.16584541891210747,0.12039740464224466,orange
0.4594594594594595,0.0,0.0,0.6739130434782609,0.0,0.0,0.8148148148148148,0.0,0.0,0.8187181106872514,0.0,0.0,0.0,0.0,0.6771737433126126,0.0,0.0,0.1572493884452427,0.0,0.6193003717657926,0.054948145375990506,orange
0.8648648648648649,0.0,0.0,0.9347826086956522,0.0,0.0,0.0,0.0,0.0,0.8683597331676578,0.0,0.0,0.0,0.0,0.60249550724927,0.0,0.7241266892911521,0.039187441748973886,0.0,0.39101907625822496,0.08789704493323514,orange
0.4594594594594595,0.0,0.0,0.9347826086956522,0.0,0.0,0.7407407407407407,0.0,0.0,0.017865001508459842,0.8940911060910429,0.0,0.0,0.0,0.7427983568758486,0.0,0.0,0.23799439195867275,0.0,0.2140881066272712,0.11343431347717917,orange
0.32432432432432434,0.25,0.0,0.6521739130434783,0.0,0.0,0.7777777777777778,0.0,0.0,0.0,0.0,0.3672821088407416,0.0,0.0,0.49623538968445335,0.0,0.9298040635148695,0.009971240657378665,0.0,0.6653863910732299,0.04829633617814208,orange
0.6216216216216216,0.0,0.0,0.6956521739130435,0.0,0.0,0.6666666666666666,0.0,0.0,0.4718652907485876,0.0,0.0,0.0,0.0,0.7117330358999335,0.0,0.45021836695928724,0.07809575947771337,0.0,0.5511481425926589,0.06478487312293577,orange
0.0,1.0,0.0,0.717391304347826,0.0,0.0,0.7407407407407407,0.0,0.0,0.9138370378070392,0.0,0.0,0.0,0.0,0.4981529619374108,0.0,0.0,0.2780808830322101,0.0,0.5976890140421579,0.05806741300301393,orange
0.2972972972972973,0.3125,0.0,0.782608695652174,0.0,0.0,0.9629629629629629,0.0,0.0,0.499513438948279,0.0,0.0,0.0,0.0,0.7337652344284327,0.0,0.023283742324135572,0.1387412626274077,0.0,0.553133942976542,0.06449825333113976,orange
0.6486486486486487,0.0,0.0,0.6304347826086957,0.0,0.0,0.0,0.0,0.0,0.3536416069602423,0.0,0.0,0.0,0.0,0.514017100942199,0.0,0.0,0.38147507098098943,0.0,0.8195172397677861,0.026049914976535374,orange
0.13513513513513514,0.6875,0.0,0.5652173913043478,0.0,0.0,0.8518518518518519,0.0,0.0,0.9087569599290709,0.0,0.0,0.0,0.0,0.680893861880892,0.0,0.0,0.39059002272865145,0.0,0.7864593435006709,0.030821314671184822,orange
0.4864864864864865,0.0,0.0,0.9565217391304348,0.0,0.0,0.8518518518518519,0.0,0.0,0.0,0.44084922158177864,0.09165017114464533,0.0,0.0,0.5761804077568228,0.0,0.0,0.15522255173299074,0.0,0.7866722593101372,0.030790583543587827,orange
0.24324324324324326,0.4375,0.0,0.9565217391304348,0.0,0.0,0.8518518518518519,0.0,0.0,0.0,0.0,0.49749355387148375,0.0,0.0,0.5976376724069173,0.0,0.3868554110173912,0.08709638421606075,0.0,0.2960038631146238,0.10161103191284261,orange
0.35135135135135137,0.1875,0.0,0.45652173913043476,0.08695652173913043,0.0,0.7777777777777778,0.0,0.0,0.0,0.0,0.375981744910452,0.0,0.0,0.7199104568380871,0.0,0.6463068153934567,0.050241652710674684,0.0,0.37461977659746176,0.09026403201437219,orange
0.8108108108108109,0.0,0.0,0.7391304347826086,0.0,0.0,0.8148148148148148,0.0,0.0,0.9201909752504354,0.0,0.0,0.0,0.0,0.5510386444884762,0.0,0.9180340531341724,0.011643155185802069,0.0,0.6090145487049146,0.056432745987455075,orange
0.5135135135135135,0.0,0.0,0.6086956521739131,0.0,0.0,0.8888888888888888,0.0,0.0,0.24488774283650544,0.0,0.0,0.0,0.0,0.6646435229611559,0.003937057060106781,0.9746392470719761,0.0,0.0,0.7750207233559064,0.03247230383954981,orange
0.8108108108108109,0.0,0.0,0.6739130434782609,0.0,0.0,0.7407407407407407,0.0,0.0,0.5403970224153671,0.0,0.0,0.0,0.0,0.7327208809702785,0.0,0.8992572526226391,0.014310375057079803,0.0,0.48376784164763653,0.07451018488375351,orange
0.4594594594594595,0.0,0.0,0.6086956521739131,0.0,0.0,0.7777777777777778,0.0,0.0,0.0,0.0,0.34593380752622527,0.0,0.0,0.49460202659846636,0.005934236482814087,0.961774314428394,0.0,0.0,0.4871448414203973,0.07402276682319739,orange
0.5135135135135135,0.0,0.0,0.8043478260869565,0.0,0.0,0.7777777777777778,0.0,0.0,0.0,0.1733599932209026,0.1354942191275078,0.0,0.0,0.4886566704451518,0.0,0.7477546828423906,0.03583111627277918,0.0,0.24273422691344923,0.10929968589888624,orange
0.08108108108108109,0.8125,0.0,0.8695652173913043,0.0,0.0,0.8148148148148148,0.0,0.0,0.0,0.0,0.3403144273901999,0.0,0.0,0.7238998307554909,0.0,0.0,0.2669945704919731,0.0,0.3084562457788758,0.09981372169195675,orange
0.4594594594594595,0.0,0.0,0.4782608695652174,0.043478260869565216,0.0,0.8148148148148148,0.0,0.0,0.0,0.0,0.19225935999949686,0.0,0.0,0.6560521750345614,0.0,0.0,0.26793008259214973,0.0,0.798568493512668,0.029073544813028953,orange
0.0,1.0,0.0,0.5869565217391305,0.0,0.0,0.7037037037037037,0.0,0.0,0.3848367655063193,0.0,0.0,0.0,0.0,0.524751160837269,0.0,0.0,0.4072821979918174,0.0,0.552533773932267,0.0645848785165857,orange
0.6756756756756757,0.0,0.0,0.9347826086956522,0.0,0.0,0.8148148148148148,0.0,0.0,0.5634340876303531,0.0,0.0,0.0,0.0,0.5623972878282151,0.0,0.0,0.4475166276051591,0.0,0.5727485751029435,0.06166718238269368,orange
0.08108108108108109,0.8125,0.0,0.8913043478260869,0.0,0.0,0.6666666666666666,0.0,0.0,0.0,0.0,0.4676865380019131,0.0,0.0,0.5938352388969887,0.0,0.3971977904686098,0.08562726278764482,0.0,0.25392695832900797,0.10768418699275602,orange
0.8378378378378378,0.0,0.0,0.8260869565217391,0.0,0.0,0.8518518518518519,0.0,0.0,0.0,0.0,0.4932037995652201,0.0,0.0,0.5171207344913458,0.0,0.0,0.387938013486583,0.0,0.2020521950006521,0.11517151249904208,orange
0.2702702702702703,0.375,0.0,0.45652173913043476,0.08695652173913043,0.0,0.0,0.0,0.0,0.0,0.0,0.39380821489816964,0.0,0.0,0.5163296994148905,0.0,0.0,0.3509734720073969,0.0,0.37206031067565914,0.09063345161745515,orange
0.6486486486486487,0.0,0.0,0.9347826086956522,0.0,0.0,0.7407407407407407,0.0,0.0,0.025977845381199797,0.8459958221017821,0.0,0.0,0.0,0.6189134014092601,0.0,0.0,0.1939745669276887,0.0,0.3386335898181704,0.09545808547811649,orange
0.8378378378378378,0.0,0.0,0.9565217391304348,0.0,0.0,0.9259259259259259,0.0,0.0,0.0,0.2969937275400593,0.11522946524188024,0.0,0.0,0.7176286143392283,0.0,0.0,0.22052732445237316,0.0,0.349252852975503,0.09392535790897887,orange
0.0,0.9365079365079365,0.02912621359223301,0.7391304347826086,0.0,0.0,0.6296296296296297,0.0,0.0,0.25324954905381103,0.0,0.0,0.0,0.0,0.5369980951981838,0.0,0.0,0.4119655287883364,0.0,0.5844002164997694,0.059985446867712254,orange
0.16216216216216217,0.625,0.0,0.5434782608695652,0.0,0.0,0.8518518518518519,0.0,0.0,0.8286968053657937,0.0,0.0,0.0,0.0,0.6552575610475998,0.0,0.0,0.32510133102378674,0.0,0.7165643557228064,0.040909582861214246,orange
0.0,0.49206349206349204,0.23300970873786409,0.0,0.0,0.18085106382978725,0.0,0.0,0.10404624277456648,0.0,0.0,0.5319489644069936,0.0,0.0,0.5650857190624622,0.0,0.26152807254810057,0.10489896817461744,0.0,0.0,0.7276011009529535,papaya
0.0,0.5555555555555556,0.20388349514563106,0.10869565217391304,0.782608695652174,0.0,0.0,0.23529411764705882,0.07514450867052024,0.0,0.0,0.9291158202429287,0.0,0.0,0.5288470747479599,0.0,0.6967168866403002,0.04308096824478174,0.0857468750738718,0.7888388199307413,0.0,papaya
0.0,0.8306878306878307,0.07766990291262135,0.08695652173913043,0.8260869565217391,0.0,0.0,0.0,0.1329479768786127,0.0,0.0,0.709222301866666,0.0,0.0,0.5468863404395987,0.0,0.34534818289410407,0.0929924314997334,0.0,0.17014081347961033,0.11977743039578392,papaya
0.0,0.9576719576719577,0.019417475728155338,0.0,0.17647058823529413,0.14893617021276595,0.0,0.0,0.12138728323699421,0.0,0.0,0.538494434898553,0.0,0.0,0.5967554120191003,0.0,0.7278408666636519,0.03865984772744203,0.0,0.0,0.6909716308056406,papaya
0.16216216216216217,0.625,0.0,0.0,0.0,0.18085106382978725,0.0,0.23529411764705882,0.07514450867052024,0.0,0.0,0.9583864120728206,0.0,0.0,0.49223396116401674,0.0,0.0,0.1462283300456171,0.0,0.0,0.49767764301227413,papaya
0.0,0.30158730158730157,0.32038834951456313,0.0,0.0,0.18085106382978725,0.0,0.23529411764705882,0.07514450867052024,0.0,0.0,0.45563332881621743,0.0,0.0,0.6346674353502121,0.0,0.0,0.16141696580761655,0.0,0.0,0.5328462370355759,papaya
0.0,0.3439153439153439,0.30097087378640774,0.0,0.35294117647058826,0.11702127659574468,0.0,0.0,0.10404624277456648,0.0,0.0,0.42064360634053277,0.0,0.0,0.6300375979183185,0.0,0.0,0.1574495271636739,0.0,0.0,0.5039981213940979,papaya
0.08108108108108109,0.8125,0.0,0.0,0.17647058823529413,0.14893617021276595,0.0,0.11764705882352941,0.08670520231213873,0.12598945596283262,0.2530980801263195,0.0,0.0,0.0,0.6785316635632656,0.0,0.18025383814150678,0.11644386651334135,0.0,0.0,0.47575848473009535,papaya
0.0,0.9788359788359788,0.009708737864077669,0.0,0.0,0.18085106382978725,0.0,0.0,0.12716763005780346,0.0,0.0,0.20680719270120157,0.0,0.0,0.5302584300495644,0.0,0.3699830650674787,0.08949307881613583,0.0,0.0,0.5262326987620819,papaya
0.0,0.32275132275132273,0.3106796116504854,0.0,0.23529411764705882,0.13829787234042554,0.0,0.11764705882352941,0.08670520231213873,0.0,0.0,0.8084008453520602,0.0,0.0,0.7193970702761285,0.0,0.0,0.1619431951744581,0.0,0.0,0.4507216082152524,papaya
0.0,0.5555555555555556,0.20388349514563106,0.0,1.0,0.0,0.0,0.11764705882352941,0.08670520231213873,0.0,0.0,0.9147662582544998,0.0,0.0,0.57570677314111,0.0,0.33327891500707274,0.09470685516420654,0.0,0.0,0.5033826976344288,papaya
0.0,0.5343915343915344,0.21359223300970873,0.08695652173913043,0.8260869565217391,0.0,0.0,0.0,0.12138728323699421,0.0,0.0,0.40186720217516825,0.0,0.0,0.5632730342093412,0.0,0.14636938817873632,0.12125710816292401,0.6375354934276675,0.0,0.0,papaya
0.0,0.8518518518518519,0.06796116504854369,0.0,0.23529411764705882,0.13829787234042554,0.0,0.0,0.12716763005780346,0.0,0.0,0.23282605410935056,0.0,0.0,0.5591004043887206,0.0,0.3628043165421864,0.09051281062325624,0.0,0.0,0.6766915468718866,papaya
0.0,0.5978835978835979,0.18446601941747573,0.0,0.6470588235294118,0.06382978723404255,0.0,0.058823529411764705,0.09248554913294797,0.0,0.0,0.3298949188730439,0.0,0.0,0.6446006486640997,0.0,0.8373928746377394,0.023098128763266824,0.41851916875215095,0.0,0.0,papaya
0.0,0.32275132275132273,0.3106796116504854,0.0,0.47058823529411764,0.09574468085106383,0.0,0.0,0.12716763005780346,0.0,0.0,0.5932459051926715,0.0,0.0,0.6452597422992371,0.0,0.0,0.16093293560932975,0.0,0.0,0.22733320995640904,papaya
0.0,0.5978835978835979,0.18446601941747573,0.0,0.5882352941176471,0.07446808510638298,0.0,0.0,0.09826589595375723,0.0,0.0,0.6379977183848723,0.0,0.0,0.7245203585800043,0.0,0.4642763959127646,0.07609883491366522,0.0,0.0,0.38102131649184073,papaya
0.0,0.746031746031746,0.11650485436893204,0.0,0.7647058823529411,0.0425531914893617,0.0,0.0,0.12138728323699421,0.0,0.0,0.710478547451528,0.0,0.0,0.6747873640261747,0.0,0.7613615361138565,0.03389828062226872,0.22974541184683145,0.4342264690196576,0.0,papaya
0.0,0.9788359788359788,0.009708737864077669,0.0,1.0,0.0,0.0,0.0,0.11560693641618497,0.0,0.0,0.3907169879960804,0.0,0.0,0.5287976696876121,0.0,0.0,0.14323422494932578,0.21453992582182896,0.47167166302585317,0.0,papaya
0.0,0.6402116402116402,0.1650485436893204,0.0,0.17647058823529413,0.14893617021276595,0.0,0.11764705882352941,0.08670520231213873,0.0,0.2139733866689036,0.1288372947272523,0.0,0.0,0.5680941941893454,0.0,0.4047489256492529,0.08455463394482653,0.0,0.0,0.2702266075551829,papaya
0.0,0.5767195767195767,0.1941747572815534,0.0,0.6470588235294118,0.06382978723404255,0.0,0.0,0.10982658959537572,0.0,0.0,0.7423460104306018,0.0,0.0,0.5646195539231033,0.0,0.0,0.16159025473134467,0.0,0.6252866505828635,0.05408411795303947,papaya
0.0,0.9576719576719577,0.019417475728155338,0.0,0.9411764705882353,0.010638297872340425,0.0,0.0,0.12138728323699421,0.0,0.0,0.3824670758856692,0.0,0.0,0.7271562687130885,0.0,0.4401110890378022,0.07953148504236177,0.5866498851173514,0.0,0.0,papaya
0.0,0.5555555555555556,0.20388349514563106,0.0,0.058823529411764705,0.1702127659574468,0.0,0.23529411764705882,0.07514450867052024,0.0,0.0,0.7260762352247875,0.0,0.0,0.5767675623177516,0.0,0.44368080314787117,0.07902441183767452,0.43189695964376335,0.0,0.0,papaya
0.0,0.49206349206349204,0.23300970873786409,0.0,0.23529411764705882,0.13829787234042554,0.0,0.0,0.11560693641618497,0.0,0.0,0.979341270407439,0.0,0.0,0.6336090840564641,0.0,0.5666775255457205,0.06155288883352533,0.0,0.466167792332067,0.07705048173905162,papaya
0.08108108108108109,0.8125,0.0,0.0,0.35294117647058826,0.11702127659574468,0.0,0.0,0.1329479768786127,0.0,0.32945586885195116,0.10990860918338925,0.0,0.0,0.5255144324462698,0.0,0.6784961681041437,0.045669197401221044,0.0,0.0,0.705147506186279,papaya
0.16216216216216217,0.625,0.0,0.06521739130434782,0.8695652173913043,0.0,0.0,0.23529411764705882,0.07514450867052024,0.0,0.0,0.8403105149167208,0.0,0.0,0.6374770702690753,0.0,0.7230441223688713,0.039341218959597274,0.0,0.0,0.1861862149587279,papaya
0.0,0.7883597883597884,0.0970873786407767,0.10869565217391304,0.782608695652174,0.0,0.0,0.0,0.11560693641618497,0.14333630326885616,0.15026095413343674,0.0,0.0,0.0,0.5602553432084973,0.0,0.84507698886417,0.022006610421507,0.0,0.0,0.5475523165405166,papaya
0.13513513513513514,0.6875,0.0,0.0,0.0,0.18085106382978725,0.0,0.0,0.11560693641618497,0.0,0.0,0.3917718129738543,0.0,0.0,0.6224910816973009,0.0,0.24733645684404604,0.10691486856127497,0.0,0.0,0.7560007336947848,papaya
0.02702702702702703,0.9375,0.0,0.0,0.5294117647058824,0.0851063829787234,0.0,0.17647058823529413,0.08092485549132948,0.0,0.0,0.4807322060381167,0.0,0.0,0.6734258366725097,0.0,0.4061635661366779,0.084353686120065,0.0,0.0,0.15898157519940734,papaya
0.0,0.49206349206349204,0.23300970873786409,0.0,1.0,0.0,0.0,0.0,0.10982658959537572,0.0,0.0,0.7579774729872888,0.0,0.0,0.7016750066725065,0.0,0.6998934638845031,0.04262973961596488,0.0,0.11279844685833687,0.1280539204778038,papaya
0.0,0.30158730158730157,0.32038834951456313,0.0,0.8235294117647058,0.031914893617021274,0.0,0.17647058823529413,0.08092485549132948,0.0,0.0,0.781819649897822,0.0,0.0,0.5458612686052791,0.0,0.00862462313371841,0.14082357127078352,0.0,0.05117851907354145,0.13694781082826657,papaya
0.0,0.8518518518518519,0.06796116504854369,0.0,0.7058823529411765,0.05319148936170213,0.0,0.0,0.09826589595375723,0.0,0.0,0.754266880926936,0.0,0.0,0.5527139390577294,0.0,0.8099983628824005,0.02698948320743376,0.4074639544961026,0.0,0.0,papaya
0.08108108108108109,0.8125,0.0,0.0,0.0,0.18085106382978725,0.0,0.0,0.10982658959537572,0.0,0.409828354854851,0.09673478848635929,0.0,0.0,0.7024763448284773,0.0,0.4744399918229641,0.0746551094526278,0.7302270723716858,0.0,0.0,papaya
0.0,0.7248677248677249,0.1262135922330097,0.0,0.5294117647058824,0.0851063829787234,0.0,0.11764705882352941,0.08670520231213873,0.0,0.0,0.8392687741132456,0.0,0.0,0.5956123217407672,0.0,0.35232214693800296,0.0920017890594498,0.0,0.0,0.5645775895145392,papaya
0.0,0.9576719576719577,0.019417475728155338,0.0,0.0,0.20212765957446807,0.0,0.0,0.11560693641618497,0.0,0.7749203279392426,0.036892715277809615,0.0,0.0,0.5291751283878852,0.0,0.5458338889440716,0.06451370005903,0.4738228863051082,0.0,0.0,papaya
0.08108108108108109,0.8125,0.0,0.0,0.4117647058823529,0.10638297872340426,0.0,0.0,0.09826589595375723,0.0,0.14577950283382646,0.14001492581664007,0.0,0.0,0.6585732545271901,0.0,0.8443035010005984,0.022116483357454923,0.0,0.21929736876069877,0.11268243648077421,papaya
0.0,0.8518518518518519,0.06796116504854369,0.0,0.47058823529411764,0.09574468085106383,0.0,0.0,0.1329479768786127,0.0,0.0,0.48027126327893704,0.0,0.0,0.5168183949799731,0.0,0.19709578481239787,0.11405149009095732,0.0,0.8750725261801742,0.018031362480564223,papaya
0.16216216216216217,0.625,0.0,0.0,0.35294117647058826,0.11702127659574468,0.0,0.0,0.11560693641618497,0.0,0.0,0.45347198442317227,0.0,0.0,0.642501928794793,0.0,0.0,0.1612502676817182,0.0,0.0,0.42789590007906647,papaya
0.0,0.4074074074074074,0.27184466019417475,0.0,0.35294117647058826,0.11702127659574468,0.0,0.0,0.10982658959537572,0.0,0.0,0.32825193835401123,0.0,0.0,0.533135856668688,0.0,0.8263537285488113,0.02466622497818061,0.0,0.0,0.550859218475481,papaya
0.0,0.8518518518518519,0.06796116504854369,0.0,0.6470588235294118,0.06382978723404255,0.0,0.0,0.12138728323699421,0.0,0.0,0.9241826622315565,0.0,0.0,0.5147014668524298,0.0,0.0,0.14435021305963366,0.2677714146104702,0.3405832241787318,0.0,papaya
0.0,0.7248677248677249,0.1262135922330097,0.08695652173913043,0.8260869565217391,0.0,0.0,0.058823529411764705,0.09248554913294797,0.05734950048381146,0.6600155807658088,0.0,0.0,0.0,0.5201003650963123,0.0,0.4229270125911077,0.081972460550411,0.0,0.0,0.6056300478913825,papaya
0.0,0.873015873015873,0.05825242718446602,0.021739130434782608,0.9565217391304348,0.0,0.0,0.058823529411764705,0.09248554913294797,0.0,0.09430604308557076,0.1484519191597954,0.0,0.0,0.5585936174361529,0.0,0.5886061578831961,0.05843795538762047,0.0,0.0,0.41437195397620485,papaya
0.0,0.5132275132275133,0.22330097087378642,0.10869565217391304,0.782608695652174,0.0,0.0,0.0,0.12138728323699421,0.06632591164104817,0.6068008202473296,0.0,0.0,0.0,0.6412205963063149,0.0,0.3242885964890107,0.09598391811141965,0.0,0.0,0.4350839067492326,papaya
0.0,0.30158730158730157,0.32038834951456313,0.0,0.0,0.18085106382978725,0.0,0.0,0.1329479768786127,0.0,0.0,0.954117955784082,0.0,0.0,0.7259486314356562,0.0,0.46618846784337126,0.07582722760519464,0.21508765037942462,0.4703228306184311,0.0,papaya
0.0,0.5343915343915344,0.21359223300970873,0.0,0.35294117647058826,0.11702127659574468,0.0,0.0,0.11560693641618497,0.0,0.0,0.0,0.0,0.0,0.6476960007927157,0.0,0.6317220427672725,0.05231340052216854,0.0,0.6953749316434792,0.04396795084582413,papaya
0.0,0.5132275132275133,0.22330097087378642,0.0,0.5882352941176471,0.07446808510638298,0.0,0.0,0.10982658959537572,0.0,0.0,0.9113031480513959,0.0,0.0,0.6381186866007709,0.0,0.1661468257749829,0.11844774910693028,0.0,0.0,0.34794445198318025,papaya
0.0,0.8941798941798942,0.04854368932038835,0.0,0.47058823529411764,0.09574468085106383,0.0,0.11764705882352941,0.08670520231213873,0.0,0.0,0.43536710343119717,0.0,0.0,0.5973898033803592,0.0,0.1781683617598283,0.11674010569652256,0.0,0.0,0.20599718312947674,papaya
0.05405405405405406,0.875,0.0,0.0,0.11764705882352941,0.1595744680851064,0.0,0.11764705882352941,0.08670520231213873,0.0,0.0,0.33762303895841395,0.0,0.0,0.5735471384926771,0.0,0.0,0.15053762038740098,0.6165518962211132,0.0,0.0,papaya
0.08108108108108109,0.8125,0.0,0.0,0.17647058823529413,0.14893617021276595,0.0,0.058823529411764705,0.09248554913294797,0.0,0.0,0.8752097086476287,0.0,0.0,0.4903181927188607,0.0,0.5186913099350358,0.06836926778720387,0.0,0.0,0.5127435835942613,papaya
0.02702702702702703,0.9375,0.0,0.0,0.8235294117647058,0.031914893617021274,0.0,0.17647058823529413,0.08092485549132948,0.0,0.0,0.9375966471189312,0.0,0.0,0.7418050759366317,0.0,0.5230007371604565,0.06775711930522967,0.0,0.0,0.586878576791821,papaya
0.0,0.9576719576719577,0.019417475728155338,0.0,0.23529411764705882,0.13829787234042554,0.0,0.0,0.11560693641618497,0.0,0.0,0.18364596375170905,0.0,0.0,0.7260145460275981,0.0,0.4912718301369058,0.07226416890908292,0.4176426432584772,0.0,0.0,papaya
0.0,1.0,0.0,0.0,0.9411764705882353,0.010638297872340425,0.0,0.11764705882352941,0.08670520231213873,0.0,0.0,0.9670701653534103,0.0,0.0,0.6884052107697535,0.0,0.7638744576062372,0.03354132342206192,0.0,0.0,0.5743229893990532,papaya
0.10810810810810811,0.75,0.0,0.08695652173913043,0.8260869565217391,0.0,0.0,0.17647058823529413,0.08092485549132948,0.0,0.0,0.1993890395373271,0.0,0.0,0.6917515689819744,0.0,0.16887131076591663,0.11806073958939543,0.0,0.0,0.5623216860557843,papaya
0.08108108108108109,0.8125,0.0,0.06521739130434782,0.8695652173913043,0.0,0.0,0.058823529411764705,0.09248554913294797,0.0,0.0,0.8543298857181296,0.0,0.0,0.5586952514207816,0.0,0.23739713609239013,0.10832673603036462,0.0,0.0,0.42544510284013093,papaya
0.0,0.746031746031746,0.11650485436893204,0.0,0.8235294117647058,0.031914893617021274,0.0,0.0,0.10404624277456648,0.0,0.9913016093270146,0.00142574959140238,0.0,0.0,0.6514651179366644,0.0,0.32314759363656065,0.09614599606923627,0.0,0.9185118438460695,0.011761564022366054,papaya
0.0,0.9365079365079365,0.02912621359223301,0.0,0.17647058823529413,0.14893617021276595,0.0,0.0,0.09826589595375723,0.0,0.0,0.5382629060862231,0.0,0.0,0.5427436438842227,0.0,0.4917661568704565,0.07219395044530257,0.0,0.0,0.3389389129428744,papaya
0.0,0.3439153439153439,0.30097087378640774,0.0,0.9411764705882353,0.010638297872340425,0.0,0.0,0.09826589595375723,0.06993854344984082,0.5853840944335443,0.0,0.0,0.0,0.6050801249618687,0.0,0.6948501538996095,0.0433461351808248,0.4221293127713941,0.0,0.0,papaya
0.0,0.7248677248677249,0.1262135922330097,0.10869565217391304,0.782608695652174,0.0,0.0,0.0,0.11560693641618497,0.0,0.0,0.30892032861668267,0.0,0.0,0.4994340099378725,0.0,0.38034091592058344,0.08802175969538559,0.5471590421888896,0.0,0.0,papaya
0.0,0.4074074074074074,0.27184466019417475,0.0,0.29411764705882354,0.1276595744680851,0.0,0.0,0.10404624277456648,0.0,0.0,0.3476684143294313,0.0,0.0,0.5562898068239204,0.0,0.800612514786199,0.028322730612155678,0.20889860138473834,0.48556404947449455,0.0,papaya
0.0,0.9365079365079365,0.02912621359223301,0.043478260869565216,0.9130434782608695,0.0,0.0,0.11764705882352941,0.08670520231213873,0.0,0.0,0.9589635866881606,0.0,0.0,0.5486020333323746,0.0,0.8466178735039962,0.02178772978057104,0.0,0.0,0.7437372881431642,papaya
0.0,0.8941798941798942,0.04854368932038835,0.0,0.8823529411764706,0.02127659574468085,0.0,0.058823529411764705,0.09248554913294797,0.1481317460340205,0.12183218300673068,0.0,0.0,0.0,0.7097746419232701,0.0,0.3312553743735934,0.0949942964556363,0.0,0.0,0.6708528609137493,papaya
0.0,0.746031746031746,0.11650485436893204,0.0,0.7647058823529411,0.0425531914893617,0.0,0.0,0.10982658959537572,0.04331793779094118,0.7431987410869744,0.0,0.0,0.0,0.6885356231520559,0.0,0.4955177612368057,0.071661039968411,0.0,0.0,0.1978562272517969,papaya
0.0,0.5343915343915344,0.21359223300970873,0.0,0.35294117647058826,0.11702127659574468,0.0,0.0,0.09826589595375723,0.0,0.0,0.9825755840296037,0.0,0.0,0.6601542215842241,0.0,0.0,0.1471352841111066,0.0,0.32277123786279177,0.09774757240326015,papaya
0.0,0.4497354497354497,0.2524271844660194,0.0,0.5882352941176471,0.07446808510638298,0.0,0.11764705882352941,0.08670520231213873,0.0,0.5842511962820955,0.06814521321372054,0.0,0.0,0.5269770950335003,0.0,0.11933250166860199,0.12509766241033252,0.0,0.0,0.24447646224139674,papaya
0.0,0.30158730158730157,0.32038834951456313,0.0,0.17647058823529413,0.14893617021276595,0.0,0.0,0.11560693641618497,0.0,0.0,0.2667191195348662,0.0,0.0,0.6486046011827227,0.0,0.6821417951726452,0.045151340860411414,0.2533565135072328,0.37608151522337857,0.0,papaya
0.0,0.4497354497354497,0.2524271844660194,0.021739130434782608,0.9565217391304348,0.0,0.0,0.0,0.11560693641618497,0.0,0.0,0.16855099715008465,0.0,0.0,0.6537217004626146,0.0,0.3447571709297191,0.0930763839736707,0.0,0.28745400271318705,0.10284507297156817,papaya
0.0,0.9365079365079365,0.02912621359223301,0.0,0.23529411764705882,0.13829787234042554,0.0,0.11764705882352941,0.08670520231213873,0.0,0.0,0.3817977925998889,0.0,0.0,0.6666626953677341,0.0,0.06043589115436814,0.13346384864200597,0.30981995373768345,0.23703403787145974,0.0,papaya
0.0,0.4497354497354497,0.2524271844660194,0.0,0.5882352941176471,0.07446808510638298,0.0,0.0,0.10404624277456648,0.0,0.0,0.9646867683828452,0.0,0.0,0.726328360914151,0.0,0.4069379264477217,0.0842436892540986,0.7136963020140301,0.0,0.0,papaya
0.0,0.8306878306878307,0.07766990291262135,0.0,0.5882352941176471,0.07446808510638298,0.0,0.0,0.09826589595375723,0.0,0.0,0.2494379883284486,0.0,0.0,0.5060461501294079,0.0,0.19219932077407223,0.1147470263818178,0.2628363518001189,0.3527363631223017,0.0,papaya
0.0,0.3862433862433862,0.2815533980582524,0.0,0.0,0.19148936170212766,0.0,0.11764705882352941,0.08670520231213873,0.1136689126715683,0.3261378227603921,0.0,0.0,0.0,0.6734118424250537,0.0,0.022749672098267,0.13881712660211518,0.09823255184614098,0.7580914575466974,0.0,papaya
0.0,0.6402116402116402,0.1650485436893204,0.0,0.058823529411764705,0.1702127659574468,0.0,0.0,0.11560693641618497,0.0,0.0,0.5575090836667088,0.0,0.0,0.6578220903180977,0.0,0.6769696738335816,0.04588603390908797,0.0,0.0,0.22814042772566834,papaya
0.0,0.32275132275132273,0.3106796116504854,0.0,0.058823529411764705,0.1702127659574468,0.0,0.0,0.11560693641618497,0.0,0.2842306694322684,0.11732145277915446,0.0,0.0,0.7158654360394768,0.0,0.19321545332818657,0.11460268608600856,0.1612322641492733,0.6029476860390772,0.0,papaya
0.0,0.36507936507936506,0.2912621359223301,0.0,0.0,0.18085106382978725,0.0,0.0,0.09826589595375723,0.0,0.0,0.5349152056911222,0.0,0.0,0.6104797029014448,0.0,0.20430921262340151,0.11302683213681233,0.0,0.0,0.269922546767189,papaya
0.0,0.8306878306878307,0.07766990291262135,0.0,0.6470588235294118,0.06382978723404255,0.0,0.11764705882352941,0.08670520231213873,0.14488355667882677,0.14108838859129277,0.0,0.0,0.0,0.5287410165902314,0.0,0.5358708576773665,0.06592893557566633,0.0,0.0,0.3280512893253668,papaya
0.0,0.5978835978835979,0.18446601941747573,0.021739130434782608,0.9565217391304348,0.0,0.0,0.0,0.11560693641618497,0.0,0.0,0.41425293039353983,0.0,0.0,0.6037722366703816,0.0,0.30737789694586,0.0983860607890816,0.09024747066146667,0.7777556046593709,0.0,papaya
0.0,0.30158730158730157,0.32038834951456313,0.021739130434782608,0.9565217391304348,0.0,0.0,0.0,0.12138728323699421,0.0,0.0,0.6562775545694833,0.0,0.0,0.5113880938723903,0.0,0.0,0.14494526603652572,0.0,0.0,0.38036856096859323,papaya
0.0,0.8518518518518519,0.06796116504854369,0.08695652173913043,0.8260869565217391,0.0,0.0,0.23529411764705882,0.07514450867052024,0.0,0.0,0.7265387667607548,0.0,0.0,0.7311080179369822,0.0,0.6903392414481868,0.043986904374737165,0.0,0.0,0.6051991449228529,papaya
0.0,0.7248677248677249,0.1262135922330097,0.0,0.47058823529411764,0.09574468085106383,0.0,0.11764705882352941,0.08670520231213873,0.0,0.0,0.3860480902542051,0.0,0.0,0.6292438640501391,0.0,0.0,0.14326661740728555,0.014377068691891854,0.9645948754598784,0.0,papaya
0.0,0.6825396825396826,0.14563106796116504,0.0,1.0,0.0,0.0,0.0,0.12138728323699421,0.0,0.0,0.7071838852052124,0.0,0.0,0.6474352795714962,0.0,0.0,0.15975827646403176,0.0,0.0,0.5665692853967332,papaya
0.05405405405405406,0.875,0.0,0.0,0.0,0.18085106382978725,0.0,0.23529411764705882,0.07514450867052024,0.0,0.0,0.959094559538424,0.0,0.0,0.49318103151012593,0.0,0.6241771531071691,0.053385142196990344,0.0,0.0,0.687207390956437,papaya
0.0,0.3439153439153439,0.30097087378640774,0.0,0.0,0.19148936170212766,0.0,0.0,0.11560693641618497,0.0,0.9810224147140295,0.0031106080980367943,0.0,0.0,0.6290450340939395,0.0,0.22113882870331525,0.11063620725869482,0.561410266138248,0.0,0.0,papaya
0.13513513513513514,0.6875,0.0,0.0,0.7647058823529411,0.0425531914893617,0.0,0.0,0.11560693641618497,0.0,0.0,0.6632979326813755,0.0,0.0,0.5907231163279477,0.0,0.0,0.154617464698021,0.0,0.0,0.31807806710305253,papaya
0.13513513513513514,0.6875,0.0,0.0,0.7647058823529411,0.0425531914893617,0.0,0.0,0.10982658959537572,0.0,0.0,0.22174803689050088,0.0,0.0,0.6501336642981828,0.0,0.701291914955796,0.04243109147651903,0.4310486112550297,0.0,0.0,papaya
0.0,0.7671957671957672,0.10679611650485436,0.0,0.35294117647058826,0.11702127659574468,0.0,0.11764705882352941,0.08670520231213873,0.014972385004747717,0.9112393730120323,0.0,0.0,0.0,0.6435869937695835,0.0,0.24177355926136535,0.1077050708625294,0.0,0.0,0.390459207253133,papaya
0.0,0.9576719576719577,0.019417475728155338,0.0,0.0,0.19148936170212766,0.0,0.0,0.12138728323699421,0.0,0.888170910817158,0.018329859419226862,0.0,0.0,0.6433238741349775,0.0,0.0,0.15381856763758273,0.0,0.0,0.7214432957235595,papaya
0.0,0.746031746031746,0.11650485436893204,0.0,0.4117647058823529,0.10638297872340426,0.0,0.23529411764705882,0.07514450867052024,0.0,0.0,0.39660037891054045,0.0,0.0,0.7227855475799287,0.0,0.3197556542374462,0.09662781660953178,0.0,0.0,0.7148617296641453,papaya
0.0,0.7671957671957672,0.10679611650485436,0.0,0.6470588235294118,0.06382978723404255,0.0,0.0,0.12716763005780346,0.0,0.0,0.18944654576125108,0.0,0.0,0.4987932065755352,0.0,0.6136002176565943,0.05488758199729961,0.0,0.0,0.15680186404285198,papaya
0.0,0.32275132275132273,0.3106796116504854,0.0,0.11764705882352941,0.1595744680851064,0.0,0.0,0.09826589595375723,0.0,0.0,0.7969163751071792,0.0,0.0,0.49706016196411823,0.0,0.7952962651243126,0.02907789689994508,0.036820046782673976,0.9093265553743325,0.0,papaya
0.0,0.6613756613756614,0.1553398058252427,0.0,0.7647058823529411,0.0425531914893617,0.0,0.0,0.1329479768786127,0.0,0.0,0.4273137006603524,0.0,0.0,0.552550902819914,0.0,0.42915153222046193,0.08108827570569402,0.0,0.0,0.685489222090956,papaya
0.0,0.9788359788359788,0.009708737864077669,0.0,0.4117647058823529,0.10638297872340426,0.0,0.0,0.11560693641618497,0.0,0.0,0.311405124618891,0.0,0.0,0.7415689211526696,0.0,0.6075297802737771,0.05574987966110297,0.6486364345333282,0.0,0.0,papaya
0.0,0.5767195767195767,0.1941747572815534,0.0,0.23529411764705882,0.13829787234042554,0.0,0.0,0.1329479768786127,0.0,0.6337542552970701,0.06003118743387544,0.0,0.0,0.6399901589802823,0.0,0.6816765500215866,0.04521742832356346,0.4334624516528778,0.0,0.0,papaya
0.0,0.7037037037037037,0.13592233009708737,0.0,0.6470588235294118,0.06382978723404255,0.0,0.0,0.1329479768786127,0.05326468353903679,0.6842315565795689,0.0,0.0,0.0,0.4958895773286163,0.0,0.49586160782878874,0.0716121970112605,0.0,0.5393624088278826,0.06648596281213094,papaya
0.0,0.5978835978835979,0.18446601941747573,0.0,0.17647058823529413,0.14893617021276595,0.0,0.23529411764705882,0.07514450867052024,0.0,0.0,0.6971913947478927,0.0,0.0,0.6920313995964459,0.0,0.3456570413339129,0.0929485585636832,0.0,0.0,0.6049474635811056,papaya
0.0,0.6402116402116402,0.1650485436893204,0.0,0.11764705882352941,0.1595744680851064,0.0,0.0,0.11560693641618497,0.0,0.0,0.6068001084826969,0.0,0.0,0.6828680467365393,0.0,0.11249252349493057,0.12606927233358414,0.0,0.6750247217731067,0.046905191146203985,papaya
0.0,0.5555555555555556,0.20388349514563106,0.0,0.7647058823529411,0.0425531914893617,0.0,0.11764705882352941,0.08670520231213873,0.0,0.8464155413844996,0.025173964627372876,0.0,0.0,0.6775413274594626,0.0,0.36332442159158096,0.09043893038353995,0.0,0.0,0.7158769747363656,papaya
0.0,0.3439153439153439,0.30097087378640774,0.0,0.0,0.20212765957446807,0.0,0.0,0.12716763005780346,0.0,0.0,0.31538603443684204,0.0,0.0,0.6298331955851326,0.0,0.0,0.1598792333020099,0.5369847119301165,0.0,0.0,papaya
0.0,0.8941798941798942,0.04854368932038835,0.0,0.5294117647058824,0.0851063829787234,0.0,0.0,0.1329479768786127,0.0,0.0,0.8023203349236617,0.0,0.0,0.7113715808039177,0.0,0.0,0.1578489450675091,0.0,0.0,0.2663444968918947,papaya
0.0,0.873015873015873,0.05825242718446602,0.0,0.23529411764705882,0.13829787234042554,0.0,0.11764705882352941,0.08670520231213873,0.0,0.0,0.7186477594373543,0.0,0.0,0.5693666183584746,0.0,0.19650693892449939,0.11413513487657234,0.0,0.7481895184228982,0.03634497625614835,papaya
0.05405405405405406,0.875,0.0,0.0,0.058823529411764705,0.1702127659574468,0.0,0.0,0.09826589595375723,0.0,0.0,0.8693246343599915,0.0,0.0,0.5473310638965624,0.0,0.614876806869119,0.05470624417496863,0.0,0.0,0.7112443312597377,papaya
0.0,0.5978835978835979,0.18446601941747573,0.0,0.5294117647058824,0.0851063829787234,0.0,0.0,0.1329479768786127,0.0,0.0,0.6326797843037468,0.0,0.0,0.5803122906920268,0.0,0.7455915726748485,0.03613838323336104,0.0,0.0,0.45976420851334093,papaya
0.0,0.9576719576719577,0.019417475728155338,0.0,0.23529411764705882,0.13829787234042554,0.0,0.0,0.12138728323699421,0.15419355835914111,0.08589600700735035,0.0,0.0,0.0,0.5433674850970933,0.0,0.651391980795247,0.04951931163877279,0.0,0.0,0.5570562347718778,papaya
0.5135135135135135,0.0,0.0,0.45652173913043476,0.08695652173913043,0.0,0.1111111111111111,0.75,0.0,0.0,0.6071307705054081,0.0643950317345582,0.0,0.0,0.6349681945434673,0.0017212495717842443,0.9889124834994637,0.0,0.0,0.0,0.6368557823263676,coconut
0.0,1.0,0.0,0.6086956521739131,0.0,0.0,0.14814814814814814,0.6666666666666666,0.0,0.0,0.9951904627544704,0.0007883292462299596,0.0,0.0,0.7094638036527747,0.23456232416430195,0.0,0.0,0.0,0.0,0.6355317742801042,coconut
0.6486486486486487,0.0,0.0,0.5,0.0,0.0,0.0,0.9411764705882353,0.005780346820809248,0.0,0.14564449935719723,0.14003705418025103,0.0,0.0,0.7778533188290885,0.2527391306696009,0.0,0.0,0.0,0.0,0.2759481448662516,coconut
0.9459459459459459,0.0,0.0,0.6521739130434783,0.0,0.0,0.0,0.8235294117647058,0.017341040462427744,0.03397251195595841,0.7986011273013008,0.0,0.0,0.0,0.5671339630687788,0.04498963254014053,0.7101969979723534,0.0,0.0,0.0,0.41708591604340695,coconut
0.7297297297297297,0.0,0.0,0.717391304347826,0.0,0.0,0.0,0.8235294117647058,0.017341040462427744,0.0,0.2577413241165857,0.12166331033421283,0.0,0.0,0.9827694583883495,0.014748453545220282,0.9049970877433449,0.0,0.0,0.0,0.4262631511508845,coconut
0.8108108108108109,0.0,0.0,0.8695652173913043,0.0,0.0,0.0,1.0,0.0,0.0,0.0,0.20248804491797256,0.0,0.0,0.7504230693696637,0.302324507952551,0.0,0.0,0.0,0.0,0.4413261574077499,coconut
0.0,0.9576719576719577,0.019417475728155338,0.0,0.0,0.0,0.037037037037037035,0.9166666666666666,0.0,0.0,0.49285409235506966,0.08312607444176578,0.0,0.0,0.6779863969153651,0.2989707194294243,0.0,0.0,0.0,0.0,0.27532992522544325,coconut
0.08108108108108109,0.8125,0.0,0.9782608695652174,0.0,0.0,0.18518518518518517,0.5833333333333334,0.0,0.0,0.9161076360974013,0.01375076241716536,0.0,0.0,0.5358395333850724,0.19323567789340604,0.0,0.0,0.0,0.0,0.2603005849122328,coconut
0.16216216216216217,0.625,0.0,0.45652173913043476,0.08695652173913043,0.0,0.1111111111111111,0.75,0.0,0.0,0.6668497090857076,0.054606525391163195,0.0,0.0,0.5388884903878147,0.29662716037452247,0.0,0.0,0.0,0.0,0.41211132525740357,coconut
0.32432432432432434,0.25,0.0,0.9565217391304348,0.0,0.0,0.0,0.8235294117647058,0.017341040462427744,0.0,0.05960764534026848,0.15413931907864759,0.0,0.0,0.9593290205990594,0.29700224363380606,0.0,0.0,0.0,0.0,0.46542466600844423,coconut
0.5675675675675675,0.0,0.0,0.717391304347826,0.0,0.0,0.2222222222222222,0.5,0.0,0.0,0.04224943352333144,0.15698449634601672,0.0,0.0,0.5812813701587919,0.2933539055524811,0.0,0.0,0.0,0.0,0.24877606546246916,coconut
0.2972972972972973,0.3125,0.0,0.8913043478260869,0.0,0.0,0.0,0.9411764705882353,0.005780346820809248,0.0,0.09742707331002377,0.147940352395947,0.0,0.0,0.8438964901280464,0.12133283041757945,0.21842841307598612,0.0,0.0,0.0,0.5103568633362345,coconut
0.2702702702702703,0.375,0.0,0.9347826086956522,0.0,0.0,0.0,1.0,0.0,0.0,0.5248701258311388,0.07787833973279303,0.0,0.0,0.8195583906411312,0.2729810786147722,0.0,0.0,0.0,0.0,0.2428440363491741,coconut
0.0,1.0,0.0,0.717391304347826,0.0,0.0,0.07407407407407407,0.8333333333333334,0.0,0.0,0.312572938392797,0.11267588328140954,0.0,0.0,0.9675362348651093,0.013752418200881278,0.9114130999803317,0.0,0.0,0.0,0.309532906344307,coconut
0.4864864864864865,0.0,0.0,0.782608695652174,0.0,0.0,0.0,0.8823529411764706,0.011560693641618497,0.0,0.7645072233504533,0.03859952291279034,0.0,0.0,0.9834030972659903,0.25311029240451294,0.0,0.0,0.0,0.0,0.594287392286538,coconut
0.0,0.0,0.0,0.6956521739130435,0.0,0.0,0.0,0.9411764705882353,0.005780346820809248,0.0,0.4823057615394841,0.08485504695124454,0.0,0.0,0.7568321445779874,0.06526292254632252,0.5796055711691533,0.0,0.0,0.0,0.5393082027129941,coconut
0.16216216216216217,0.625,0.0,0.6739130434782609,0.0,0.0,0.2222222222222222,0.5,0.0,0.0019683499477791975,0.9883310524381244,0.0,0.0,0.0,0.8786050897152841,0.0,0.9636512870464219,0.005163286973497115,0.0,0.0,0.5151196716489815,coconut
0.7567567567567568,0.0,0.0,0.7391304347826086,0.0,0.0,0.0,1.0,0.0,0.0,0.8815970066184463,0.01940738531770606,0.0,0.0,0.6629002060256837,0.19954411758681118,0.0,0.0,0.0,0.0,0.3789360305136268,coconut
0.40540540540540543,0.0625,0.0,0.8695652173913043,0.0,0.0,0.1111111111111111,0.75,0.0,0.0,0.17814881807583996,0.1347092848405909,0.0,0.0,0.7454693364362049,0.16070384241271984,0.0,0.0,0.0,0.0,0.6045286454958281,coconut
0.16216216216216217,0.625,0.0,0.9782608695652174,0.0,0.0,0.2222222222222222,0.5,0.0,0.0,0.0,0.19527228930401636,0.0,0.0,0.5554488925404235,0.23411277748532835,0.0,0.0,0.0,0.0,0.3062028945738975,coconut
0.08108108108108109,0.8125,0.0,0.9782608695652174,0.0,0.0,0.07407407407407407,0.8333333333333334,0.0,0.0,0.49910507293569123,0.08210147881899565,0.0,0.0,0.8472314165353235,0.1632379717317647,0.0,0.0,0.0,0.0,0.3774804314618483,coconut
0.35135135135135137,0.1875,0.0,0.9782608695652174,0.0,0.0,0.0,1.0,0.0,0.0,0.1513482739008933,0.13910215087102373,0.0,0.0,0.4892271012114397,0.013004759649873862,0.9162291804935537,0.0,0.0,0.0,0.3810338741465655,coconut
0.972972972972973,0.0,0.0,0.9347826086956522,0.0,0.0,0.2222222222222222,0.5,0.0,0.0,0.3537082084836573,0.10593341829804022,0.0,0.0,0.7030909881080735,0.295221530849729,0.0,0.0,0.0,0.0,0.3034261599430274,coconut
0.16216216216216217,0.625,0.0,0.8260869565217391,0.0,0.0,0.0,0.9411764705882353,0.005780346820809248,0.0,0.3116155379220841,0.11283281039370477,0.0,0.0,0.7696291844460369,0.1935855609412359,0.0,0.0,0.0,0.0,0.5433616382957561,coconut
0.7297297297297297,0.0,0.0,0.9130434782608695,0.0,0.0,0.14814814814814814,0.6666666666666666,0.0,0.0,0.0,0.18885399065808645,0.0,0.0,0.693894373216834,0.04865614482549223,0.6865789729458512,0.0,0.0,0.0,0.27091036127527085,coconut
0.02702702702702703,0.9375,0.0,0.5217391304347826,0.0,0.0,0.2222222222222222,0.5,0.0,0.0,0.6674117347587898,0.054514403997231876,0.0,0.0,0.7850888004572498,0.05840152428871607,0.6238036163829586,0.0,0.0,0.0,0.37683571158082785,coconut
0.0,0.9788359788359788,0.009708737864077669,0.5869565217391305,0.0,0.0,0.0,0.9411764705882353,0.005780346820809248,0.0,0.09200340035218472,0.14882934437092862,0.0,0.0,0.847354906888483,0.1545023573997897,0.004765221079363177,0.0,0.0,0.0,0.23600623797028475,coconut
0.7027027027027027,0.0,0.0,0.9782608695652174,0.0,0.0,0.25925925925925924,0.4166666666666667,0.0,0.0,0.0,0.17110079304219325,0.0,0.0,0.8293384945549107,0.1176173840005658,0.24236164979586206,0.0,0.0,0.0,0.41285724425319315,coconut
0.5675675675675675,0.0,0.0,0.8043478260869565,0.0,0.0,0.07407407407407407,0.8333333333333334,0.0,0.0,0.0,0.22739753242330663,0.0,0.0,0.8115186024423984,0.017250909672091214,0.8888773895581548,0.0,0.0,0.0,0.5644674146148948,coconut
0.10810810810810811,0.75,0.0,0.8043478260869565,0.0,0.0,0.0,0.8235294117647058,0.017341040462427744,0.0,0.4768882243362632,0.08574303321724291,0.0,0.0,0.8299056975355412,0.13606104078826525,0.12355589825579427,0.0,0.0,0.0,0.2669500705094787,coconut
0.5675675675675675,0.0,0.0,0.9782608695652174,0.0,0.0,0.1111111111111111,0.75,0.0,0.0,0.0,0.2040492349645615,0.0,0.0,0.5886084492393961,0.1906521696243133,0.0,0.0,0.0,0.0,0.18302831262369354,coconut
0.13513513513513514,0.6875,0.0,0.8695652173913043,0.0,0.0,0.037037037037037035,0.9166666666666666,0.0,0.031596789297159304,0.8126850980699969,0.0,0.0,0.0,0.6582160180552747,0.07503138736468633,0.5166815091191359,0.0,0.0,0.0,0.1962481876289027,coconut
0.0,0.9788359788359788,0.009708737864077669,0.8043478260869565,0.0,0.0,0.07407407407407407,0.8333333333333334,0.0,0.0,0.5525414712866096,0.07334274102725102,0.0,0.0,0.5499032656294583,0.2925391037377825,0.0,0.0,0.0,0.0,0.4911059202218398,coconut
0.7837837837837838,0.0,0.0,0.9782608695652174,0.0,0.0,0.0,0.9411764705882353,0.005780346820809248,0.0,0.09571880227406943,0.14822035438977332,0.0,0.0,0.6753113484074863,0.11292848422019784,0.2725654357757767,0.0,0.0,0.0,0.3784045764659916,coconut
0.3783783783783784,0.125,0.0,0.9782608695652174,0.0,0.0,0.0,0.9411764705882353,0.005780346820809248,0.0,0.0,0.19813420791955064,0.0,0.0,0.6282964774353699,0.1367176793614812,0.11932612755039133,0.0,0.0,0.0,0.5404850305685466,coconut
0.21621621621621623,0.5,0.0,0.5652173913043478,0.0,0.0,0.0,0.8235294117647058,0.017341040462427744,0.0,0.06889957408505745,0.15261628290916773,0.0,0.0,0.5726639882468475,0.3020832102435138,0.0,0.0,0.0,0.0,0.3233456166478873,coconut
0.35135135135135137,0.1875,0.0,0.8043478260869565,0.0,0.0,0.0,0.9411764705882353,0.005780346820809248,0.0,0.0,0.20922021327796034,0.0,0.0,0.6562452275773668,0.020143773205745345,0.8702428622420831,0.0,0.0,0.0,0.6070747079047868,coconut
0.13513513513513514,0.6875,0.0,0.8478260869565217,0.0,0.0,0.07407407407407407,0.8333333333333334,0.0,0.01229845960960643,0.9270911758154287,0.0,0.0,0.0,0.9029991180084662,0.28942310745347005,0.0,0.0,0.0,0.0,0.6048959329633908,coconut
0.1891891891891892,0.5625,0.0,0.5652173913043478,0.0,0.0,0.037037037037037035,0.9166666666666666,0.0,0.0,0.759020380470061,0.03949886904346067,0.0,0.0,0.9302160762938158,0.21233493089314553,0.0,0.0,0.0,0.0,0.5559876656923378,coconut
0.6216216216216216,0.0,0.0,0.6521739130434783,0.0,0.0,0.0,0.8235294117647058,0.017341040462427744,0.0,0.0,0.21720218747678396,0.0,0.0,0.5863378765667184,0.1041127614869334,0.32935236131609874,0.0,0.0,0.0,0.48819866335336337,coconut
0.2702702702702703,0.375,0.0,0.6304347826086957,0.0,0.0,0.1111111111111111,0.75,0.0,0.0,0.0,0.1788732196423583,0.0,0.0,0.5996575716675633,0.14546370155337243,0.06298818158586132,0.0,0.0,0.0,0.24816631005111078,coconut
0.0,0.9365079365079365,0.02912621359223301,0.0,0.0,0.0,0.1111111111111111,0.75,0.0,0.0,0.026056664083718553,0.15963864643884962,0.0,0.0,0.8865522568173059,0.20685132899385733,0.0,0.0,0.0,0.0,0.3216701592238643,coconut
0.5405405405405406,0.0,0.0,0.8695652173913043,0.0,0.0,0.0,1.0,0.0,0.0,0.0,0.17378298017721322,0.0,0.0,0.6624531220870692,0.2754215032938633,0.0,0.0,0.0,0.0,0.30387697184357376,coconut
0.1891891891891892,0.5625,0.0,0.45652173913043476,0.08695652173913043,0.0,0.0,0.8235294117647058,0.017341040462427744,0.035173709584998984,0.791480080477011,0.0,0.0,0.0,0.7749912089422551,0.14488575542761412,0.0667110508959311,0.0,0.0,0.0,0.3482778992247696,coconut
0.24324324324324326,0.4375,0.0,0.8913043478260869,0.0,0.0,0.07407407407407407,0.8333333333333334,0.0,0.0,0.0,0.23623596186467713,0.0,0.0,0.5471441947392401,0.04085369166640532,0.7368388710827393,0.0,0.0,0.0,0.4806275954384615,coconut
0.0,0.9576719576719577,0.019417475728155338,0.9565217391304348,0.0,0.0,0.1111111111111111,0.75,0.0,0.0,0.34388637396496474,0.10754331110215837,0.0,0.0,0.7236614221088105,0.021402359263849136,0.8621356162532836,0.0,0.0,0.0,0.27165257124875936,coconut
0.13513513513513514,0.6875,0.0,0.6739130434782609,0.0,0.0,0.0,0.8235294117647058,0.017341040462427744,0.0,0.6884970057563863,0.05105832601227818,0.0,0.0,0.9180059751858753,0.2864061570540596,0.0,0.0,0.0,0.0,0.2442826671762273,coconut
0.8108108108108109,0.0,0.0,0.782608695652174,0.0,0.0,0.0,1.0,0.0,0.03359977761379035,0.8008108042432371,0.0,0.0,0.0,0.7906334057743112,0.08314662660851181,0.4644067835379732,0.0,0.0,0.0,0.3924001197223698,coconut
0.21621621621621623,0.5,0.0,0.7391304347826086,0.0,0.0,0.1111111111111111,0.75,0.0,0.0,0.0,0.19944104708334195,0.0,0.0,0.7789757373367397,0.1594196503619551,0.0,0.0,0.0,0.0,0.5713661833309968,coconut
0.08108108108108109,0.8125,0.0,0.782608695652174,0.0,0.0,0.0,0.8823529411764706,0.011560693641618497,0.0,0.5073942918006596,0.08074279640818167,0.0,0.0,0.5449846226269112,0.25605738988057913,0.0,0.0,0.0,0.0,0.6373974267348117,coconut
0.6216216216216216,0.0,0.0,0.6086956521739131,0.0,0.0,0.25925925925925924,0.4166666666666667,0.0,0.0,0.8019444930325282,0.032463195635813784,0.0,0.0,0.8454283391757039,0.27837017903624306,0.0,0.0,0.0,0.0,0.1990794912810641,coconut
0.5135135135135135,0.0,0.0,0.6956521739130435,0.0,0.0,0.1111111111111111,0.75,0.0,0.0,0.3266615962484752,0.11036661724171268,0.0,0.0,0.6157269172608479,0.07498135676768705,0.5170037837496453,0.0,0.0,0.0,0.33371700769181073,coconut
0.8108108108108109,0.0,0.0,0.6521739130434783,0.0,0.0,0.0,0.8235294117647058,0.017341040462427744,0.0,0.9455195547381416,0.008929867085960018,0.0,0.0,0.7271185855842023,0.22608457574213314,0.0,0.0,0.0,0.0,0.17859036704373904,coconut
0.35135135135135137,0.1875,0.0,0.5217391304347826,0.0,0.0,0.0,0.8823529411764706,0.011560693641618497,0.0,0.0,0.18144454589400125,0.0,0.0,0.7504362009264324,0.07590633828176781,0.5110454683675067,0.0,0.0,0.0,0.24640420780419742,coconut
0.0,0.9576719576719577,0.019417475728155338,0.4782608695652174,0.043478260869565216,0.0,0.1111111111111111,0.75,0.0,0.0,0.6927421615770608,0.0503625042902712,0.0,0.0,0.7181912675619593,0.09635422720925126,0.3793293537487571,0.0,0.0,0.0,0.5155330683268107,coconut
0.21621621621621623,0.5,0.0,0.9347826086956522,0.0,0.0,0.14814814814814814,0.6666666666666666,0.0,0.0,0.5708067757863882,0.07034888257613808,0.0,0.0,0.5767836607513479,0.11115863301763881,0.283966022148342,0.0,0.0,0.0,0.5868908629588774,coconut
0.7297297297297297,0.0,0.0,0.5869565217391305,0.0,0.0,0.18518518518518517,0.5833333333333334,0.0,0.0,0.33372658694186724,0.1092085975604803,0.0,0.0,0.7397565628200291,0.24539855411684236,0.0,0.0,0.0,0.0,0.2506831175773517,coconut
0.0,0.0,0.0,0.4782608695652174,0.043478260869565216,0.0,0.0,1.0,0.0,0.0,0.16960385501835235,0.13610988617545597,0.0,0.0,0.9172279547954356,0.19066217683949366,0.0,0.0,0.0,0.0,0.37696045697324276,coconut
0.13513513513513514,0.6875,0.0,0.8695652173913043,0.0,0.0,0.037037037037037035,0.9166666666666666,0.0,0.0,0.0,0.21670994935533355,0.0,0.0,0.6198139377173296,0.0,0.9274353204859699,0.010307717496057918,0.0,0.0,0.1784257821861019,coconut
0.0,1.0,0.0,0.8913043478260869,0.0,0.0,0.0,1.0,0.0,0.0,0.0,0.18612195786412947,0.0,0.0,0.7530060032207596,0.08901860837827535,0.4265821148610111,0.0,0.0,0.0,0.628081019095492,coconut
0.4594594594594595,0.0,0.0,0.4782608695652174,0.043478260869565216,0.0,0.18518518518518517,0.5833333333333334,0.0,0.02979286771434015,0.8233792667463555,0.0,0.0,0.0,0.6093604768106708,0.12943938628601057,0.1662096218982613,0.0,0.0,0.0,0.30875776192196597,coconut
0.16216216216216217,0.625,0.0,0.4782608695652174,0.043478260869565216,0.0,0.0,0.8235294117647058,0.017341040462427744,0.0,0.46386903391066125,0.08787700329602312,0.0,0.0,0.6010602375261858,0.09860064361296236,0.36485894843884975,0.0,0.0,0.0,0.2280615873140982,coconut
0.5405405405405406,0.0,0.0,0.45652173913043476,0.08695652173913043,0.0,0.18518518518518517,0.5833333333333334,0.0,0.0,0.0,0.18985423683827535,0.0,0.0,0.5288808022119394,0.1818373063938588,0.0,0.0,0.0,0.0,0.5434879345553387,coconut
0.972972972972973,0.0,0.0,0.8478260869565217,0.0,0.0,0.07407407407407407,0.8333333333333334,0.0,0.0,0.2724828323387177,0.11924703586293228,0.0,0.0,0.7931470870407384,0.29545715207347856,0.0,0.0,0.0,0.0,0.17782875920272315,coconut
0.8378378378378378,0.0,0.0,0.8260869565217391,0.0,0.0,0.1111111111111111,0.75,0.0,0.0,0.4219080053231857,0.09475481801055624,0.0,0.0,0.9993430659108334,0.20286911310825378,0.0,0.0,0.0,0.0,0.5250966166398081,coconut
0.5945945945945946,0.0,0.0,0.5,0.0,0.0,0.0,1.0,0.0,0.0,0.0,0.17945745579519715,0.0,0.0,0.982644142185974,0.07070297367796055,0.5445632056258033,0.0,0.0,0.0,0.6359293947260798,coconut
0.2702702702702703,0.375,0.0,0.5869565217391305,0.0,0.0,0.1111111111111111,0.75,0.0,0.0,0.657254516112626,0.05617926947396062,0.0,0.0,0.8457681290996392,0.09691994510978089,0.37568525317229673,0.0,0.0,0.0,0.47198137842735466,coconut
0.918918918918919,0.0,0.0,0.6086956521739131,0.0,0.0,0.07407407407407407,0.8333333333333334,0.0,0.0,0.0,0.22696156421735245,0.0,0.0,0.7783386061764748,0.11856277305625237,0.23627187819842566,0.0,0.0,0.0,0.5907393911376496,coconut
0.7837837837837838,0.0,0.0,0.5434782608695652,0.0,0.0,0.2222222222222222,0.5,0.0,0.003046231072664765,0.981941061502612,0.0,0.0,0.0,0.5725027922107971,0.2474274063892925,0.0,0.0,0.0,0.0,0.5793046167723027,coconut
0.4594594594594595,0.0,0.0,0.5,0.0,0.0,0.2222222222222222,0.5,0.0,0.0,0.7363814776779197,0.04320960216860502,0.0,0.0,0.5651666679490415,0.3004665751760283,0.0,0.0,0.0,0.0,0.3543551079641326,coconut
0.2972972972972973,0.3125,0.0,0.717391304347826,0.0,0.0,0.18518518518518517,0.5833333333333334,0.0,0.0,0.37211979571855514,0.10291558270475623,0.0,0.0,0.6373669144587278,0.20168178702410966,0.0,0.0,0.0,0.0,0.23209189146022619,coconut
0.972972972972973,0.0,0.0,0.9782608695652174,0.0,0.0,0.0,0.8235294117647058,0.017341040462427744,0.0,0.519400029713354,0.0787749409085812,0.0,0.0,0.7815069671567603,0.06622024088462705,0.573438956492111,0.0,0.0,0.0,0.2567626366620426,coconut
0.2702702702702703,0.375,0.0,0.45652173913043476,0.08695652173913043,0.0,0.037037037037037035,0.9166666666666666,0.0,0.0,0.0,0.18735395026238572,0.0,0.0,0.5262527121674665,0.24207327403490803,0.0,0.0,0.0,0.0,0.26496908292568794,coconut
0.3783783783783784,0.125,0.0,0.9565217391304348,0.0,0.0,0.0,0.8823529411764706,0.011560693641618497,0.0,0.828948593735709,0.02803696473964107,0.0,0.0,0.5664677444184544,0.19621561145867447,0.0,0.0,0.0,0.0,0.19274319837437043,coconut
0.0,0.0,0.0,0.5434782608695652,0.0,0.0,0.037037037037037035,0.9166666666666666,0.0,0.03147725028840077,0.8133937598739488,0.0,0.0,0.0,0.7457390618312946,0.30035068748767,0.0,0.0,0.0,0.0,0.48129415461227804,coconut
0.0,0.9788359788359788,0.009708737864077669,0.9782608695652174,0.0,0.0,0.25925925925925924,0.4166666666666667,0.0,0.0029249636928274985,0.9826599695900096,0.0,0.0,0.0,0.8434542799048572,0.09204082263313858,0.4071143683074321,0.0,0.0,0.0,0.4734194662790716,coconut
0.32432432432432434,0.25,0.0,0.8478260869565217,0.0,0.0,0.2222222222222222,0.5,0.0,0.0,0.0,0.16435663583452254,0.0,0.0,0.7794418573680895,0.0,0.9773983235736251,0.003210538475476076,0.0,0.0,0.1962242687307502,coconut
0.0,0.9365079365079365,0.02912621359223301,0.0,0.0,0.0,0.0,1.0,0.0,0.0,0.840897361605517,0.026078447176035986,0.0,0.0,0.8319596584695124,0.15199696800556203,0.02090381405514706,0.0,0.0,0.0,0.23891822402629637,coconut
0.0,0.0,0.0,0.6956521739130435,0.0,0.0,0.037037037037037035,0.9166666666666666,0.0,0.00481606040181279,0.9714490015624582,0.0,0.0,0.0,0.7130684436655481,0.05242365725173521,0.6623103503842528,0.0,0.0,0.0,0.4117095672019037,coconut
0.2972972972972973,0.3125,0.0,0.9130434782608695,0.0,0.0,0.0,1.0,0.0,0.0,0.8817590809904529,0.01938081977491171,0.0,0.0,0.7312346432968243,0.0,0.908903759945516,0.012940101351279949,0.0,0.0,0.24197988766500433,coconut
0.05405405405405406,0.875,0.0,0.45652173913043476,0.08695652173913043,0.0,0.0,0.8823529411764706,0.011560693641618497,0.0,0.08915998433671435,0.1492954075054386,0.0,0.0,0.7657126994340032,0.09709411804642244,0.37456330935856014,0.0,0.0,0.0,0.42996484328515777,coconut
0.4864864864864865,0.0,0.0,0.45652173913043476,0.08695652173913043,0.0,0.07407407407407407,0.8333333333333334,0.0,0.0,0.0,0.21944141235817258,0.0,0.0,0.5605601805759134,0.2050013868540113,0.0,0.0,0.0,0.0,0.6380399521314261,coconut
0.16216216216216217,0.625,0.0,0.8260869565217391,0.0,0.0,0.0,0.9411764705882353,0.005780346820809248,0.0,0.0,0.22685597694439255,0.0,0.0,0.7555129418649007,0.028278517684442908,0.817842492700256,0.0,0.0,0.0,0.2623206387368739,coconut
0.5405405405405406,0.0,0.0,0.4782608695652174,0.043478260869565216,0.0,0.2222222222222222,0.5,0.0,0.0,0.8167615810615534,0.030034532909872427,0.0,0.0,0.6566807300344593,0.12092893703504172,0.22103011280434243,0.0,0.0,0.0,0.49360620332959737,coconut
0.9459459459459459,0.0,0.0,0.45652173913043476,0.08695652173913043,0.0,0.07407407407407407,0.8333333333333334,0.0,0.0,0.8639678057225141,0.02229698029211747,0.0,0.0,0.7343808777731096,0.03218634445797018,0.7926700281471886,0.0,0.0,0.0,0.5629685606553858,coconut
0.1891891891891892,0.5625,0.0,0.8260869565217391,0.0,0.0,0.25925925925925924,0.4166666666666667,0.0,0.0,0.47604158132392627,0.08588180612067801,0.0,0.0,0.5646574036440708,0.004061452798984293,0.9738379456047106,0.0,0.0,0.0,0.3439036810792147,coconut
0.7837837837837838,0.0,0.0,0.782608695652174,0.0,0.0,0.0,0.9411764705882353,0.005780346820809248,0.0,0.0,0.18667540814753233,0.0,0.0,0.9034654974108721,0.31622347275216317,0.0,0.0,0.0,0.0,0.584378324122102,coconut
0.5135135135135135,0.0,0.0,0.8478260869565217,0.0,0.0,0.0,0.8235294117647058,0.017341040462427744,0.0,0.8174490623290774,0.029921848141721757,0.0,0.0,0.8156687669363548,0.029560183961214976,0.809586574311175,0.0,0.0,0.0,0.17905013901920522,coconut
0.7837837837837838,0.0,0.0,0.5,0.0,0.0,0.07407407407407407,0.8333333333333334,0.0,0.004919109832339283,0.9708380947455827,0.0,0.0,0.0,0.7105284762189892,0.14018217937995134,0.09700937479670575,0.0,0.0,0.0,0.19764903552209326,coconut
0.0,0.9365079365079365,0.02912621359223301,0.6304347826086957,0.0,0.0,0.1111111111111111,0.75,0.0,0.0,0.3386598754055538,0.1083999843036378,0.0,0.0,0.0,0.2361684164539004,0.0,0.0,0.0,0.0,0.39156093857588037,coconut
0.2702702702702703,0.375,0.0,0.8913043478260869,0.0,0.0,0.0,0.9411764705882353,0.005780346820809248,0.0,0.2532351185993992,0.12240192060322007,0.0,0.0,0.8719665290447686,0.0,0.918047974186866,0.011641177718535975,0.0,0.0,0.29060716421768334,coconut
0.43243243243243246,0.0,0.0,0.6739130434782609,0.0,0.0,0.037037037037037035,0.9166666666666666,0.0,0.0,0.9994452103323641,9.093534329317359e-05,0.0,0.0,0.9867820403768056,0.19504470256305337,0.0,0.0,0.0,0.0,0.34835475674539645,coconut
0.918918918918919,0.0,0.0,0.9130434782608695,0.0,0.0,0.0,0.8235294117647058,0.017341040462427744,0.0,0.555267092963406,0.07289598551371919,0.0,0.0,0.9930718387301596,0.036466306156443314,0.7651004375826468,0.0,0.0,0.0,0.6419713326516486,coconut
0.40540540540540543,0.0625,0.0,0.7608695652173914,0.0,0.0,0.18518518518518517,0.5833333333333334,0.0,0.0,0.0,0.19810458873891884,0.0,0.0,0.5022877984220764,0.14322545624768482,0.0774059523530224,0.0,0.0,0.0,0.46176264298456304,coconut
0.2702702702702703,0.375,0.0,0.9347826086956522,0.0,0.0,0.07407407407407407,0.8333333333333334,0.0,0.0,0.714033527104801,0.04687264543674199,0.0,0.0,0.9137566535471024,0.14267711948006384,0.08093809147945145,0.0,0.0,0.0,0.6203379934444725,coconut
0.40540540540540543,0.0625,0.0,0.9347826086956522,0.0,0.0,0.0,0.9411764705882353,0.005780346820809248,0.0,0.04249982158681903,0.1569434553428438,0.0,0.0,0.7899486415808575,0.25999448666272773,0.0,0.0,0.0,0.0,0.5354185851456673,coconut
0.24324324324324326,0.4375,0.0,0.5217391304347826,0.0,0.0,0.0,1.0,0.0,0.0,0.0,0.18489464494458066,0.0,0.0,0.6421711835394177,0.2261518946731315,0.0,0.0,0.0,0.0,0.4757400868994214,coconut
0.3783783783783784,0.125,0.0,0.6521739130434783,0.0,0.0,0.2222222222222222,0.5,0.0,0.0,0.711034250097001,0.04736425568157197,0.0,0.0,0.6652037557290865,0.17927986468765794,0.0,0.0,0.0,0.0,0.2668453823117849,coconut
0.0,1.0,0.0,0.0,0.0,0.0,0.0,0.8823529411764706,0.011560693641618497,0.0,0.9337783630245929,0.01085436092827023,0.0,0.0,0.6852501561397741,0.22121499922557772,0.0,0.0,0.0,0.0,0.2825643989982986,coconut
0.4864864864864865,0.0,0.0,0.5434782608695652,0.0,0.0,0.1111111111111111,0.75,0.0,0.0,0.5502045520274205,0.07372578448944879,0.0,0.0,0.9395788516651421,0.2580206853740054,0.0,0.0,0.0,0.0,0.3520191760284243,coconut
0.0,0.0,0.9320388349514563,0.08695652173913043,0.8260869565217391,0.0,0.2962962962962963,0.3333333333333333,0.0,0.07132909697856774,0.5771404910910579,0.0,0.019267894214257546,0.9368752916426234,0.0,0.0,0.0,0.2297062827784572,0.05445468871312496,0.8658992958161875,0.0,cotton
0.0,0.0,0.9611650485436893,0.32608695652173914,0.34782608695652173,0.0,0.4444444444444444,0.0,0.0,0.1492120751380883,0.11542767974288862,0.0,0.0,0.5367470363899761,0.22500753905417717,0.0,0.0,0.14255288505579655,0.3157375281939822,0.22246135514380064,0.0,cotton
0.0,0.0,0.6504854368932039,0.08695652173913043,0.8260869565217391,0.0,0.5185185185185185,0.0,0.0,0.09736221923211366,0.4228086159124255,0.0,0.05280031572638508,0.8270177065359242,0.0,0.0,0.0,0.3442668067324689,0.055071759006595396,0.8643796918511142,0.0,cotton
0.0,0.0,0.9320388349514563,0.08695652173913043,0.8260869565217391,0.0,0.3333333333333333,0.25,0.0,0.04240811705468309,0.7485924214506114,0.0,0.07327291880533396,0.7599461789312779,0.0,0.0,0.19311765898596217,0.11461657764398293,0.06840837577544363,0.8315367954468396,0.0,cotton
0.0,0.0,0.8640776699029126,0.2826086956521739,0.43478260869565216,0.0,0.3333333333333333,0.25,0.0,0.014085444467484736,0.9164974129411113,0.0,0.0,0.6665533856616522,0.16195903316741456,0.08503559360021948,0.45223890676237183,0.0,0.08614718646436809,0.7878530087797282,0.0,cotton
0.0,0.0,0.8640776699029126,0.021739130434782608,0.9565217391304348,0.0,0.48148148148148145,0.0,0.0,0.05390337835885955,0.6804451890340203,0.0,0.0,0.8667378750207608,0.06472701773355691,0.0,0.5914989008879121,0.05802704504003814,0.218101727139195,0.4629003326572619,0.0,cotton
0.0,0.0,0.7378640776699029,0.21739130434782608,0.5652173913043478,0.0,0.4444444444444444,0.0,0.0,0.035591351765432766,0.7890041768864896,0.0,0.0,0.9929806725816757,0.0034093717952817125,0.0,0.0,0.23698619020165063,0.0,0.9503948494043571,0.007159741760111259,cotton
0.0,0.0,0.8155339805825242,0.13043478260869565,0.7391304347826086,0.0,0.37037037037037035,0.16666666666666666,0.0,0.1871615319819906,0.0,0.0,0.0,0.9120200939693366,0.04273289907939399,0.0,0.9624143310167658,0.005338994954213483,0.41037842192160107,0.0,0.0,cotton
0.0,0.0,0.8155339805825242,0.08695652173913043,0.8260869565217391,0.0,0.5925925925925926,0.0,0.0,0.11882493454276707,0.295571434445761,0.0,0.017781655104174413,0.9417444490777883,0.0,0.0,0.0,0.36985130129910093,0.2996344367556922,0.2621170019290983,0.0,cotton
0.0,0.0,0.8932038834951457,0.0,0.47058823529411764,0.09574468085106383,0.37037037037037035,0.16666666666666666,0.0,0.060463877907299346,0.641552650998888,0.0,0.02037456464925565,0.9332496619977765,0.0,0.16354409923796687,0.0,0.0,0.3070273438523856,0.24391114911714115,0.0,cotton
0.0,0.0,0.6796116504854369,0.13043478260869565,0.7391304347826086,0.0,0.25925925925925924,0.4166666666666667,0.0,0.14977029368563938,0.11211839880593462,0.0,0.0,0.6747110859997099,0.1579967399462254,0.0,0.0,0.22868656692554667,0.3084374595412884,0.24043858300150883,0.0,cotton
0.0,0.0,0.8252427184466019,0.0,0.5294117647058824,0.0851063829787234,0.5185185185185185,0.0,0.0,0.12511725338109386,0.25826874919414716,0.0,0.0,0.6663287302980452,0.1620681509809448,0.07039574080320456,0.5465422617860516,0.0,0.20164850101552237,0.5034182248979755,0.0,cotton
0.0,0.0,0.0,0.2826086956521739,0.43478260869565216,0.0,0.6296296296296297,0.0,0.0,0.08653170589980133,0.4870150301659164,0.0,0.06932194135657933,0.7728902140399333,0.0,0.1382072802561663,0.10973078776366055,0.0,0.3342245813955924,0.17693493838876367,0.0,cotton
0.0,0.0,0.6310679611650486,0.043478260869565216,0.9130434782608695,0.0,0.4074074074074074,0.08333333333333333,0.0,0.053987767462931546,0.6799449060272711,0.0,0.0,0.53870284720182,0.22405757820730168,0.058796024093138936,0.6212624258649194,0.0,0.0678865469363486,0.8328218567783755,0.0,cotton
0.0,0.0,0.7184466019417476,0.2391304347826087,0.5217391304347826,0.0,0.25925925925925924,0.4166666666666667,0.0,0.06641626270123781,0.6062651930410484,0.0,0.0,0.5803786623854283,0.20381513326002126,0.08135809474588912,0.47592770233071285,0.0,0.05256350025909632,0.870556556915697,0.0,cotton
0.0,0.0,0.912621359223301,0.34782608695652173,0.30434782608695654,0.0,0.5185185185185185,0.0,0.0,0.06603266507882692,0.6085392706489571,0.0,0.0,0.8130980902917935,0.09078050665936332,0.0,0.0,0.18023928841081174,0.41306771187098684,0.0,0.0,cotton
0.0,0.0,0.9514563106796117,0.17391304347826086,0.6521739130434783,0.0,0.5925925925925926,0.0,0.0,0.12632337618208375,0.25111850452662104,0.0,0.0,0.8673073477414246,0.06445041798028923,0.0,0.40752894442898635,0.08415973592547145,0.10856068226999244,0.7326572920878299,0.0,cotton
0.0,0.0,0.6116504854368932,0.10869565217391304,0.782608695652174,0.0,0.5185185185185185,0.0,0.0,0.08423234874453016,0.5006462841515987,0.0,0.06691986711768445,0.7807597940831332,0.0,0.0,0.9866741450123167,0.001892920213062005,0.3454100641299978,0.14938944787605965,0.0,cotton
0.0,0.0,0.8349514563106796,0.2608695652173913,0.4782608695652174,0.0,0.2962962962962963,0.3333333333333333,0.0,0.03524364154167985,0.7910655036197154,0.0,0.03463899023317513,0.8865171184796514,0.0,0.0,0.0,0.2928910766870807,0.11792037446434832,0.7096080130657954,0.0,cotton
0.0,0.0,0.7766990291262136,0.0,0.7058823529411765,0.05319148936170213,0.6296296296296297,0.0,0.0,0.0,0.8671325422298696,0.021778249649646846,0.051631588001785994,0.8308466458037093,0.0,0.0,0.0,0.2687181595648051,0.07700353079645582,0.8103702739199438,0.0,cotton
0.0,0.0,0.8155339805825242,0.32608695652173914,0.34782608695652173,0.0,0.2962962962962963,0.3333333333333333,0.0,0.11531136957781396,0.3164008633679603,0.0,0.0,0.8714696705038166,0.06242872772661734,0.0,0.0,0.2642007425738583,0.0,0.8468919288266309,0.02209879897202338,cotton
0.0,0.0,0.6213592233009708,0.0,0.5882352941176471,0.07446808510638298,0.5185185185185185,0.0,0.0,0.0,0.9763003305343326,0.0038846029486796357,0.0,0.9041870255126367,0.04653751468929791,0.0,0.544525400243993,0.06469956916170531,0.21795419435736504,0.4632636484781974,0.0,cotton
0.0,0.0,0.6796116504854369,0.1956521739130435,0.6086956521739131,0.0,0.2962962962962963,0.3333333333333333,0.0,0.21180233298682086,0.0,0.0,0.0,0.5613337045820158,0.21306549844569103,0.09602237831100685,0.38146697527400497,0.0,0.11867760321784142,0.7077432533642642,0.0,cotton
0.0,0.0,0.6116504854368932,0.21739130434782608,0.5652173913043478,0.0,0.37037037037037035,0.16666666666666666,0.0,0.1894839625036352,0.0,0.0,0.0,0.5689148392636552,0.2093832501020195,0.0,0.0,0.2546282953269786,0.01877493893460374,0.953764632731587,0.0,cotton
0.0,0.0,0.8543689320388349,0.2608695652173913,0.4782608695652174,0.0,0.4074074074074074,0.08333333333333333,0.0,0.033816071419805714,0.7995285520282794,0.0,0.0,0.8164110221249804,0.08917137580128826,0.0,0.0,0.4357732888166068,0.0,0.9948466622377805,0.0007438051721863324,cotton
0.0,0.0,0.6601941747572816,0.0,0.47058823529411764,0.09574468085106383,0.3333333333333333,0.25,0.0,0.12311316210258119,0.27014958169781955,0.0,0.049174430561665074,0.8388966872390113,0.0,0.07444222763793153,0.5204766114093133,0.0,0.09815071554630157,0.7582929885019852,0.0,cotton
0.0,0.0,0.6310679611650486,0.10869565217391304,0.782608695652174,0.0,0.48148148148148145,0.0,0.0,0.16859990511469328,0.0004910184084460044,0.0,0.0,0.7756153272416993,0.10898633572763101,0.0,0.5869211348924127,0.058677310692152616,0.17911656117674357,0.5589056231443503,0.0,cotton
0.0,0.0,0.912621359223301,0.043478260869565216,0.9130434782608695,0.0,0.37037037037037035,0.16666666666666666,0.0,0.005974526306571039,0.9645812807539217,0.0,0.0075207576665438656,0.9753607929829825,0.0,0.0,0.0,0.2512427707987578,0.3724800669619602,0.08272656672090568,0.0,cotton
0.0,0.0,0.9902912621359223,0.34782608695652173,0.30434782608695654,0.0,0.6296296296296297,0.0,0.0,0.020867693011788344,0.8762902827484447,0.0,0.0,0.6844673563377548,0.1532580020393941,0.18037650124030918,0.0,0.0,0.11134278601711785,0.7258060533714104,0.0,cotton
0.0,0.0,0.6893203883495146,0.32608695652173914,0.34782608695652173,0.0,0.48148148148148145,0.0,0.0,0.16790043232561386,0.004637695327322,0.0,0.04471480543251947,0.8535071336391289,0.0,0.0,0.0,0.2317695403865224,0.40523249762972624,0.0020700774437883516,0.0,cotton
0.0,0.0,0.7864077669902912,0.13043478260869565,0.7391304347826086,0.0,0.3333333333333333,0.25,0.0,0.13284722520148198,0.21244324142371476,0.0,0.045928434995779185,0.849531088754163,0.0,0.0,0.0,0.4423321503078195,0.31060874457243803,0.2350915530479475,0.0,cotton
0.0,0.0,0.6796116504854369,0.0,1.0,0.0,0.37037037037037035,0.16666666666666666,0.0,0.04370622926140454,0.7408968369907679,0.0,0.03401546347947022,0.8885598920200791,0.0,0.15134419103122346,0.025108710075336927,0.0,0.2049251027743694,0.49534923004050607,0.0,cotton
0.0,0.0,0.8543689320388349,0.0,0.47058823529411764,0.09574468085106383,0.5555555555555556,0.0,0.0,0.086736423375622,0.48580140578319614,0.0,0.0,0.573350869562528,0.20722861680417531,0.0,0.2766133031076764,0.10275613097045197,0.1943056847638725,0.5215007234542707,0.0,cotton
0.0,0.0,0.7378640776699029,0.30434782608695654,0.391304347826087,0.0,0.4444444444444444,0.0,0.0,0.03372624799273193,0.8000610512729053,0.0,0.021588102390567382,0.929273917936223,0.0,0.0,0.0,0.27589269029011365,0.0,0.9240389500957996,0.010963811108533752,cotton
0.0,0.0,0.912621359223301,0.0,0.9411764705882353,0.010638297872340425,0.5925925925925926,0.0,0.0,0.11574854074170875,0.31380918631743987,0.0,0.0,0.5775614508826034,0.2051834867883095,0.0,0.8776106534721594,0.0173852460588929,0.0846924941293143,0.7914353498253118,0.0,cotton
0.0,0.0,0.7572815533980582,0.06521739130434782,0.8695652173913043,0.0,0.5925925925925926,0.0,0.0,0.0032848005353250283,0.980526752754928,0.0,0.0,0.6180566178352257,0.18551449689433872,0.0,0.0,0.21392591650365697,0.07936590524867397,0.8045526650955278,0.0,cotton
0.0,0.0,0.7378640776699029,0.2826086956521739,0.43478260869565216,0.0,0.25925925925925924,0.4166666666666667,0.0,0.21450174872534597,0.0,0.0,0.015108876019783127,0.9505009015644877,0.0,0.0,0.0,0.27441827434337535,0.05954459634172769,0.8533648343518679,0.0,cotton
0.0,0.0,0.7184466019417476,0.21739130434782608,0.5652173913043478,0.0,0.5185185185185185,0.0,0.0,0.11658062830170532,0.30887633069619025,0.0,0.03544929868631725,0.8838624181675507,0.0,0.10945719652655293,0.29492591168369525,0.0,0.18626747334126534,0.5412957096643412,0.0,cotton
0.0,0.0,0.7184466019417476,0.0,0.8823529411764706,0.02127659574468085,0.48148148148148145,0.0,0.0,0.09743822284490536,0.4223580445223229,0.0,0.036932874204796504,0.8790019870852144,0.0,0.0018863569795907783,0.9878489357499539,0.0,0.1371100348148785,0.6623513483622095,0.0,cotton
0.0,0.0,0.8252427184466019,0.06521739130434782,0.8695652173913043,0.0,0.5925925925925926,0.0,0.0,0.056306837826107965,0.6661967864458228,0.0,0.07306602930749041,0.7606239820720028,0.0,0.04022179204955079,0.7409092845448001,0.0,0.44253194712549904,0.0,0.0,cotton
0.0,0.0,0.6893203883495146,0.10869565217391304,0.782608695652174,0.0,0.5555555555555556,0.0,0.0,0.07732021540901586,0.5416234089376722,0.0,0.0,0.5352766679585891,0.22572171469521604,0.0,0.0,0.14449088645136812,0.39973605529596357,0.01560567566098351,0.0,cotton
0.0,0.0,0.9223300970873787,0.21739130434782608,0.5652173913043478,0.0,0.37037037037037035,0.16666666666666666,0.0,0.07793731006182211,0.5379650934270415,0.0,0.0,0.9418098152087186,0.028263672994040874,0.0,0.0,0.39481553694749,0.05961552519798274,0.8531901641848808,0.0,cotton
0.0,0.0,0.6407766990291263,0.1956521739130435,0.6086956521739131,0.0,0.5555555555555556,0.0,0.0,0.0777433640521205,0.5391148614444595,0.0,0.0,0.5628646589900071,0.21232189546674435,0.0,0.794430534492336,0.029200872800091836,0.18496216547229088,0.5445101749113705,0.0,cotton
0.0,0.0,0.9320388349514563,0.021739130434782608,0.9565217391304348,0.0,0.25925925925925924,0.4166666666666667,0.0,0.0,0.9584512819729036,0.006810233062352649,0.0,0.9236444679767305,0.037086800740234974,0.0,0.0,0.3260383217372917,0.0,0.8277753741835995,0.02485798008413925,cotton
0.0,0.0,0.8737864077669902,0.30434782608695654,0.391304347826087,0.0,0.5185185185185185,0.0,0.0,0.04304869525644355,0.7447948886724299,0.0,0.06301646551977715,0.7935479630822805,0.0,0.0,0.0,0.1755020902207916,0.03945112775714758,0.9028472269679155,0.0,cotton
0.0,0.0,0.7087378640776699,0.2608695652173913,0.4782608695652174,0.0,0.25925925925925924,0.4166666666666667,0.0,0.17841583242925013,0.0,0.0,0.04727781681502228,0.8451102977297118,0.0,0.0,0.0,0.22328775935568643,0.2642970113430447,0.34913932716620527,0.0,cotton
0.0,0.0,0.912621359223301,0.2826086956521739,0.43478260869565216,0.0,0.48148148148148145,0.0,0.0,0.10317481761812083,0.38834985219457796,0.0,0.07233618844450312,0.7630150576670348,0.0,0.0,0.2192163174874096,0.11090929745394232,0.0591095783286333,0.8544361144062986,0.0,cotton
0.0,0.0,0.6893203883495146,0.2826086956521739,0.43478260869565216,0.0,0.2962962962962963,0.3333333333333333,0.0,0.13047551613154168,0.22650341847728353,0.0,0.06093437506292721,0.8003692249908638,0.0,0.0,0.0,0.28978877982964923,0.21492648352752192,0.47071972184748756,0.0,cotton
0.0,0.0,0.8252427184466019,0.2391304347826087,0.5217391304347826,0.0,0.5555555555555556,0.0,0.0,0.037815824367075666,0.7758168601846569,0.0,0.0,0.9109683522736334,0.04324374267729935,0.0,0.1385560193547086,0.12236698695064763,0.1986122363260029,0.5108953630944311,0.0,cotton
0.0,0.0,0.7184466019417476,0.021739130434782608,0.9565217391304348,0.0,0.6296296296296297,0.0,0.0,0.02566573876699408,0.8478460803442203,0.0,0.0025617646126166104,0.9916072487084753,0.0,0.0,0.0,0.4158080633519772,0.13720779300068922,0.6621106079986752,0.0,cotton
0.0,0.0,0.0,0.2391304347826087,0.5217391304347826,0.0,0.5555555555555556,0.0,0.0,0.17116904138051284,0.0,0.0,0.05130498503527611,0.8319166494470931,0.0,0.14346488188426812,0.0758636799598814,0.0,0.23194087994928783,0.4288198855736753,0.0,cotton
0.0,0.0,0.6116504854368932,0.2391304347826087,0.5217391304347826,0.0,0.4444444444444444,0.0,0.0,0.18763667365201145,0.0,0.0,0.06367726624545766,0.7913830740379935,0.0,0.0,0.0,0.2868904338919871,0.10739390031419258,0.7355306219258906,0.0,cotton
0.0,0.0,0.8349514563106796,0.021739130434782608,0.9565217391304348,0.0,0.5925925925925926,0.0,0.0,0.15199939097664336,0.09890366560852128,0.0,0.07452670295213867,0.7558385811974485,0.0,0.0,0.853575559884204,0.02079939956105309,0.32430167165617685,0.20137120301637348,0.0,cotton
0.0,0.0,0.6796116504854369,0.32608695652173914,0.34782608695652173,0.0,0.4074074074074074,0.08333333333333333,0.0,0.018255015984241407,0.8917789875211707,0.0,0.07259087262543513,0.7621806714873206,0.0,0.07526016715153144,0.5152078125075488,0.0,0.43165623640504236,0.0,0.0,cotton
0.0,0.0,0.7864077669902912,0.021739130434782608,0.9565217391304348,0.0,0.48148148148148145,0.0,0.0,0.15755378598610137,0.06597560615626975,0.0,0.0,0.8032645765008841,0.09555676264077236,0.02199541072344379,0.8583154451684438,0.0,0.38019845136616676,0.06371918997841436,0.0,cotton
0.0,0.0,0.6407766990291263,0.0,1.0,0.0,0.4444444444444444,0.0,0.0,0.1667297921064619,0.0115775889913114,0.0,0.0,0.612316995437396,0.18830230056163066,0.0,0.0,0.17708094413113337,0.043247057697302305,0.8934993289257682,0.0,cotton
0.0,0.0,0.9320388349514563,0.0,0.6470588235294118,0.06382978723404255,0.48148148148148145,0.0,0.0,0.12259844914121622,0.2732009489419227,0.0,0.06782609975486234,0.7777908307761071,0.0,0.0,0.0,0.43360295852122654,0.14388937915598887,0.6456564618146655,0.0,cotton
0.0,0.0,0.8932038834951457,0.08695652173913043,0.8260869565217391,0.0,0.4444444444444444,0.0,0.0,0.07074277973183087,0.5806163492404256,0.0,0.0,0.9651429650431644,0.016930481336252155,0.04901268953374165,0.6842822721067066,0.0,0.0,0.872892371965121,0.018346034263424807,cotton
0.0,0.0,0.7669902912621359,0.0,0.9411764705882353,0.010638297872340425,0.48148148148148145,0.0,0.0,0.15834516232874435,0.06128409840154909,0.0,0.07704344015051949,0.7475933469288073,0.0,0.10633158990505057,0.3150596654159734,0.0,0.3722040522877483,0.08340628343679542,0.0,cotton
0.0,0.0,0.7475728155339806,0.2391304347826087,0.5217391304347826,0.0,0.3333333333333333,0.25,0.0,0.003692356874593318,0.9781106409467623,0.0,0.0,0.9299738551601993,0.034012541219529076,0.0,0.34028371756216713,0.09371183215387799,0.0,0.9809987128204105,0.002742544023795844,cotton
0.0,0.0,0.912621359223301,0.0,0.47058823529411764,0.09574468085106383,0.5555555555555556,0.0,0.0,0.016601426317336094,0.9015819451373953,0.0,0.0,0.8605249265935233,0.06774472154917689,0.0,0.0,0.2848954685618235,0.15273044773060768,0.6238843509163804,0.0,cotton
0.0,0.0,0.6796116504854369,0.17391304347826086,0.6521739130434783,0.0,0.5185185185185185,0.0,0.0,0.18911087521366476,0.0,0.0,0.0,0.8879585974628297,0.054419857480479256,0.0,0.3580809781728678,0.09118375464003252,0.39277119065097477,0.0327574265112794,0.0,cotton
0.0,0.0,0.8349514563106796,0.15217391304347827,0.6956521739130435,0.0,0.4074074074074074,0.08333333333333333,0.0,0.0,0.9369712740531567,0.010331012211766048,0.08257560498315086,0.7294690886283656,0.0,0.0,0.0,0.34645457241456873,0.04650422025415519,0.8854782052569473,0.0,cotton
0.0,0.0,0.7281553398058253,0.043478260869565216,0.9130434782608695,0.0,0.25925925925925924,0.4166666666666667,0.0,0.0,0.9693205114050566,0.00502866219432081,0.03876661000317909,0.8729943748266974,0.0,0.0,0.9095658894156625,0.012846046728978947,0.3840711980737853,0.05418212213558564,0.0,cotton
0.0,0.0,0.7961165048543689,0.15217391304347827,0.6956521739130435,0.0,0.6296296296296297,0.0,0.0,0.2058518166699292,0.0,0.0,0.0,0.7481317367105741,0.12233544637679035,0.0,0.0,0.19001095643929355,0.45828390972327754,0.0,0.0,cotton
0.0,0.0,0.9029126213592233,0.0,0.5294117647058824,0.0851063829787234,0.48148148148148145,0.0,0.0,0.03135428971302581,0.8141227057140151,0.0,0.0,0.7858259053387691,0.10402693507525615,0.0,0.8087464288349455,0.027167318795922338,0.018179261461095025,0.9552315545073182,0.0,cotton
0.0,0.0,0.8737864077669902,0.0,0.8823529411764706,0.02127659574468085,0.2962962962962963,0.3333333333333333,0.0,0.20173014112384458,0.0,0.0,0.06485870995063438,0.7875124751806075,0.0,0.10173830039536653,0.3446475729833637,0.0,0.3276619593899067,0.19309612217388963,0.0,cotton
0.0,0.0,0.941747572815534,0.0,0.9411764705882353,0.010638297872340425,0.5185185185185185,0.0,0.0,0.09744103629199759,0.4223413655945619,0.0,0.05861783719714327,0.8079585741719604,0.0,0.0,0.0,0.4471834495841545,0.2509728390603705,0.38195157764450766,0.0,cotton
0.0,0.0,0.6990291262135923,0.32608695652173914,0.34782608695652173,0.0,0.5185185185185185,0.0,0.0,0.011810690516526888,0.9299828120185696,0.0,0.05951460718993074,0.8050206120039687,0.0,0.0,0.0,0.313290046961386,0.4333688242606554,0.0,0.0,cotton
0.0,0.0,0.6116504854368932,0.06521739130434782,0.8695652173913043,0.0,0.5555555555555556,0.0,0.0,0.10839914740915356,0.3573785147826065,0.0,0.0,0.7292376291135008,0.13151254180196098,0.0,0.0,0.39966221634063936,0.3831162737638437,0.056533729048261774,0.0,cotton
0.0,0.0,0.9223300970873787,0.0,0.9411764705882353,0.010638297872340425,0.48148148148148145,0.0,0.0,0.08553439464989838,0.492927379588902,0.0,0.05632787136469359,0.8154608691147456,0.0,0.0,0.9766414844146251,0.003318046484788217,0.4409720105709738,0.0,0.0,cotton
0.0,0.0,0.6310679611650486,0.30434782608695654,0.391304347826087,0.0,0.25925925925925924,0.4166666666666667,0.0,0.016932466315586668,0.8996194443204915,0.0,0.03859503691795462,0.8735564757416358,0.0,0.17707619707726333,0.0,0.0,0.2952006248984279,0.2730357548653238,0.0,cotton
0.0,0.0,0.7184466019417476,0.2608695652173913,0.4782608695652174,0.0,0.37037037037037035,0.16666666666666666,0.0,0.17856521400935887,0.0,0.0,0.0018461205101402856,0.9939518134416088,0.0,0.09931204450023672,0.3602764235072826,0.0,0.08430185304729468,0.7923973467702935,0.0,cotton
0.0,0.0,0.7766990291262136,0.0,1.0,0.0,0.6296296296296297,0.0,0.0,0.1577009950294007,0.06510290838785124,0.0,0.02654360092467158,0.913038910817528,0.0,0.1302912693119545,0.16072217413849837,0.0,0.0,0.8338177872366556,0.023985850546211645,cotton
0.0,0.0,0.9611650485436893,0.32608695652173914,0.34782608695652173,0.0,0.2962962962962963,0.3333333333333333,0.0,0.1701675490107841,0.0,0.0,0.0009236726908500545,0.996973900283071,0.0,0.0,0.0,0.3341194076728568,0.06421901825244167,0.8418535525009829,0.0,cotton
0.0,0.0,0.941747572815534,0.0,0.7058823529411765,0.05319148936170213,0.5185185185185185,0.0,0.0,0.10673970787090516,0.36721615212741465,0.0,0.0,0.6363426842798402,0.17663273437387794,0.0,0.46605646152638125,0.07584597892928704,0.3200536734468671,0.2118323692575592,0.0,cotton
0.0,0.0,0.7281553398058253,0.0,0.8235294117647058,0.031914893617021274,0.6296296296296297,0.0,0.0,0.00813242293663226,0.9517886456594647,0.0,0.0,0.8846225726940414,0.05604020485526847,0.08545477038092013,0.44953875824884604,0.0,0.24086092867044373,0.4068532773140525,0.0,cotton
0.0,0.0,0.6601941747572816,0.0,0.7058823529411765,0.05319148936170213,0.6296296296296297,0.0,0.0,0.0,0.875427333224032,0.02041865391345806,0.0,0.8410767478982223,0.0771909359742601,0.0,0.0,0.24138460559995095,0.2776178041412275,0.3163353990428879,0.0,cotton
0.0,0.0,0.0,0.13043478260869565,0.7391304347826086,0.0,0.6296296296296297,0.0,0.0,0.004046147101195676,0.9760132701988498,0.0,0.006441401844678807,0.9788969355791283,0.0,0.21367641342898194,0.0,0.0,0.0,0.8459875789854872,0.02222932798454805,cotton
0.0,0.0,0.8640776699029126,0.10869565217391304,0.782608695652174,0.0,0.25925925925925924,0.4166666666666667,0.0,0.06917176017618595,0.5899298073651789,0.0,0.0,0.8707344778454091,0.06278581964786455,0.0,0.33330437442832445,0.09470323868682894,0.45637327094964797,0.0,0.0,cotton
0.0,0.0,0.6699029126213593,0.043478260869565216,0.9130434782608695,0.0,0.2962962962962963,0.3333333333333333,0.0,0.15261502018063564,0.09525403770213692,0.0,0.06045067652335039,0.8019538988999141,0.0,0.0,0.0,0.15907210016590473,0.056524554115397044,0.8608020229353769,0.0,cotton
0.0,0.0,0.8155339805825242,0.0,0.8823529411764706,0.02127659574468085,0.48148148148148145,0.0,0.0,0.12434295446555632,0.2628590170237163,0.0,0.05658725945715703,0.8146110721672403,0.0,0.0,0.0,0.4421151365942705,0.19763759889231552,0.5132955157584179,0.0,cotton
0.0,0.0,0.6893203883495146,0.0,0.47058823529411764,0.09574468085106383,0.5555555555555556,0.0,0.0,0.16935750995690416,0.0,0.0,0.05611200128768563,0.8161680940715926,0.0,0.0,0.7315322320417178,0.03813549411978258,0.0,0.9014151904022865,0.01422920341363434,cotton
0.0,0.0,0.7669902912621359,0.0,0.7058823529411765,0.05319148936170213,0.5555555555555556,0.0,0.0,0.05283293298564485,0.6867910986838709,0.0,0.04143819192872003,0.8642418444241886,0.0,0.0,0.0,0.44274215610871315,0.12883017149853726,0.6827414291340689,0.0,cotton
0.0,0.0,0.6116504854368932,0.0,0.9411764705882353,0.010638297872340425,0.48148148148148145,0.0,0.0,0.12752637670665457,0.24398676961639135,0.0,0.0,0.7916096303679326,0.10121771022920928,0.0,0.0,0.42121488734222806,0.018298357682516773,0.9549382668669752,0.0,cotton
0.0,0.0,0.8932038834951457,0.17391304347826086,0.6521739130434783,0.0,0.5925925925925926,0.0,0.0,0.002880984131129731,0.9829206931467249,0.0,0.039607117154551445,0.8702407387410576,0.0,0.0,0.3841439204797641,0.0874815478885564,0.2181025183645178,0.4628983841772419,0.0,cotton
0.0,0.0,0.7864077669902912,0.15217391304347827,0.6956521739130435,0.0,0.3333333333333333,0.25,0.0,0.20950972774685356,0.0,0.0,0.0,0.7513730500496194,0.12076110148315246,0.0,0.46520934110156764,0.07596631127392905,0.3724133843616648,0.0828907800121344,0.0,cotton
0.0,0.0,0.7766990291262136,0.17391304347826086,0.6521739130434783,0.0,0.25925925925925924,0.4166666666666667,0.0,0.0542624580329301,0.6783164609122795,0.0,0.02961674560023256,0.9029707965115409,0.0,0.0,0.0,0.4030728502302644,0.34231631043104943,0.1570081591276447,0.0,cotton
0.0,0.0,0.8640776699029126,0.30434782608695654,0.391304347826087,0.0,0.4074074074074074,0.08333333333333333,0.0,0.0,0.9151931082839615,0.01390066229006799,0.0,0.6100091962376285,0.1894232264042293,0.0,0.6200529153934219,0.05397098475186133,0.23887331962601197,0.41174798480020824,0.0,cotton
0.0,0.0,0.8058252427184466,0.06521739130434782,0.8695652173913043,0.0,0.5925925925925926,0.0,0.0,0.18709503172725153,0.0,0.0,0.07646673896569281,0.7494827124036603,0.0,0.0,0.0,0.29399235928984235,0.30825591384871864,0.2408856593835518,0.0,cotton
0.0,0.0,0.6310679611650486,0.13043478260869565,0.7391304347826086,0.0,0.5925925925925926,0.0,0.0,0.1158046445373687,0.3134765867965484,0.0,0.044534940432740165,0.8540964001945974,0.0,0.0,0.0,0.24762472164676744,0.2674805699867742,0.3412994612882887,0.0,cotton
0.0,0.0,0.912621359223301,0.0,0.7058823529411765,0.05319148936170213,0.4444444444444444,0.0,0.0,0.21406536513585434,0.0,0.0,0.0,0.8558601219415704,0.07001047330330488,0.0,0.0,0.38107842768509315,0.035243774177847215,0.9132083013045406,0.0,cotton
0.0,0.0,0.7475728155339806,0.2391304347826087,0.5217391304347826,0.0,0.5555555555555556,0.0,0.0,0.07585924938994522,0.5502844378799353,0.0,0.005113359264900073,0.9832478158363325,0.0,0.021107186480505708,0.8640369867224347,0.0,0.34045196965732455,0.16159930483985677,0.0,cotton
0.0,0.0,0.6213592233009708,0.30434782608695654,0.391304347826087,0.0,0.5185185185185185,0.0,0.0,0.1594872960509122,0.05451319949322077,0.0,0.0,0.7663225735538259,0.11349993801967212,0.0,0.0,0.34538958364374,0.026099231378512527,0.9357277511041724,0.0,cotton
0.0,0.0,0.6699029126213593,0.10869565217391304,0.782608695652174,0.0,0.4444444444444444,0.0,0.0,0.12880662808523682,0.2363970693095171,0.0,0.027777006488937214,0.9089980765849516,0.0,0.0768324607772668,0.5050798032956376,0.0,0.18373389498159912,0.5475349270791351,0.0,cotton
0.0,0.0,0.7378640776699029,0.2826086956521739,0.43478260869565216,0.0,0.4444444444444444,0.0,0.0,0.20816189580708358,0.0,0.0,0.02854249767626536,0.9064902048158365,0.0,0.02065386483779896,0.8669570810980289,0.0,0.26690638887430945,0.34271344589329134,0.0,cotton
0.0,0.0,0.6310679611650486,0.0,0.8823529411764706,0.02127659574468085,0.4074074074074074,0.08333333333333333,0.0,0.1526590414760263,0.0949930667360244,0.0,0.06589025749734648,0.7841329601532319,0.0,0.0,0.019983935383976758,0.13920999587281688,0.04514886078662756,0.8888159281108077,0.0,cotton
0.0,0.0,0.7087378640776699,0.2608695652173913,0.4782608695652174,0.0,0.5185185185185185,0.0,0.0,0.06264465652494267,0.6286243648666121,0.0,0.07665348487269302,0.748870902893745,0.0,0.0,0.0,0.3821074439873489,0.4150594395198239,0.0,0.0,cotton
0.0,0.0,0.6796116504854369,0.0,0.5882352941176471,0.07446808510638298,0.6296296296296297,0.0,0.0,0.1108931463344055,0.3425933681114192,0.0,0.07095220228580577,0.7675492180515032,0.0,0.0,0.0,0.32222338225784686,0.2441979906525521,0.3986353924581998,0.0,cotton
0.0,0.0,0.8058252427184466,0.0,0.47058823529411764,0.09574468085106383,0.6296296296296297,0.0,0.0,0.19555061414853733,0.0,0.0,0.0,0.6424347435848164,0.17367374785967887,0.0,0.0,0.2459603389296274,0.39527985860676235,0.026579553725948547,0.0,cotton
0.0,0.0,0.5048543689320388,0.08695652173913043,0.8260869565217391,0.0,0.0,0.6470588235294118,0.03468208092485549,0.004412059176977783,0.973844037624441,0.0,0.12421089219445755,0.5930652173301433,0.0,0.1446842509864958,0.06800905198331256,0.0,0.0,0.0,0.27992869067401716,jute
0.0,0.5132275132275133,0.22330097087378642,0.30434782608695654,0.391304347826087,0.0,0.0,0.5882352941176471,0.04046242774566474,0.0,0.6650793548780182,0.05489670341180439,0.0,0.7394899975933938,0.12653284305775755,0.13408244272051706,0.13630113815807465,0.0,0.0,0.0,0.32588032272277967,jute
0.0,0.4497354497354497,0.2524271844660194,0.21739130434782608,0.5652173913043478,0.0,0.0,0.23529411764705882,0.07514450867052024,0.017938052760581694,0.8936580371485507,0.0,0.0,0.32311506902390313,0.32877115637839943,0.0,0.0,0.1985411063593459,0.0,0.0,0.4995634606676468,jute
0.0,0.0,0.47572815533980584,0.2391304347826087,0.5217391304347826,0.0,0.0,0.5882352941176471,0.04046242774566474,0.0,0.9587184944240563,0.00676643438080668,0.0,0.18823401602099538,0.394284506934682,0.07450815253070783,0.5200519528656393,0.0,0.0,0.0,0.39638694656671003,jute
0.0,0.0,0.5728155339805825,0.21739130434782608,0.5652173913043478,0.0,0.0,0.5294117647058824,0.046242774566473986,0.12010363163938928,0.28799094837170597,0.0,0.1278943388468589,0.5809976559714797,0.0,0.11470931069149906,0.2610941516524194,0.0,0.0,0.0,0.46912181158341454,jute
0.0,0.0,0.6116504854368932,0.34782608695652173,0.30434782608695654,0.0,0.0,0.7647058823529411,0.023121387283236993,0.017186520766872958,0.8981133360833533,0.0,0.12775788010555922,0.5814447166700476,0.0,0.026822672307264213,0.8272203946072791,0.0,0.0,0.0,0.46977743761009005,jute
0.0,0.4497354497354497,0.2524271844660194,0.30434782608695654,0.391304347826087,0.0,0.0,0.35294117647058826,0.06358381502890173,0.13001258037428182,0.2292478354860972,0.0,0.0,0.5131446156656677,0.2364715188234866,0.0,0.5248417858497403,0.06749560075498297,0.0,0.0,0.4461482457646876,jute
0.0,0.30158730158730157,0.32038834951456313,0.17391304347826086,0.6521739130434783,0.0,0.0,0.5294117647058824,0.046242774566473986,0.07411020642080379,0.5606532702684066,0.0,0.0,0.12082163805828676,0.4270275101288248,0.08498636326539825,0.45255602646343385,0.0,0.0,0.0,0.364516027825146,jute
0.0,0.36507936507936506,0.2912621359223301,0.0,0.7647058823529411,0.0425531914893617,0.0,0.29411764705882354,0.06936416184971098,0.0,0.7687030433839883,0.037911787799099796,0.0804460495262922,0.7364458534813504,0.0,0.0,0.0,0.23555308198202085,0.0,0.0,0.42908267773673425,jute
0.0,0.21693121693121692,0.3592233009708738,0.2391304347826087,0.5217391304347826,0.0,0.0,0.5294117647058824,0.046242774566473986,0.027440825349047144,0.8373228538889163,0.0,0.0,0.7206101771804064,0.13570299902569058,0.01328130176813703,0.9144478203993532,0.0,0.0,0.0,0.36560612052556424,jute
0.0,0.0,0.5048543689320388,0.0,0.8823529411764706,0.02127659574468085,0.0,0.29411764705882354,0.06936416184971098,0.04243512233111653,0.748432326364394,0.0,0.12921568763684052,0.5766687056420637,0.0,0.0,0.0,0.2548941930227877,0.0,0.0,0.2718914298302833,jute
0.0,0.21693121693121692,0.3592233009708738,0.10869565217391304,0.782608695652174,0.0,0.0,0.23529411764705882,0.07514450867052024,0.0,0.946453596816271,0.008776768638061904,0.0,0.16696371162569978,0.40461574973909425,0.1369781316556377,0.11764841087501726,0.0,0.0,0.0,0.46422292118163,jute
0.0,0.0,0.5048543689320388,0.21739130434782608,0.5652173913043478,0.0,0.0,0.6470588235294118,0.03468208092485549,0.14727520253002663,0.12691002053447642,0.0,0.08744104944389813,0.7135291130815609,0.0,0.027494954858905383,0.8228898524206413,0.0,0.0,0.0,0.5153290892830025,jute
0.0,0.5132275132275133,0.22330097087378642,0.0,0.7647058823529411,0.0425531914893617,0.0,0.5294117647058824,0.046242774566473986,0.03599218003722152,0.7866279510075003,0.0,0.0,0.1046730865330174,0.4348710559308312,0.0,0.0,0.17171694693663592,0.0,0.0,0.277997182576879,jute
0.0,0.36507936507936506,0.2912621359223301,0.17391304347826086,0.6521739130434783,0.0,0.0,0.6470588235294118,0.03468208092485549,0.022802464626513756,0.8648203972527743,0.0,0.14483929642884957,0.5254832601793448,0.0,0.0,0.0,0.24907353906464783,0.0,0.0,0.495830402625388,jute
0.0,0.30158730158730157,0.32038834951456313,0.2826086956521739,0.43478260869565216,0.0,0.0,0.8235294117647058,0.017341040462427744,0.07162281453532211,0.5753992484976684,0.0,0.018191140366636646,0.9404029097542828,0.0,0.0,0.0,0.16780941463931923,0.0,0.0,0.3407198553538958,jute
0.0,0.21693121693121692,0.3592233009708738,0.043478260869565216,0.9130434782608695,0.0,0.0,0.6470588235294118,0.03468208092485549,0.1362061805470064,0.19253038302481637,0.0,0.13625652709454544,0.553601787564952,0.0,0.0,0.0,0.3028362869123633,0.0,0.0,0.3418359308478678,jute
0.0,0.0,0.5145631067961165,0.2391304347826087,0.5217391304347826,0.0,0.0,0.5882352941176471,0.04046242774566474,0.0,0.956801435605931,0.0070806586930263,0.0,0.8534587479125345,0.07117684956652687,0.0,0.5959492715014718,0.05739487573474324,0.0,0.0,0.4766857781075038,jute
0.0,0.047619047619047616,0.4368932038834951,0.34782608695652173,0.30434782608695654,0.0,0.0,0.29411764705882354,0.06936416184971098,0.0,0.5383433317235158,0.07566995216799956,0.034171488601934294,0.8880487287220846,0.0,0.06370397518433092,0.5896476097455998,0.0,0.0,0.0,0.36806213248784636,jute
0.0,0.23809523809523808,0.34951456310679613,0.13043478260869565,0.7391304347826086,0.0,0.0,0.7058823529411765,0.028901734104046242,0.11292074500969716,0.3305731769633963,0.0,0.08813233837878609,0.711264339779391,0.0,0.0,0.36292717319163875,0.09049535899743018,0.0,0.0,0.424221682202245,jute
0.0,0.0,0.46601941747572817,0.0,0.8823529411764706,0.02127659574468085,0.0,0.6470588235294118,0.03468208092485549,0.041610644611909275,0.7533200686493566,0.0,0.10014755831579268,0.6719005543060388,0.0,0.0,0.6731389816022417,0.04643017871341198,0.0,0.0,0.2898068220086268,jute
0.0,0.06878306878306878,0.42718446601941745,0.0,0.7058823529411765,0.05319148936170213,0.0,0.7647058823529411,0.023121387283236993,0.13132017805318755,0.2214960184047918,0.0,0.11882510831032497,0.610709908191595,0.0,0.0,0.0,0.19160468223679364,0.0,0.0,0.39235622070646486,jute
0.0,0.005291005291005291,0.4563106796116505,0.0,0.7647058823529411,0.0425531914893617,0.0,0.6470588235294118,0.03468208092485549,0.0,0.5693005020274934,0.07059577528043498,0.010358575073518712,0.9660636485106914,0.0,0.0,0.0,0.15146170585494326,0.0,0.0,0.3840793746957662,jute
0.0,0.08994708994708994,0.4174757281553398,0.13043478260869565,0.7391304347826086,0.0,0.0,0.4117647058823529,0.057803468208092484,0.1464282297541894,0.13193112001870785,0.0,0.08269635537532748,0.7290734909981612,0.0,0.0,0.0,0.2721762446917139,0.0,0.0,0.28000994305468935,jute
0.0,0.1746031746031746,0.3786407766990291,0.0,0.8235294117647058,0.031914893617021274,0.0,0.23529411764705882,0.07514450867052024,0.07772762269938135,0.539208180734494,0.0,0.04294164448255279,0.8593162929895322,0.0,0.08506901285009304,0.4520236349676928,0.0,0.0,0.0,0.4423944441990274,jute
0.0,0.1746031746031746,0.3786407766990291,0.0,0.7058823529411765,0.05319148936170213,0.0,0.5882352941176471,0.04046242774566474,0.07178780749752647,0.5744211225164559,0.0,0.0,0.006089909051055091,0.4827540915502876,0.0,0.7471202470612811,0.035921237042895744,0.0,0.0,0.5020036772515675,jute
0.0,0.06878306878306878,0.42718446601941745,0.2391304347826087,0.5217391304347826,0.0,0.0,0.23529411764705882,0.07514450867052024,0.0,0.944565684520087,0.009086215556012762,0.0,0.9694757356635784,0.014826002506827385,0.0,0.9946223240190141,0.000763891815805816,0.0,0.0,0.39097935700592934,jute
0.0,0.1746031746031746,0.3786407766990291,0.15217391304347827,0.6956521739130435,0.0,0.0,0.23529411764705882,0.07514450867052024,0.006601363988065787,0.9608652057524095,0.0,0.0,0.5768919647073123,0.20550866428001757,0.0,0.3664178836730247,0.0899995081545184,0.0,0.0,0.36288654116740615,jute
0.0,0.32275132275132273,0.3106796116504854,0.08695652173913043,0.8260869565217391,0.0,0.0,0.5294117647058824,0.046242774566473986,0.013561443374683239,0.9196038429136703,0.0,0.06392467414111033,0.790572526134589,0.0,0.10098606216683967,0.3494931537218269,0.0,0.0,0.0,0.4367340858730182,jute
0.0,0.047619047619047616,0.4368932038834951,0.2391304347826087,0.5217391304347826,0.0,0.0,0.23529411764705882,0.07514450867052024,0.0,0.7926281022693235,0.03399024136454112,0.0,0.8700225047633247,0.06313163354147514,0.0,0.5134589375739297,0.06911251941449224,0.0,0.0,0.4185532361947809,jute
0.0,0.32275132275132273,0.3106796116504854,0.0,0.6470588235294118,0.06382978723404255,0.0,0.8235294117647058,0.017341040462427744,0.07698120725641328,0.5436331472772552,0.0,0.02914343743897046,0.9045214298765886,0.0,0.08157773264169718,0.4745128936743536,0.0,0.0,0.0,0.44854933719542456,jute
0.0,0.06878306878306878,0.42718446601941745,0.32608695652173914,0.34782608695652173,0.0,0.0,0.6470588235294118,0.03468208092485549,0.10929134281453935,0.35208932247605573,0.0,0.0,0.20742396689736523,0.3849637168686795,0.03088984781977474,0.8010214770622816,0.0,0.0,0.0,0.27221911839131735,jute
0.0,0.36507936507936506,0.2912621359223301,0.0,0.47058823529411764,0.09574468085106383,0.0,0.6470588235294118,0.03468208092485549,0.04770536514621625,0.7171888032717973,0.0,0.0293403604798934,0.9038762784454628,0.0,0.0,0.0,0.20999658790743964,0.0,0.0,0.3309749788072738,jute
0.0,0.25925925925925924,0.33980582524271846,0.0,1.0,0.0,0.0,0.5294117647058824,0.046242774566473986,0.1426015339109694,0.15461687931682566,0.0,0.09625562026521675,0.6846511668875522,0.0,0.0,0.0,0.28411974726959804,0.0,0.0,0.5135636172506386,jute
0.0,0.4074074074074074,0.27184466019417475,0.2608695652173913,0.4782608695652174,0.0,0.0,0.23529411764705882,0.07514450867052024,0.11510384461685726,0.3176311313342416,0.0,0.14472737151527731,0.5258499441277104,0.0,0.0,0.31215832145879546,0.09770700776052048,0.0,0.0,0.43985766195533166,jute
0.0,0.13227513227513227,0.39805825242718446,0.021739130434782608,0.9565217391304348,0.0,0.0,0.35294117647058826,0.06358381502890173,0.02829046371546493,0.8322859520130721,0.0,0.0,0.44571881062043994,0.26922104371318584,0.02623154668185286,0.8310281603334569,0.0,0.0,0.0,0.3176562052139009,jute
0.0,0.15343915343915343,0.3883495145631068,0.0,0.9411764705882353,0.010638297872340425,0.0,0.47058823529411764,0.05202312138728324,0.10183037683899088,0.39632008582575473,0.0,0.0,0.6843537965472635,0.15331315939617568,0.1122323047510031,0.2770499111700277,0.0,0.0,0.0,0.3576736568673398,jute
0.0,0.0,0.5048543689320388,0.0,0.9411764705882353,0.010638297872340425,0.0,0.4117647058823529,0.057803468208092484,0.14930856701308035,0.11485564801108203,0.0,0.0,0.89676171485168,0.050144077430990565,0.09715335217211007,0.37418174973076274,0.0,0.0,0.0,0.4997291525862089,jute
0.0,0.4708994708994709,0.24271844660194175,0.043478260869565216,0.9130434782608695,0.0,0.0,0.7058823529411765,0.028901734104046242,0.0823493489681491,0.5118092512217608,0.0,0.0,0.748861445825734,0.12198101787848559,0.0,0.0,0.3003388035891705,0.0,0.0,0.3498850802004097,jute
0.0,0.0,0.5145631067961165,0.06521739130434782,0.8695652173913043,0.0,0.0,0.23529411764705882,0.07514450867052024,0.09145258702930334,0.4578426241498171,0.0,0.13833274200389042,0.546799774891317,0.0,0.0,0.831267617469119,0.023968213505701805,0.0,0.0,0.28853000912330173,jute
0.0,0.3862433862433862,0.2815533980582524,0.08695652173913043,0.8260869565217391,0.0,0.0,0.7647058823529411,0.023121387283236993,0.0443735927434177,0.7369405133273317,0.0,0.0911036958577105,0.7015296966369233,0.0,0.0,0.7041384403062462,0.04202674628607229,0.0,0.0,0.3962116249363757,jute
0.0,0.08994708994708994,0.4174757281553398,0.0,0.9411764705882353,0.010638297872340425,0.0,0.5882352941176471,0.04046242774566474,0.0,0.7230950781761667,0.045387370375736084,0.05461341695834398,0.8210776964228774,0.0,0.0,0.0,0.2110091126853951,0.0,0.0,0.5024365518195096,jute
0.0,0.0,0.5048543689320388,0.0,0.9411764705882353,0.010638297872340425,0.0,0.23529411764705882,0.07514450867052024,0.042057428237653356,0.750671406145926,0.0,0.05226782877277046,0.8287622191057596,0.0,0.0,0.0,0.2229064970571632,0.0,0.0,0.49880267121712435,jute
0.0,0.15343915343915343,0.3883495145631068,0.0,1.0,0.0,0.0,0.29411764705882354,0.06936416184971098,0.13968023622495906,0.17193517657852148,0.0,0.0,0.7648231632389328,0.11422821965301003,0.0,0.0,0.1992248490707584,0.0,0.0,0.35027535476939087,jute
0.0,0.0,0.5533980582524272,0.30434782608695654,0.391304347826087,0.0,0.0,0.47058823529411764,0.05202312138728324,0.04979672574980191,0.7047906129785786,0.0,0.0,0.30478829391929824,0.33767269158489166,0.0,0.9227965473472812,0.010966649132800836,0.0,0.0,0.41383686209200415,jute
0.0,0.19576719576719576,0.36893203883495146,0.21739130434782608,0.5652173913043478,0.0,0.0,0.8235294117647058,0.017341040462427744,0.037457015365813036,0.7779439836797378,0.0,0.027881382218776507,0.9086561249719508,0.0,0.0,0.13399501036759986,0.12301487229171094,0.0,0.0,0.35236399727778034,jute
0.0,0.5132275132275133,0.22330097087378642,0.0,0.7647058823529411,0.0425531914893617,0.0,0.7647058823529411,0.023121387283236993,0.0,0.8213681085292612,0.029279478911750013,0.0,0.9980391473044233,0.0009524097504767893,0.0,0.0,0.2015199053860686,0.0,0.0,0.27377083095071514,jute
0.0,0.4708994708994709,0.24271844660194175,0.0,0.7058823529411765,0.05319148936170213,0.0,0.8235294117647058,0.017341040462427744,0.0,0.871896759941283,0.020997348709373434,0.0,0.8749897548975313,0.06071898037709036,0.06495500104202592,0.5815890631715476,0.0,0.0,0.0,0.336198864003664,jute
0.0,0.005291005291005291,0.4563106796116505,0.2391304347826087,0.5217391304347826,0.0,0.0,0.4117647058823529,0.057803468208092484,0.0,0.7690270098778635,0.037858686586055276,0.10746052887964543,0.647942091127032,0.0,0.0,0.43997181633644133,0.07955126854681813,0.0,0.0,0.4507883549067205,jute
0.0,0.0,0.6116504854368932,0.0,0.7058823529411765,0.05319148936170213,0.0,0.5294117647058824,0.046242774566473986,0.0,0.7332530089478668,0.04372238817480738,0.0,0.7003619531131116,0.1455378051154254,0.0,0.0,0.28725215969140183,0.0,0.0,0.39905258824741224,jute
0.0,0.19576719576719576,0.36893203883495146,0.0,0.7058823529411765,0.05319148936170213,0.0,0.29411764705882354,0.06936416184971098,0.01932029711106637,0.8854636930169584,0.0,0.10159596482004307,0.6671553425487478,0.0,0.10806012128051727,0.303925242807336,0.0,0.0,0.0,0.35924546245979494,jute
0.0,0.13227513227513227,0.39805825242718446,0.10869565217391304,0.782608695652174,0.0,0.0,0.4117647058823529,0.057803468208092484,0.14926934986192975,0.11508813862120905,0.0,0.030409204500999088,0.9003745741927014,0.0,0.0,0.0,0.19098556746327722,0.0,0.0,0.2971024021079975,jute
0.0,0.047619047619047616,0.4368932038834951,0.06521739130434782,0.8695652173913043,0.0,0.0,0.7647058823529411,0.023121387283236993,0.0,0.9342460506266594,0.010777702448257247,0.0,0.8632391654701915,0.06642638306455055,0.024986701026032503,0.8390468968233791,0.0,0.0,0.0,0.4829545378430832,jute
0.0,0.0,0.6116504854368932,0.0,0.5882352941176471,0.07446808510638298,0.0,0.47058823529411764,0.05202312138728324,0.14455716342917482,0.14302334213907825,0.0,0.0,0.2180560422531445,0.3797995899255946,0.0,0.531235534216046,0.06658737719026621,0.0,0.0,0.32281066860796653,jute
0.0,0.0,0.49514563106796117,0.021739130434782608,0.9565217391304348,0.0,0.0,0.5294117647058824,0.046242774566473986,0.0,0.9887081932497399,0.0018508353401943097,0.007877907741207972,0.9741907121193297,0.0,0.0,0.0,0.17856669070035358,0.0,0.0,0.42903202785839845,jute
0.0,0.36507936507936506,0.2912621359223301,0.21739130434782608,0.5652173913043478,0.0,0.0,0.5294117647058824,0.046242774566473986,0.0,0.9155905789581671,0.013835513037447839,0.0,0.22501459320611414,0.376419737990899,0.0,0.0,0.25871400964704305,0.0,0.0,0.2835245183276802,jute
0.0,0.25925925925925924,0.33980582524271846,0.1956521739130435,0.6086956521739131,0.0,0.0,0.35294117647058826,0.06358381502890173,0.0,0.6729691489423066,0.05360349055366688,0.0,0.9545043455280902,0.022097786856256803,0.024748966658124524,0.8405782748234862,0.0,0.0,0.0,0.4242863095225319,jute
0.0,0.0,0.5048543689320388,0.2391304347826087,0.5217391304347826,0.0,0.0,0.35294117647058826,0.06358381502890173,0.0,0.7817630038402815,0.03577113512157403,0.11328475305055445,0.6288609996435338,0.0,0.0,0.0,0.19914410567206722,0.0,0.0,0.4668973933301194,jute
0.0,0.0,0.5048543689320388,0.0,0.6470588235294118,0.06382978723404255,0.0,0.35294117647058826,0.06358381502890173,0.0,0.5556953504107903,0.0728257900139333,0.1098566591576433,0.6400919844520134,0.0,0.0,0.0,0.16345711402837498,0.0,0.0,0.4043137732965343,jute
0.0,0.49206349206349204,0.23300970873786409,0.21739130434782608,0.5652173913043478,0.0,0.0,0.29411764705882354,0.06936416184971098,0.07327061812381458,0.5656305924270935,0.0,0.0,0.8269188333832661,0.08406760542570786,0.0,0.7736255763954006,0.03215618979476097,0.0,0.0,0.3193709699284044,jute
0.0,0.1111111111111111,0.4077669902912621,0.13043478260869565,0.7391304347826086,0.0,0.0,0.35294117647058826,0.06358381502890173,0.0,0.9593920943061297,0.006656024904762161,0.019902130608773883,0.9347974316031047,0.0,0.0,0.0,0.21253541513960902,0.0,0.0,0.4531630825774836,jute
0.0,0.005291005291005291,0.4563106796116505,0.2391304347826087,0.5217391304347826,0.0,0.0,0.35294117647058826,0.06358381502890173,0.0350036942709606,0.7924879804119124,0.0,0.0,0.17069781039638232,0.4028020530312977,0.0,0.0,0.22883548579453414,0.0,0.0,0.3659888292781736,jute
0.0,0.0,0.5922330097087378,0.17391304347826086,0.6521739130434783,0.0,0.0,0.8235294117647058,0.017341040462427744,0.011377444704540461,0.9325512184481152,0.0,0.060902408339131055,0.8004739530994124,0.0,0.0,0.0,0.25495593894672797,0.0,0.0,0.46034911175700377,jute
0.0,0.19576719576719576,0.36893203883495146,0.32608695652173914,0.34782608695652173,0.0,0.0,0.29411764705882354,0.06936416184971098,0.13819117925724603,0.18076273678573632,0.0,0.09358998728432973,0.6933842075942935,0.0,0.0,0.6223484289919831,0.053644910057660374,0.0,0.0,0.2890490199043257,jute
0.0,0.0,0.5048543689320388,0.0,0.5882352941176471,0.07446808510638298,0.0,0.8235294117647058,0.017341040462427744,0.09611722626581937,0.43018929415766505,0.0,0.0,0.8293106671445998,0.08290586298531319,0.11238820589066956,0.2760456660641233,0.0,0.0,0.0,0.3544068815952212,jute
0.0,0.0,0.5242718446601942,0.21739130434782608,0.5652173913043478,0.0,0.0,0.7058823529411765,0.028901734104046242,0.06636424642269313,0.6065735605787347,0.0,0.0,0.7115594613505339,0.14009904061749923,0.10015253654572075,0.3548623513264461,0.0,0.0,0.0,0.47799502223217016,jute
0.0,0.15343915343915343,0.3883495145631068,0.06521739130434782,0.8695652173913043,0.0,0.0,0.7647058823529411,0.023121387283236993,0.0,0.909429481445212,0.014845375964042647,0.0,0.6172593216222324,0.1859017532593813,0.0,0.0,0.2663896296089566,0.0,0.0,0.29442155417226407,jute
0.0,0.3862433862433862,0.2815533980582524,0.0,0.5882352941176471,0.07446808510638298,0.0,0.8235294117647058,0.017341040462427744,0.12128467547196764,0.28098937907952665,0.0,0.015258066901115044,0.9500121283353568,0.0,0.0,0.0,0.2554308145627264,0.0,0.0,0.44376621001901023,jute
0.0,0.4708994708994709,0.24271844660194175,0.0,0.5294117647058824,0.0851063829787234,0.0,0.47058823529411764,0.05202312138728324,0.08190639053345036,0.5144352368867702,0.0,0.08424801762328932,0.7239899968818574,0.0,0.0,0.0,0.21370816861158273,0.0,0.0,0.47927883783014963,jute
0.0,0.047619047619047616,0.4368932038834951,0.34782608695652173,0.30434782608695654,0.0,0.0,0.8235294117647058,0.017341040462427744,0.006249643156432168,0.9629503085286626,0.0,0.0,0.31429651518641916,0.33305443409674645,0.0,0.0,0.24900842537805748,0.0,0.0,0.4008945108143689,jute
0.0,0.49206349206349204,0.23300970873786409,0.21739130434782608,0.5652173913043478,0.0,0.0,0.8235294117647058,0.017341040462427744,0.03737587672021668,0.7784249970289006,0.0,0.015065540440039571,0.9506428758665256,0.0,0.0,0.16180619902561713,0.11906432944033675,0.0,0.0,0.49530317161015985,jute
0.0,0.0,0.6019417475728155,0.0,0.6470588235294118,0.06382978723404255,0.0,0.6470588235294118,0.03468208092485549,0.04724512538551309,0.7199172376335807,0.0,0.0,0.8290697384482526,0.08302288495238311,0.023542056579888126,0.8483526473644992,0.0,0.0,0.0,0.3018962169634984,jute
0.0,0.30158730158730157,0.32038834951456313,0.1956521739130435,0.6086956521739131,0.0,0.0,0.35294117647058826,0.06358381502890173,0.14490793273261204,0.1409438802970707,0.0,0.057477760185633074,0.8116936491135323,0.0,0.0,0.8329361983348489,0.023731193783455996,0.0,0.0,0.30562678055938886,jute
0.0,0.0,0.5145631067961165,0.0,0.5294117647058824,0.0851063829787234,0.0,0.8235294117647058,0.017341040462427744,0.08032890881356876,0.5237870045894006,0.0,0.0,0.008889147069451956,0.4813944679596729,0.0,0.0,0.1917874465363761,0.0,0.0,0.39425403291284566,jute
0.0,0.23809523809523808,0.34951456310679613,0.17391304347826086,0.6521739130434783,0.0,0.0,0.4117647058823529,0.057803468208092484,0.0,0.6675902926432055,0.05448513664878571,0.03723316474640719,0.8780181871613167,0.0,0.039155421638458476,0.7477783636850283,0.0,0.0,0.0,0.29434694022965396,jute
0.0,0.36507936507936506,0.2912621359223301,0.10869565217391304,0.782608695652174,0.0,0.0,0.29411764705882354,0.06936416184971098,0.0,0.5861574449670843,0.06783276078591972,0.034270396395185324,0.8877246909453658,0.0,0.0,0.0,0.19039165407276526,0.0,0.0,0.2899093407596559,jute
0.0,0.005291005291005291,0.4563106796116505,0.30434782608695654,0.391304347826087,0.0,0.0,0.4117647058823529,0.057803468208092484,0.00607793643544288,0.9639682356129732,0.0,0.0,0.9302056277323655,0.033899966492155535,0.0,0.4664452622280176,0.07579075029985498,0.0,0.0,0.36850253016071854,jute
0.0,0.25925925925925924,0.33980582524271846,0.21739130434782608,0.5652173913043478,0.0,0.0,0.7647058823529411,0.023121387283236993,0.08942634112185502,0.4698547956989648,0.0,0.0,0.989539271123696,0.0050809018960784255,0.08125845508494252,0.4765695362651771,0.0,0.0,0.0,0.40253219610512403,jute
0.0,0.2804232804232804,0.3300970873786408,0.0,0.7058823529411765,0.05319148936170213,0.0,0.7058823529411765,0.028901734104046242,0.14368473190832126,0.14819536842416736,0.0,0.0,0.39467300357279167,0.29401460646412947,0.0,0.8667041153881384,0.01893450548073529,0.0,0.0,0.39881711614316623,jute
0.0,0.42857142857142855,0.2621359223300971,0.0,0.8823529411764706,0.02127659574468085,0.0,0.6470588235294118,0.03468208092485549,0.0,0.7823860765593182,0.035669007531772906,0.029638374803742873,0.902899935775624,0.0,0.0,0.13694366020762438,0.12259602045154135,0.0,0.0,0.4346694349213255,jute
0.0,0.4074074074074074,0.27184466019417475,0.0,0.8235294117647058,0.031914893617021274,0.0,0.5882352941176471,0.04046242774566474,0.11016368252126874,0.3469178404916393,0.0,0.14083372207273803,0.538606163503478,0.0,0.0,0.0,0.19929266756562167,0.0,0.0,0.3201950646082728,jute
0.0,0.5132275132275133,0.22330097087378642,0.0,0.5882352941176471,0.07446808510638298,0.0,0.7058823529411765,0.028901734104046242,0.0,0.8177424681749474,0.02987375611176002,0.02045230234873586,0.9329949808399138,0.0,0.12250249080832291,0.21089398628804001,0.0,0.0,0.0,0.3761632439909431,jute
0.0,0.0,0.47572815533980584,0.2608695652173913,0.4782608695652174,0.0,0.0,0.35294117647058826,0.06358381502890173,0.0,0.8153626290084494,0.030263834558084093,0.1394883695455507,0.5430137539216213,0.0,0.0,0.9859480962294822,0.0019960544898470077,0.0,0.0,0.48226193303589127,jute
0.0,0.0,0.5145631067961165,0.021739130434782608,0.9565217391304348,0.0,0.0,0.29411764705882354,0.06936416184971098,0.0,0.5552611394589245,0.07289696135015848,0.10551347196060454,0.654320961532015,0.0,0.05877369859327203,0.6214062367057265,0.0,0.0,0.0,0.3760767616679048,jute
0.0,0.0,0.5242718446601942,0.2826086956521739,0.43478260869565216,0.0,0.0,0.7647058823529411,0.023121387283236993,0.0,0.6879460163416127,0.051148638457707916,0.049834960654236135,0.8367326848321491,0.0,0.0,0.0,0.24565877075563552,0.0,0.0,0.30922706542198286,jute
0.0,0.0,0.4854368932038835,0.06521739130434782,0.8695652173913043,0.0,0.0,0.6470588235294118,0.03468208092485549,0.10629553021618017,0.36984936568122945,0.0,0.0,0.9507061697182452,0.023942606553055915,0.0,0.0,0.20991764106667718,0.0,0.0,0.4685719646144665,jute
0.0,0.25925925925925924,0.33980582524271846,0.21739130434782608,0.5652173913043478,0.0,0.0,0.7647058823529411,0.023121387283236993,0.0,0.6929782227547626,0.05032381160097873,0.0,0.3278021951583988,0.3264945628115913,0.12298320490829578,0.2077974420083138,0.0,0.0,0.0,0.28529546920701715,jute
0.0,0.2804232804232804,0.3300970873786408,0.0,0.8235294117647058,0.031914893617021274,0.0,0.8235294117647058,0.017341040462427744,0.0,0.6487191279373459,0.05757830139387203,0.14371472464060758,0.5291675375253965,0.0,0.0,0.0,0.2524274443442678,0.0,0.0,0.5128708892184835,jute
0.0,0.047619047619047616,0.4368932038834951,0.10869565217391304,0.782608695652174,0.0,0.0,0.47058823529411764,0.05202312138728324,0.13555580983232135,0.19638596865073707,0.0,0.010225026091216092,0.966501176372612,0.0,0.0,0.6858216322102858,0.04462862483838039,0.0,0.0,0.4538311111230734,jute
0.0,0.2804232804232804,0.3300970873786408,0.0,0.9411764705882353,0.010638297872340425,0.0,0.35294117647058826,0.06358381502890173,0.0,0.7040790246112386,0.048504283793350686,0.09833858741023689,0.6778270328080689,0.0,0.0,0.3827065943523723,0.08768571817870414,0.0,0.0,0.4191795901559745,jute
0.0,0.08994708994708994,0.4174757281553398,0.17391304347826086,0.6521739130434783,0.0,0.0,0.35294117647058826,0.06358381502890173,0.10797894516476278,0.3598695951724074,0.0,0.09220259933389482,0.6979295127934957,0.0,0.14055891007669158,0.0945826448879012,0.0,0.0,0.0,0.38183361544982575,jute
0.0,0.15343915343915343,0.3883495145631068,0.0,0.7647058823529411,0.0425531914893617,0.0,0.35294117647058826,0.06358381502890173,0.0059187993065378044,0.9649116465214023,0.0,0.0675566357138462,0.77867363814534,0.0,0.0,0.521629666900483,0.0679518780363603,0.0,0.0,0.48527344804203043,jute
0.0,0.0,0.5631067961165048,0.0,0.6470588235294118,0.06382978723404255,0.0,0.47058823529411764,0.05202312138728324,0.14007244171961408,0.1696100690153199,0.0,0.10299277176923871,0.6625791792005866,0.0,0.0,0.9808147296089355,0.002725242481617277,0.0,0.0,0.44135088438673736,jute
0.0,0.4497354497354497,0.2524271844660194,0.08695652173913043,0.8260869565217391,0.0,0.0,0.8235294117647058,0.017341040462427744,0.0,0.5318437383307436,0.07673529781323557,0.0,0.09423039498917023,0.43994319687748024,0.0,0.0,0.2870968164041957,0.0,0.0,0.4860770539943379,jute
0.0,0.0,0.5436893203883495,0.17391304347826086,0.6521739130434783,0.0,0.0,0.6470588235294118,0.03468208092485549,0.11828162267409835,0.2987923442806169,0.0,0.0,0.4016482341641487,0.290626653028352,0.0,0.0,0.1601938389139839,0.0,0.0,0.2718210114276582,jute
0.0,0.0,0.4854368932038835,0.15217391304347827,0.6956521739130435,0.0,0.0,0.35294117647058826,0.06358381502890173,0.1027750940968007,0.3907195287933939,0.0,0.0,0.33308170015409544,0.32393024370341184,0.0,0.41098780756910674,0.08366840895559216,0.0,0.0,0.40574449121538697,jute
0.0,0.0,0.49514563106796117,0.0,0.9411764705882353,0.010638297872340425,0.0,0.5882352941176471,0.04046242774566474,0.09955358866860554,0.4098175443440942,0.0,0.0,0.19815557888434812,0.3894654844592346,0.0,0.08712040716040843,0.12967334816227716,0.0,0.0,0.293546651532633,jute
0.0,0.0,0.5145631067961165,0.2608695652173913,0.4782608695652174,0.0,0.0,0.7058823529411765,0.028901734104046242,0.04675847356301021,0.7228022503337281,0.0,0.0,0.8719089122383171,0.06221538273048462,0.0,0.1254990847687574,0.12422170737355628,0.0,0.0,0.47091089518792684,jute
0.0,0.0,0.5145631067961165,0.2608695652173913,0.4782608695652174,0.0,0.0,0.35294117647058826,0.06358381502890173,0.06863724398137852,0.5930985739024598,0.0,0.0,0.808631270467456,0.09295009480023639,0.0,0.3094623765312295,0.09808996319950794,0.0,0.0,0.4717938432885076,jute
0.0,0.005291005291005291,0.4563106796116505,0.2826086956521739,0.43478260869565216,0.0,0.0,0.35294117647058826,0.06358381502890173,0.0,0.6707605405297077,0.053965502638455204,0.10047853309438765,0.6708162279058556,0.0,0.0,0.0,0.23832613837428746,0.0,0.0,0.3164313137314334,jute
0.0,0.0,0.5242718446601942,0.6521739130434783,0.0,0.0,0.2222222222222222,0.5,0.0,0.0,0.7519080756160507,0.04066464396904861,0.3489905485555461,0.0,0.0,0.0,0.0,0.23825002653954228,0.0,0.0,0.47516388746202987,coffee
0.0,0.0,0.6796116504854369,0.6521739130434783,0.0,0.0,0.2222222222222222,0.5,0.0,0.0,0.7117101922308383,0.04725346228801663,0.37983657294268025,0.0,0.0,0.0,0.0,0.230773362690294,0.0,0.0,0.2445770511225823,coffee
0.0,0.026455026455026454,0.44660194174757284,0.2826086956521739,0.43478260869565216,0.0,0.0,0.8235294117647058,0.017341040462427744,0.0,0.9630323686714607,0.00605934905010295,0.41661905027245244,0.0,0.0,0.0,0.0,0.21769242555622065,0.0,0.0,0.2055298369917252,coffee
0.0,0.0,0.6893203883495146,0.5869565217391305,0.0,0.0,0.037037037037037035,0.9166666666666666,0.0,0.08766267943631142,0.48031029206469855,0.0,0.3668659699524693,0.0,0.0,0.0,0.9862524781112157,0.0019528174429966712,0.0,0.0,0.25729056922496996,coffee
0.0,0.0,0.7669902912621359,0.5,0.0,0.0,0.0,0.8823529411764706,0.011560693641618497,0.12847835741560337,0.23834315274573561,0.0,0.30322254636226476,0.006594358799439703,0.0,0.000628094519158272,0.9959540972679256,0.0,0.0,0.06997248808488761,0.13423518999851364,coffee
0.0,0.0,0.7669902912621359,0.6086956521739131,0.0,0.0,0.25925925925925924,0.4166666666666667,0.0,0.13034758805432908,0.22726181310440238,0.0,0.42593300366777764,0.0,0.0,0.0,0.10814823848304846,0.12668637231838023,0.0,0.0,0.21846387328448735,coffee
0.0,0.0,0.6990291262135923,0.43478260869565216,0.13043478260869565,0.0,0.18518518518518517,0.5833333333333334,0.0,0.1513844539557565,0.10254919005333904,0.0,0.45408145039957826,0.0,0.0,0.0,0.0,0.15634966647981835,0.0,0.0,0.3418366682339028,coffee
0.0,0.0,0.5048543689320388,0.5652173913043478,0.0,0.0,0.0,0.8823529411764706,0.011560693641618497,0.15022571737819032,0.10941851548853536,0.0,0.2539379891926929,0.16805846397132704,0.0,0.0,0.0,0.21645199917154362,0.0,0.0,0.1718714296970659,coffee
0.0,0.0,0.7864077669902912,0.717391304347826,0.0,0.0,0.0,1.0,0.0,0.0,0.3078145864357988,0.11345582276832045,0.4434442119491497,0.0,0.0,0.0250733361697701,0.8384888321467261,0.0,0.0,0.04857929449083107,0.13732296898352422,coffee
0.0,0.0,0.7184466019417476,0.41304347826086957,0.17391304347826086,0.0,0.0,0.8823529411764706,0.011560693641618497,0.00782544360468846,0.9536085078903009,0.0,0.16796067092838765,0.44973393304088527,0.0,0.011299295138251318,0.9272150167276872,0.0,0.0,0.0,0.3756094332038531,coffee
0.0,0.005291005291005291,0.4563106796116505,0.32608695652173914,0.34782608695652173,0.0,0.14814814814814814,0.6666666666666666,0.0,0.0,0.6164751737897014,0.06286339448516945,0.376371783344633,0.0,0.0,0.10449394207969306,0.32689696717617395,0.0,0.0,0.0,0.2246665859125536,coffee
0.0,0.0,0.46601941747572817,0.391304347826087,0.21739130434782608,0.0,0.25925925925925924,0.4166666666666667,0.0,0.0,0.7943202677931535,0.033712879218497416,0.4223094661546698,0.0,0.0,0.0,0.025709475226583345,0.13839669045198053,0.0,0.0,0.4625936706641588,coffee
0.0,0.0,0.6019417475728155,0.782608695652174,0.0,0.0,0.18518518518518517,0.5833333333333334,0.0,0.0,0.5127429519520301,0.07986609975105748,0.3502806590053741,0.0,0.0,0.0,0.8473478894158082,0.021684031978320976,0.0,0.0,0.3476789277159755,coffee
0.0,0.06878306878306878,0.42718446601941745,0.45652173913043476,0.08695652173913043,0.0,0.037037037037037035,0.9166666666666666,0.0,0.05650690497615625,0.6650107305387413,0.0,0.4309231515461723,0.0,0.0,0.0,0.0,0.17166167671230081,0.0,0.0,0.19770502482154728,coffee
0.0,0.0,0.5631067961165048,0.2608695652173913,0.4782608695652174,0.0,0.1111111111111111,0.75,0.0,0.0,0.4084183395434183,0.09696590350863458,0.36969502999218606,0.0,0.0,0.0,0.0,0.20201129246912933,0.0,0.0,0.26566334071475767,coffee
0.0,0.06878306878306878,0.42718446601941745,0.3695652173913043,0.2608695652173913,0.0,0.07407407407407407,0.8333333333333334,0.0,0.025088862873966163,0.851265967419203,0.0,0.27502334429364783,0.09897946257351954,0.0,0.0,0.5533054348531306,0.06345237676779275,0.0,0.0,0.19708306375665455,coffee
0.0,0.08994708994708994,0.4174757281553398,0.782608695652174,0.0,0.0,0.14814814814814814,0.6666666666666666,0.0,0.14811322700592583,0.12194196915932888,0.0,0.1883586090206062,0.3829070198948534,0.0,0.0,0.44198386874202433,0.0792654591430847,0.0,0.0,0.3290589509075156,coffee
0.0,0.0,0.6504854368932039,0.6739130434782609,0.0,0.0,0.2222222222222222,0.5,0.0,0.0,0.4501636312184912,0.09012345014153599,0.41562310895138266,0.0,0.0,0.0,0.0,0.30431135726658065,0.0,0.0,0.39696309740142705,coffee
0.0,0.0,0.6990291262135923,0.4782608695652174,0.043478260869565216,0.0,0.14814814814814814,0.6666666666666666,0.0,0.13924287368227314,0.17452798817784543,0.0,0.3013986507656244,0.012569732980549381,0.0,0.0,0.39902762770643907,0.0853673368093641,0.0,0.0,0.4875384519834325,coffee
0.0,0.0,0.6116504854368932,0.41304347826086957,0.17391304347826086,0.0,0.2222222222222222,0.5,0.0,0.02170344002045042,0.8713357328575194,0.0,0.34646974702778727,0.0,0.0,0.13065798217814137,0.1583599745937856,0.0,0.0,0.0014059273383795017,0.14413172014566936,coffee
0.0,0.0,0.6116504854368932,0.5869565217391305,0.0,0.0,0.14814814814814814,0.6666666666666666,0.0,0.00019916391369639763,0.9988192987391479,0.0,0.34348562780833447,0.0,0.0,0.0,0.0,0.19276552076336922,0.0,0.0,0.49538252112247466,coffee
0.0,0.026455026455026454,0.44660194174757284,0.6521739130434783,0.0,0.0,0.14814814814814814,0.6666666666666666,0.0,0.0018607265045185908,0.9889690753248845,0.0,0.3017544016127436,0.011404236210504107,0.0,0.0,0.0,0.2968210596907763,0.0,0.0,0.46814764018979355,coffee
0.0,0.0,0.8058252427184466,0.6086956521739131,0.0,0.0,0.14814814814814814,0.6666666666666666,0.0,0.0,0.9748397846848617,0.004124000410393439,0.44072585806787434,0.0,0.0,0.0,0.09194464658721249,0.1289880712827007,0.0,0.0,0.497838731422945,coffee
0.0,0.0,0.6504854368932039,0.5434782608695652,0.0,0.0,0.07407407407407407,0.8333333333333334,0.0,0.07103229291713077,0.578900031376548,0.0,0.2690657827235758,0.11849738873867534,0.0,0.004811995649658425,0.9690032857287563,0.0,0.0,0.0,0.2642714548602318,coffee
0.0,0.0,0.6893203883495146,0.391304347826087,0.21739130434782608,0.0,0.037037037037037035,0.9166666666666666,0.0,0.11362430173871768,0.3264022892678379,0.0,0.2070863477138815,0.3215519475625904,0.0,0.0,0.0,0.27600224699084097,0.0,0.0,0.24443717753397737,coffee
0.0,0.0,0.5242718446601942,0.5652173913043478,0.0,0.0,0.2222222222222222,0.5,0.0,0.06344076010259178,0.6239048326960801,0.0,0.20351084153681,0.33326587863091783,0.0,0.0,0.0,0.30124081498363275,0.0,0.0,0.4204293446067316,coffee
0.0,0.0,0.47572815533980584,0.5434782608695652,0.0,0.0,0.18518518518518517,0.5833333333333334,0.0,0.0,0.4827097054685659,0.08478883667011444,0.41651315540285333,0.0,0.0,0.11775266871547393,0.241490206436687,0.0,0.0,0.0,0.4789592992994562,coffee
0.0,0.0,0.5922330097087378,0.717391304347826,0.0,0.0,0.18518518518518517,0.5833333333333334,0.0,0.0,0.3377593167276308,0.1085475945013575,0.1809276982994563,0.40725187392437123,0.0,0.0,0.8169527419847087,0.02600162278240119,0.0,0.0,0.356263414911709,coffee
0.0,0.0,0.7184466019417476,0.5217391304347826,0.0,0.0,0.037037037037037035,0.9166666666666666,0.0,0.11957716945110229,0.29111196842983256,0.0,0.380539992644251,0.0,0.0,0.13071096795810597,0.1580186640021773,0.0,0.0,0.0,0.47390280171494764,coffee
0.0,0.005291005291005291,0.4563106796116505,0.2608695652173913,0.4782608695652174,0.0,0.0,0.8235294117647058,0.017341040462427744,0.1443717120145504,0.1441227517409987,0.0,0.4279160315328624,0.0,0.0,0.0,0.0,0.1522370211695206,0.0,0.23660473324330872,0.11018438418669461,coffee
0.0,0.0,0.5922330097087378,0.5217391304347826,0.0,0.0,0.18518518518518517,0.5833333333333334,0.0,0.05275452074258139,0.6872559491305859,0.0,0.4407109215970006,0.0,0.0,0.0,0.0,0.2316392466324354,0.0,0.0,0.5045661978026347,coffee
0.0,0.0,0.7864077669902912,0.6521739130434783,0.0,0.0,0.0,0.8823529411764706,0.011560693641618497,0.07233920139390917,0.5711523000847092,0.0,0.23782662176037087,0.2208418848835771,0.0,0.0,0.0,0.23054205827864105,0.0,0.15765698171117912,0.12157927981193087,coffee
0.0,0.0,0.6407766990291263,0.5217391304347826,0.0,0.0,0.037037037037037035,0.9166666666666666,0.0,0.0,0.47306349258207786,0.08636994340566308,0.4361865432677409,0.0,0.0,0.0,0.4655086667992026,0.07592379245139452,0.0,0.0,0.15370029515348385,coffee
0.0,0.047619047619047616,0.4368932038834951,0.5869565217391305,0.0,0.0,0.0,0.9411764705882353,0.005780346820809248,0.0,0.6838505250086034,0.05181992873589287,0.20202436441457228,0.3381358158320332,0.0,0.0,0.22873981773885577,0.10955649674121315,0.0,0.12306390249158947,0.12657225959175816,coffee
0.0,0.0,0.47572815533980584,0.43478260869565216,0.13043478260869565,0.0,0.0,0.8235294117647058,0.017341040462427744,0.0,0.5229840124113092,0.07818749179767008,0.29761627427062287,0.02496140435313208,0.0,0.0,0.8782260899545846,0.017297824114221046,0.0,0.0,0.474162141659991,coffee
0.0,0.0,0.49514563106796117,0.34782608695652173,0.30434782608695654,0.0,0.0,0.8235294117647058,0.017341040462427744,0.0,0.3383741038154306,0.10844682500592058,0.33248782601376087,0.0,0.0,0.0,0.27914712924380186,0.10239620429303503,0.0,0.21525624390798379,0.1132657107984284,coffee
0.0,0.005291005291005291,0.4563106796116505,0.5217391304347826,0.0,0.0,0.1111111111111111,0.75,0.0,0.13567990735272809,0.19565028267181914,0.0,0.41485219981605964,0.0,0.0,0.0,0.0,0.21140675368916723,0.0,0.0,0.3603314155869443,coffee
0.0,0.0,0.8058252427184466,0.2391304347826087,0.5217391304347826,0.0,0.0,0.9411764705882353,0.005780346820809248,0.08109375922105007,0.5192527502472557,0.0,0.3952247603788113,0.0,0.0,0.0,0.3801408707343213,0.08805017585156853,0.0,0.30990281273403386,0.09960493196521915,coffee
0.0,0.0,0.6699029126213593,0.2391304347826087,0.5217391304347826,0.0,0.07407407407407407,0.8333333333333334,0.0,0.1295280730673946,0.23212013487767189,0.0,0.24717366488607884,0.19021947411294202,0.0,0.0,0.2881247501412627,0.10112094502616484,0.0,0.053835825519000055,0.13656426944801656,coffee
0.0,0.0,0.7378640776699029,0.6521739130434783,0.0,0.0,0.0,0.9411764705882353,0.005780346820809248,0.0,0.8569939738477452,0.023440058169366687,0.3721243931703143,0.0,0.0,0.0,0.0,0.2428394383245393,0.0,0.0,0.40273682563927665,coffee
0.0,0.0,0.7766990291262136,0.3695652173913043,0.2608695652173913,0.0,0.25925925925925924,0.4166666666666667,0.0,0.04532466365786278,0.7313022899815256,0.0,0.3579940522470679,0.0,0.0,0.0,0.0,0.22440028739684742,0.0,0.0,0.14505138977624565,coffee
0.0,0.08994708994708994,0.4174757281553398,0.45652173913043476,0.08695652173913043,0.0,0.25925925925925924,0.4166666666666667,0.0,0.0,0.7832477045829357,0.03552777844138167,0.22395693404876152,0.26628120389101584,0.0,0.0,0.0,0.302623351493573,0.0,0.0,0.26269743710967075,coffee
0.0,0.0,0.49514563106796117,0.6521739130434783,0.0,0.0,0.18518518518518517,0.5833333333333334,0.0,0.06966986610878316,0.5869768913888842,0.0,0.21821355729070296,0.28509742629744295,0.0,0.0,0.0,0.22966120672408605,0.0,0.0,0.4259813494060593,coffee
0.0,0.0,0.7378640776699029,0.391304347826087,0.21739130434782608,0.0,0.0,0.8823529411764706,0.011560693641618497,0.0,0.8632967235923369,0.022406977084497594,0.27680444255630493,0.09314429931510469,0.0,0.0,0.7296979403076982,0.03839605285340136,0.0,0.0,0.28773839821293845,coffee
0.0,0.0,0.4854368932038835,0.6086956521739131,0.0,0.0,0.14814814814814814,0.6666666666666666,0.0,0.0,0.7890688077149537,0.034573643852122374,0.2749704895869339,0.09915262306057283,0.0,0.0,0.0,0.1579880840061827,0.0,0.0,0.4854306163278731,coffee
0.0,0.0,0.7378640776699029,0.782608695652174,0.0,0.0,0.1111111111111111,0.75,0.0,0.0,0.4946006764198651,0.08283979257534356,0.2555293512941255,0.1628449067747349,0.0,0.0,0.2896376803606241,0.10090603527397045,0.0,0.0,0.4682373455083856,coffee
0.0,0.0,0.5922330097087378,0.4782608695652174,0.043478260869565216,0.0,0.07407407407407407,0.8333333333333334,0.0,0.0,0.9860441214942761,0.002287502231762582,0.2935948014275058,0.03813639366779372,0.0,0.07090758499915366,0.543245191412691,0.0,0.0,0.0,0.513548328027405,coffee
0.0,0.0,0.5825242718446602,0.4782608695652174,0.043478260869565216,0.0,0.18518518518518517,0.5833333333333334,0.0,0.0,0.2753610783804068,0.11877526375333522,0.3942209950122567,0.0,0.0,0.0,0.0,0.22222889244289168,0.0,0.0,0.22089335800507154,coffee
0.0,0.0,0.46601941747572817,0.34782608695652173,0.30434782608695654,0.0,0.0,1.0,0.0,0.0,0.7804261214589014,0.03599026295575207,0.39548328341187095,0.0,0.0,0.0,0.1396544848772939,0.12221095136471523,0.0,0.0,0.18775556390689488,coffee
0.0,0.047619047619047616,0.4368932038834951,0.4782608695652174,0.043478260869565216,0.0,0.0,0.8235294117647058,0.017341040462427744,0.0,0.6371607702364306,0.059472826989341344,0.4263510939153508,0.0,0.0,0.061011987045316025,0.6069881880091202,0.0,0.0,0.0,0.3008788618478832,coffee
0.0,0.0,0.6407766990291263,0.391304347826087,0.21739130434782608,0.0,0.25925925925925924,0.4166666666666667,0.0,0.0,0.49259848316265137,0.08316797123800661,0.37338024527424496,0.0,0.0,0.0,0.025223915085934134,0.13846566363274393,0.0,0.0,0.21912291475367102,coffee
0.0,0.0,0.7281553398058253,0.7391304347826086,0.0,0.0,0.14814814814814814,0.6666666666666666,0.0,0.0,0.31451626823069956,0.1123573528972829,0.2901621833403622,0.04938220046140057,0.0,0.0,0.2932719796513386,0.10038978782912966,0.0,0.0,0.4996828332552881,coffee
0.0,0.0,0.6019417475728155,0.6956521739130435,0.0,0.0,0.0,0.9411764705882353,0.005780346820809248,0.0,0.3460050014348263,0.10719604775620747,0.3768991053136783,0.0,0.0,0.0518109961156925,0.6662568381954709,0.0,0.0,0.0,0.1756082880757422,coffee
0.0,0.0,0.8058252427184466,0.6739130434782609,0.0,0.0,0.0,0.8823529411764706,0.011560693641618497,0.12097334271966614,0.2828350496448646,0.0,0.4517058155958754,0.0,0.0,0.0,0.0351346315941764,0.13705785935889292,0.0,0.0,0.1743416611328009,coffee
0.0,0.0,0.7475728155339806,0.5217391304347826,0.0,0.0,0.14814814814814814,0.6666666666666666,0.0,0.036020684745618654,0.7864589668551,0.0,0.3404154286842075,0.0,0.0,0.0,0.0,0.2101844820551128,0.0,0.0,0.4811471271026967,coffee
0.0,0.0,0.6116504854368932,0.2391304347826087,0.5217391304347826,0.0,0.0,0.8235294117647058,0.017341040462427744,0.0,0.33656742108039384,0.10874295762034457,0.39359908193867227,0.0,0.0,0.0,0.0,0.15120661172291522,0.0,0.0,0.40722397970915153,coffee
0.0,0.0,0.6893203883495146,0.34782608695652173,0.30434782608695654,0.0,0.25925925925925924,0.4166666666666667,0.0,0.0964203207871568,0.4283924622072445,0.0,0.2924377236125466,0.04192716596516518,0.0,0.0,0.0,0.1558150471931495,0.0,0.0,0.3272594103638878,coffee
0.0,0.0,0.7572815533980582,0.43478260869565216,0.13043478260869565,0.0,0.07407407407407407,0.8333333333333334,0.0,0.08161003421491786,0.5161921228228752,0.0,0.197771520046753,0.352068815329677,0.0,0.0,0.16589469246603972,0.11848356431258318,0.0,0.06327120303391236,0.135202417591813,coffee
0.0,0.0,0.4854368932038835,0.5,0.0,0.0,0.07407407407407407,0.8333333333333334,0.0,0.0,0.9990393089018099,0.00015746647767412165,0.17836663919050696,0.4156423138728531,0.0,0.0,0.7761091535682333,0.031803400916636484,0.0,0.0,0.36314905403252007,coffee
0.0,0.047619047619047616,0.4368932038834951,0.5869565217391305,0.0,0.0,0.2222222222222222,0.5,0.0,0.0766676924281724,0.5454917538196238,0.0,0.4062560912295018,0.0,0.0,0.11492054806024762,0.2597334554175894,0.0,0.0,0.0,0.43959778492618534,coffee
0.0,0.0,0.5533980582524272,0.5434782608695652,0.0,0.0,0.18518518518518517,0.5833333333333334,0.0,0.0,0.7409329791042037,0.042463567466008184,0.4261227155143087,0.0,0.0,0.0,0.0,0.29384665149037686,0.0,0.0,0.40477678152282864,coffee
0.0,0.0,0.4854368932038835,0.5,0.0,0.0,0.0,0.8235294117647058,0.017341040462427744,0.0,0.6754649869461271,0.05319439878624317,0.35204903720983416,0.0,0.0,0.0,0.32978656994018835,0.09520293819784326,0.0,0.0,0.2807859903085344,coffee
0.0,0.0,0.7864077669902912,0.2391304347826087,0.5217391304347826,0.0,0.0,0.8235294117647058,0.017341040462427744,0.0,0.7463183120331816,0.041580859789184486,0.331746706455522,0.0,0.0,0.0,0.0,0.29490488194417874,0.0,0.09213907589925768,0.13103578343391267,coffee
0.0,0.0,0.4854368932038835,0.2826086956521739,0.43478260869565216,0.0,0.1111111111111111,0.75,0.0,0.02352737648615439,0.8605229101688986,0.0,0.3411523822746293,0.0,0.0,0.0,0.5435248333562035,0.06484169837504043,0.0,0.0,0.3008363256706159,coffee
0.0,0.0,0.5339805825242718,0.2391304347826087,0.5217391304347826,0.0,0.07407407407407407,0.8333333333333334,0.0,0.13363492838296054,0.20777350923032792,0.0,0.381864888359016,0.0,0.0,0.13654719852017488,0.12042428854458681,0.0,0.0,0.0,0.37718655759810993,coffee
0.0,0.0,0.5825242718446602,0.6304347826086957,0.0,0.0,0.2222222222222222,0.5,0.0,0.11882284308856078,0.29558383319095816,0.0,0.3138959599417528,0.0,0.0,0.12014381203746573,0.22608753533522136,0.0,0.0,0.0,0.443262194881427,coffee
0.0,0.0,0.6019417475728155,0.2391304347826087,0.5217391304347826,0.0,0.0,1.0,0.0,0.0843009678784736,0.5002394900870419,0.0,0.1589527356196961,0.4792453722744735,0.0,0.0,0.0,0.17677770646309532,0.0,0.0,0.33581624852891473,coffee
0.0,0.0,0.5048543689320388,0.5,0.0,0.0,0.0,0.9411764705882353,0.005780346820809248,0.0,0.7146611628272737,0.046769769926948646,0.4022402959428147,0.0,0.0,0.0,0.0,0.1618756045968705,0.0,0.0,0.39522667651329635,coffee
0.0,0.0,0.7281553398058253,0.2608695652173913,0.4782608695652174,0.0,0.1111111111111111,0.75,0.0,0.0,0.8223975349291941,0.02911074605940281,0.2582243606533309,0.1540156243462299,0.0,0.0,0.39533648896415124,0.08589165822370867,0.0,0.0,0.25988147815652324,coffee
0.0,0.0,0.7184466019417476,0.5,0.0,0.0,0.2222222222222222,0.5,0.0,0.0,0.26595711980128306,0.1203166626862885,0.24155452866035443,0.20862866463085306,0.0,0.0,0.0,0.1459546837322159,0.0,0.0,0.4803539775985687,coffee
0.0,0.0,0.7475728155339806,0.6739130434782609,0.0,0.0,0.2222222222222222,0.5,0.0,0.0025115652327588694,0.9851107151793005,0.0,0.2688550755168162,0.11918769930544465,0.0,0.0,0.0,0.24330500266512203,0.0,0.0,0.484647212396439,coffee
0.0,0.0,0.7766990291262136,0.5434782608695652,0.0,0.0,0.07407407407407407,0.8333333333333334,0.0,0.0,0.2152946394135174,0.12862072874032524,0.18883964593187763,0.38133106590655125,0.0,0.0,0.0,0.18655190066968538,0.0,0.3073126017924737,0.09997878913978872,coffee
0.0,0.0,0.7184466019417476,0.4782608695652174,0.043478260869565216,0.0,0.037037037037037035,0.9166666666666666,0.0,0.0,0.8444154777538889,0.02550179422382663,0.4253132259075508,0.0,0.0,0.09888006318226372,0.3630590530977052,0.0,0.0,0.0,0.32635286738298624,coffee
0.0,0.0,0.7961165048543689,0.45652173913043476,0.08695652173913043,0.0,0.14814814814814814,0.6666666666666666,0.0,0.0,0.743831954411498,0.04198839763112173,0.24008668595671476,0.213437552491219,0.0,0.0,0.8392321463420507,0.022836862631403478,0.0,0.0,0.3375643561511138,coffee
0.0,0.0,0.7669902912621359,0.2391304347826087,0.5217391304347826,0.0,0.0,0.9411764705882353,0.005780346820809248,0.040838703650016316,0.7578963578480105,0.0,0.39749167361653537,0.0,0.0,0.0,0.0,0.1757937978387324,0.0,0.0,0.17025904872616207,coffee
0.0,0.0,0.5631067961165048,0.30434782608695654,0.391304347826087,0.0,0.0,0.8235294117647058,0.017341040462427744,0.0,0.42136325291310645,0.0948441081511449,0.18197972214055008,0.40380527527609167,0.0,0.02626714242569354,0.830798868542393,0.0,0.0,0.0,0.4789631079817875,coffee
0.0,0.0,0.47572815533980584,0.2391304347826087,0.5217391304347826,0.0,0.0,0.9411764705882353,0.005780346820809248,0.0,0.8177182390317083,0.029877727500534332,0.42603614976883436,0.0,0.0,0.0,0.0,0.28696977730881007,0.0,0.0,0.20342012448742217,coffee
0.0,0.0,0.7766990291262136,0.30434782608695654,0.391304347826087,0.0,0.0,1.0,0.0,0.1485573217894609,0.11930924688988681,0.0,0.20253445345790874,0.33646468240464084,0.0,0.0,0.2727324942843867,0.10330739477089286,0.0,0.0,0.33240958101261864,coffee
0.0,0.0,0.6601941747572816,0.717391304347826,0.0,0.0,0.0,0.8235294117647058,0.017341040462427744,0.12354439038861716,0.267593135745397,0.0,0.1817234700394484,0.4046447982134784,0.0,0.0,0.3614650174096786,0.09070305630742462,0.0,0.0,0.3781011676411499,coffee
0.0,0.0,0.6990291262135923,0.6086956521739131,0.0,0.0,0.25925925925925924,0.4166666666666667,0.0,0.028711751632064866,0.8297884354445356,0.0,0.18111942026132713,0.4066237620614856,0.0,0.0,0.0,0.16589140130395924,0.0,0.0,0.4909838455218559,coffee
0.0,0.08994708994708994,0.4174757281553398,0.717391304347826,0.0,0.0,0.037037037037037035,0.9166666666666666,0.0,0.09355311652520325,0.44539007801213265,0.0,0.32657713667865584,0.0,0.0,0.0,0.0,0.2501357765890588,0.0,0.0,0.1954552767197233,coffee
0.0,0.0,0.6213592233009708,0.43478260869565216,0.13043478260869565,0.0,0.2222222222222222,0.5,0.0,0.0,0.6252794484173949,0.06142028949886281,0.1625203858854423,0.46755717843024436,0.0,0.0,0.1251660023735468,0.12426902129068144,0.0,0.0,0.3141660422298518,coffee
0.0,0.0,0.6407766990291263,0.391304347826087,0.21739130434782608,0.0,0.0,0.9411764705882353,0.005780346820809248,0.0,0.6225124694594645,0.061873823867115596,0.4526408286748484,0.0,0.0,0.0,0.0,0.20124827329159423,0.0,0.0,0.15680388424493932,coffee
0.0,0.0,0.5436893203883495,0.5434782608695652,0.0,0.0,0.18518518518518517,0.5833333333333334,0.0,0.05999137022949154,0.6443538131200565,0.0,0.3625282923743504,0.0,0.0,0.0,0.0,0.24591326062198632,0.0,0.0,0.2103012229401635,coffee
0.0,0.0,0.6504854368932039,0.34782608695652173,0.30434782608695654,0.0,0.14814814814814814,0.6666666666666666,0.0,0.0,0.3549130337656277,0.10573593588801056,0.4501431075300363,0.0,0.0,0.0,0.0,0.15916805903704742,0.0,0.0,0.2411867504342787,coffee
0.0,0.0,0.7669902912621359,0.32608695652173914,0.34782608695652173,0.0,0.25925925925925924,0.4166666666666667,0.0,0.0,0.33182286613378187,0.10952063564503099,0.33146217545981155,0.0,0.0,0.08661975658307895,0.44203444048396573,0.0,0.0,0.0,0.30346436508194347,coffee
0.0,0.0,0.6796116504854369,0.2826086956521739,0.43478260869565216,0.0,0.1111111111111111,0.75,0.0,0.0,0.6449497934748621,0.05819613143528825,0.3459359941998843,0.0,0.0,0.02529318157900589,0.8370726867820871,0.0,0.0,0.0,0.24663373663591148,coffee
0.0,0.0,0.6213592233009708,0.391304347826087,0.21739130434782608,0.0,0.0,0.9411764705882353,0.005780346820809248,0.0,0.5363345842113689,0.07599920513585814,0.2787095591965509,0.08690283198271068,0.0,0.0,0.030026718378003612,0.1377834317279752,0.0,0.0,0.23561720056029778,coffee
0.0,0.0,0.6796116504854369,0.43478260869565216,0.13043478260869565,0.0,0.037037037037037035,0.9166666666666666,0.0,0.1447233660722757,0.14203804481977927,0.0,0.41523355871708284,0.0,0.0,0.0,0.31580222569423766,0.09718939594588599,0.0,0.0,0.28598275373959914,coffee
0.0,0.0,0.6019417475728155,0.7608695652173914,0.0,0.0,0.07407407407407407,0.8333333333333334,0.0,0.12354200679856105,0.26760726635637155,0.0,0.22698349962488337,0.25636569017723404,0.0,0.011044650823038937,0.928855321011835,0.0,0.0,0.0,0.44825017644073156,coffee
0.0,0.0,0.6407766990291263,0.2391304347826087,0.5217391304347826,0.0,0.07407407407407407,0.8333333333333334,0.0,0.0,0.42276489821823887,0.09461436505311528,0.38173950397892936,0.0,0.0,0.026274423202080815,0.8307519690516662,0.0,0.0,0.0,0.22885251876888746,coffee
0.0,0.0,0.7864077669902912,0.43478260869565216,0.13043478260869565,0.0,0.0,0.8823529411764706,0.011560693641618497,0.0,0.34203071319305733,0.10784747168620125,0.2656697963078413,0.1296231843079818,0.0,0.10315718920632815,0.33550772867382783,0.0,0.0,0.0,0.42490253596273886,coffee
0.0,0.0,0.6699029126213593,0.6521739130434783,0.0,0.0,0.0,0.8235294117647058,0.017341040462427744,0.0,0.9903266352180717,0.0015855571914185822,0.3538714342058345,0.0,0.0,0.0,0.0,0.28588756910287944,0.0,0.0,0.45992381871538845,coffee
0.0,0.0,0.7669902912621359,0.2826086956521739,0.43478260869565216,0.0,0.0,0.8823529411764706,0.011560693641618497,0.13749403699681312,0.18489559765701455,0.0,0.4595261939417767,0.0,0.0,0.13837587430046858,0.10864478066815486,0.0,0.0,0.0,0.4349741088885193,coffee
0.0,0.0,0.5825242718446602,0.34782608695652173,0.30434782608695654,0.0,0.2222222222222222,0.5,0.0,0.040784735427037984,0.758216297076628,0.0,0.40370996753426547,0.0,0.0,0.030967790684901488,0.8005194041395873,0.0,0.0,0.0,0.3504660643011169,coffee
0.0,0.0,0.6796116504854369,0.3695652173913043,0.2608695652173913,0.0,0.0,1.0,0.0,0.0,0.6031186417351545,0.06505265808981128,0.21233639791785255,0.3043519419832559,0.0,0.0,0.2879653509791905,0.10114358746795267,0.0,0.0,0.4070198263830246,coffee
0.0,0.0,0.6019417475728155,0.782608695652174,0.0,0.0,0.18518518518518517,0.5833333333333334,0.0,0.0,0.38628306475539875,0.10059408717743806,0.35999010916328616,0.0,0.0,0.11578390116830461,0.25417212254158555,0.0,0.0,0.0,0.1622886794000485,coffee
0.0,0.0,0.7864077669902912,0.391304347826087,0.21739130434782608,0.0,0.07407407407407407,0.8333333333333334,0.0,0.08745571311064304,0.481537248279483,0.0,0.20007552965347447,0.34452051073242285,0.0,0.021380532686529587,0.8622762132591727,0.0,0.0,0.0,0.3851649763126617,coffee
0.0,0.0,0.7766990291262136,0.41304347826086957,0.17391304347826086,0.0,0.0,0.8823529411764706,0.011560693641618497,0.0,0.7726175738307731,0.03727015874438638,0.4280858738951872,0.0,0.0,0.0,0.33062764741272,0.09508346424664255,0.0,0.0,0.15861001069646538,coffee
0.0,0.0,0.6504854368932039,0.717391304347826,0.0,0.0,0.07407407407407407,0.8333333333333334,0.0,0.118981416216417,0.2946437658438055,0.0,0.30320378810485554,0.006655813855974684,0.0,0.0,0.288429150073628,0.10107770541524595,0.0,0.0,0.22617140425484691,coffee
