N,P,K,temperature,humidity,ph,rainfall,crop,yield
115.58515842322794,30.68087058126293,160.93820005455385,27.905504738394608,61.20829269975138,4.999874579090014,148.5896897504428,cotton,14.576653765234617
22.470139315496294,140.7873793026792,171.48852816008434,16.370173320348286,42.72774770449704,5.417022549267169,105.18782802867057,blackgram,11.247804147247436
20.847956626366088,8.228739505798206,109.95493205167783,21.995829151457663,33.26659642495308,9.368777594207295,85.17597532048518,watermelon,6.638722832908115
81.7081326096334,87.93803964068594,14.290082543999546,28.22634555704315,41.936688658110405,4.825257964926397,285.6879504309333,maize,16.115032776846
117.00768177397534,47.645927684271896,24.534422801276776,30.526990795364707,60.81067456177209,5.110191174223894,158.64953483115565,mothbeans,15.027154180807777
71.01870493894936,34.111832801546434,118.5400655639983,10.939398773666758,88.95993422164989,6.748770666848828,130.64206608050804,banana,14.639294492315733
91.74799745733021,134.06239290323634,22.6985004103839,15.879485872574357,33.16591022373766,6.126651653816322,128.82964111305495,chickpea,13.177021024715707
36.91090699697152,117.30757730556556,19.910128735954164,39.60660809801552,84.05713385076602,5.493578407670862,21.54619279460867,mango,9.546505715216753
43.86108849065662,104.58787338481099,163.03510810624113,28.17879924343034,94.84106149593443,7.755385127509722,276.18870915225864,lentil,22.140453651422394
27.627002034322835,48.537525040192705,70.03666440534941,31.88818535014192,74.62902299486493,8.936063712881634,152.22017904534582,apple,14.884648329772528
136.60545144669246,123.84793539725175,149.34590423297465,17.07954759246867,47.924782593292676,4.702167947692157,218.98560911202048,coconut,19.06854589505689
23.77150228240811,94.09745757692926,67.87119621526534,25.257120734941083,93.5296531748265,5.746461145744375,134.9072184499763,pigeonpeas,14.62821255696931
44.36734696817233,136.99949987811735,124.7730932977072,30.843547991191137,91.63274873106803,7.621770240668966,102.77743203455992,lentil,15.71807343869119
42.388407066324305,129.95825978859688,112.86844838313014,34.22320465492187,92.72639099464453,6.090017374859319,50.81453886774949,maize,13.220815392762871
62.308262760100284,47.669376142124065,37.93117062858835,26.022682581263258,63.93809799512882,7.962180164451352,95.43545346358601,pomegranate,10.848454638167064
68.4603405269649,14.084914595257418,55.78308278686894,17.406281885158037,78.74129909878519,8.06135294962221,61.46434038695197,jute,9.621329288396751
52.0137217130342,141.7260938165714,87.20740266364626,10.991521987016451,54.15498736186781,7.671756723506819,210.59752643533471,orange,12.296274732843429
49.04663258138005,99.098976636823,157.32392306574351,17.12912631977199,80.97514440283017,6.338915663596266,197.04563256620224,coffee,21.491535463034857
67.85893309334637,119.30046225071375,164.66902499691022,14.521526318962884,65.57391437185031,7.979064033954409,260.3404653478416,coffee,18.18594994296888
117.14012553676585,53.81323822084211,24.23531021828415,38.21569793468812,57.83004147612657,7.0887567526374005,254.55882965405183,blackgram,15.716291935497608
60.92796212603102,20.88629297368247,189.93872365571255,36.32018060142943,48.05591394006089,7.799920230170895,248.82221605634044,lentil,18.04895578900695
139.55044397095094,140.15870918043112,116.65869072141952,36.479090295680194,43.20949758389656,5.894356762960909,216.10019239237596,banana,23.228503415078812
127.65323119430926,129.1920993971164,160.97510917152476,29.26094938462863,35.889797549653416,5.308143570473069,271.5951727875822,muskmelon,20.98323969828739
39.296966170099836,81.82273051132206,143.37903953853865,29.558837785078016,45.698851662239186,8.06089610673768,86.42974449910402,papaya,10.619563540343094
41.458725106559456,56.305629841600386,153.83410461131245,31.62819772756388,51.56425542966724,7.212701152774496,162.4679415148528,rice,12.825599530711278
137.4671429930011,73.14390141432372,186.2197575437108,23.03183096531286,54.5054885386273,7.725516810152824,207.2987367056679,coffee,20.626447161999657
43.42915853576534,106.14329613661074,61.15447248817116,10.729478992943616,75.18306071350175,5.3855533970352445,283.328403618816,apple,19.054545978373334
88.6750963005006,142.2464217202464,20.06925120122564,19.170910578615455,43.36377218052422,5.842374284450784,155.8783647973684,rice,15.888116232761258
86.81615149500202,136.06166838250934,144.2059593349946,27.101835102680948,36.8023545639538,7.575036133495849,297.2150780291937,papaya,21.304383262973825
58.70609170863206,123.81377128945442,32.32426628840577,31.26732990730356,68.69739838355355,5.9825507182389925,137.53863980495743,banana,14.110313973078696
124.04867822961245,132.85367735790598,107.26847977218756,25.045488840615988,85.88066252767426,7.749819653888826,216.55072563215694,papaya,23.094468597384495
65.06995431679329,18.157471577721658,120.6560281992348,11.078268213902263,62.59186126927221,7.213223173537883,100.23155059591963,mungbean,11.401961971622756
50.03016326190369,10.436862820119249,65.65310293464456,26.112472815899665,52.865586925722866,8.639345018937943,96.03201642952773,watermelon,9.097343365626825
26.201806540232923,79.38964841954072,113.1270243220213,29.122897044946196,80.82639336058631,9.379260397312674,164.5640975243347,coffee,15.58670480541948
115.42234337224444,42.91651517669039,92.79428414112722,12.35369144026798,31.774552039082025,9.313242073389626,254.07443374341764,pigeonpeas,12.75866016123495
73.08226756773253,38.570230282036455,23.77465801625835,15.48597991321922,95.42297981377968,7.6913529692167515,164.67495207943867,apple,18.67259022252171
93.40648954812227,63.74400873989059,54.54619790023149,20.679180359537845,83.04922773250584,4.571967443148779,52.500339341936545,coconut,13.687002199975712
22.059332219810027,111.87101922054754,166.3825954101559,20.389129632682025,62.5271669057728,7.748868413213817,33.45649877516944,maize,12.643603297704995
96.21123810411726,11.342561368086233,79.92252292529425,28.77579747142709,65.21953810060614,8.78244920594161,204.4342168533046,watermelon,14.598304188950184
89.05690134510547,59.34378966891307,133.65764368847064,23.7475867147455,68.19317525211545,9.207324043882625,128.10873858421678,pomegranate,14.713931354951056
98.17817262293455,33.93581038274435,59.79222546422675,16.437673591251226,56.40813582595831,4.694815661551168,193.11108761461,apple,16.60741160767183
22.792632288299103,119.02558756245101,61.37095495467999,13.544944828649687,78.77160157549054,7.644714233899419,265.6921637875748,kidneybeans,16.20658001527838
70.15352380586945,140.46127721283466,114.59437664961746,22.704128269243554,69.79641986249709,7.379622876290423,224.86137148389926,chickpea,19.124071242955612
48.631623174840826,100.17826918603441,152.9817520894749,17.147084572119383,56.44102203234064,7.171637367652817,159.03713339126176,coconut,15.394062167436257
55.71622094111731,18.997884202660874,15.697059349473781,38.75624490649595,89.30002008669129,6.274525952313603,287.9042478354078,watermelon,18.059537640067276
29.994129343431158,17.83858061618735,125.4881851802238,26.611091570374022,44.890952651696026,9.230972714408452,238.76289413193672,mungbean,16.660220306163843
30.944732365842846,74.21884265836141,16.51175200332886,26.485866469712064,60.907135096136386,8.9385209137915,118.25620351458203,cotton,11.66041299256228
30.092816733799694,103.1356784042768,19.552601272838707,34.65580177871068,79.43695590095473,4.906743903209499,43.754559943853735,coffee,11.991937810098115
89.75665006721388,125.83939307846055,181.07199372768335,17.10055581046236,93.53855944439823,7.4594436941064215,118.06110907608779,pigeonpeas,18.07904265299871
87.00850996829661,64.39108129457668,186.2708770189472,13.33592446918454,64.48375730036014,4.5567682238370955,151.22497975835535,maize,18.216782839915822
34.25814995216863,21.453674548794684,134.8420604232127,32.3813463779627,70.83581355680117,9.31086274237271,124.96376226663713,pomegranate,12.90661178922008
72.36029979278672,117.29529486374277,200.58013375085417,26.680151159277536,52.58804717943086,4.717003916490864,278.9001324626069,coffee,20.267727505426198
50.35882015870894,102.35755723493065,20.086909417953855,14.986462957277588,45.17663746105438,5.9724697341971495,298.83278500822377,coconut,16.806485492827036
53.715582751067636,138.05760777071822,183.05275677818327,23.669702583571386,73.40928184610758,5.886905914905663,72.67392472265317,lentil,17.72868175113318
62.40226736312634,86.7118556591221,20.546927392996967,39.23184422998499,99.0347521135722,7.990808570098726,170.10698257635372,grapes,17.630766149697365
39.514032721386954,132.52980582913796,169.5074485846338,38.49399739875772,80.8003655871852,7.5670759796789495,137.10805016137328,muskmelon,15.540514099263852
86.1905447052884,28.07679655918013,87.25102331707382,33.32806851205677,63.625905730644824,9.42643025332752,125.4869115826234,papaya,11.386834478036572
120.59944456533654,70.61704237129584,87.96390046753304,18.20221215792119,33.9462847655649,8.823611881275266,247.61228255642172,orange,18.267335210596666
139.59642044886863,82.76043878436784,158.7974830361021,38.34297189647284,89.47531734741881,5.736740508715988,146.15235788682617,coconut,17.67026917479755
110.83989586066744,11.56550549077079,58.73449640506147,10.66554226090905,64.87156306521251,6.88105348394507,252.78401721750035,orange,18.475619588371835
122.26178003822481,82.26695742842797,117.18759430707725,36.29960807975035,58.243800634867796,5.170076142253204,28.05914936773491,papaya,12.68490979654387
116.60536010232343,131.44114821472766,128.4527424194584,39.41388175277133,72.56614946793196,7.683221608111413,175.34837039182318,banana,21.02705496734026
128.4990433392498,53.75576538326205,107.79789783196216,33.50959038223429,57.75799476248891,7.610433501139367,261.46183844908865,pigeonpeas,18.8372772198446
75.09629074859136,142.2045605399668,103.52361879857392,19.862548308625247,74.3380598021708,5.700728093890966,41.241731870425895,pomegranate,15.019145456743658
38.22832322147532,24.435804170917418,133.17494896064292,15.456402531974344,54.19670983267042,8.983942049530059,152.70925927360426,muskmelon,10.162763245922381
24.904233951977464,28.650908830103038,60.71806780639172,15.310314528302404,36.20917736299389,5.103179355503004,149.01805504916322,pigeonpeas,9.83731034167285
63.71238332576905,75.47841791967997,143.07896572587305,11.179364195232967,85.95872792363298,7.639501947454539,42.892528945684134,mothbeans,11.736972409504224
30.142040921681833,88.61893151576028,202.25139917336304,26.097719379619974,94.68292313752032,5.680582665587021,232.78751450252398,apple,21.98594504413153
75.50416593597774,109.64593133872592,12.33664057811958,17.573108330320622,79.93447101191867,8.976034188435996,163.2696837923865,mothbeans,12.825019962158896
83.91407197460278,38.94587050886215,58.84864618987619,21.31852489313868,31.404983844440846,6.110395827915891,79.2054419590325,coffee,9.931959664729797
47.98596938597615,53.00976099895644,99.79398828611123,20.653129098379143,75.41759882041032,6.8979105087712504,183.5758557199674,maize,17.671685549731468
71.79914554756152,22.861242391378926,61.75518115974489,20.892468891959055,75.2142068932121,7.35389152334456,119.70708325139695,grapes,16.434099748326112
59.64181775370968,135.71685532638244,6.506872626814948,16.759983931375846,55.574977377184034,6.93904900404369,258.22890499412097,mango,18.536470156373312
123.86085510727763,119.39008993289919,56.580565408987965,15.126627621701974,76.80502539471017,9.146879945637929,175.89361004390034,lentil,17.554429139679808
77.19433809516943,122.40155821836747,46.01551202989182,39.03982199512703,79.76667351857239,5.497534636691599,226.1492114355767,grapes,21.20359502959865
54.63566638883069,86.37335099916572,35.87254305484046,24.434203055644524,67.281260278611,4.759117684112135,114.24919789429777,mothbeans,12.778254290116358
85.83237415257838,81.84907718445682,45.34609246604717,30.537146436395,36.15076778698598,5.194123867210102,20.759051836012308,kidneybeans,7.3012428339092255
69.42090969767222,53.84155731601934,190.90582884956518,34.918582233631874,97.55188374665588,5.1214861174277235,224.6428930570204,coffee,19.00614141027459
44.60021720638847,58.092001894932054,190.28988471794224,31.647896522538314,33.36662507748614,8.407572408757074,251.82344840969773,jute,16.61862586206286
39.711895751719155,119.04046083239349,138.03944413924003,25.69196274307358,55.118133888645175,8.886002704065541,129.88463007833792,blackgram,14.12664247080829
74.23383215588471,104.92954367974563,184.93348905843462,28.72304632545513,67.78467433402432,6.693723376941695,181.6961558537152,grapes,17.683223328399013
85.22634333367863,131.90609553503657,129.84759918279843,13.506941221250923,95.78824865294325,7.638540265357089,113.77357210398412,banana,15.887701957527755
115.28302271243551,91.8101858299919,111.6922183952643,36.816777491528725,85.20180478571714,5.258374398663756,107.2821789827535,pomegranate,17.315252780697378
88.38676218455798,111.74421600369668,180.3531273523499,20.262452461477224,87.48801132704091,5.053158684776037,257.0066416856651,chickpea,21.110530722462084
67.67447486724407,116.6213512091375,34.983485469754754,16.877541856979246,80.55767978751464,8.100182682730372,199.52133720788325,pomegranate,17.808970892257747
91.88352377327918,120.75183589327096,196.81495891280557,20.275727715356304,45.91456881209909,6.617984312102415,100.62029261320332,lentil,17.87161486553091
38.40216837392963,87.07217648235161,106.1777357768932,28.343627063039435,31.267712867458837,8.860619544720757,280.9931190954115,lentil,17.939710164882857
104.86863611760783,26.35546600799659,120.25767203336264,28.201451391485676,59.68914699116702,8.182221178123614,281.62276413532413,coconut,20.987368694729792
129.28234379068556,22.19350945840273,52.18120691901624,14.965615311018693,43.04246156458845,8.68745394501246,113.0009955433829,watermelon,8.276646986002245
67.88032446441562,12.666629435084387,72.03944832918019,34.085603457940344,30.3242416103222,6.167495858455721,131.48723420546412,mungbean,8.683104810752624
130.7552278158182,70.19801712463385,101.1673956178147,37.55364174817903,71.0947756895597,4.664233351217192,275.5698496061561,lentil,20.21496455827536
70.27105394054576,133.078426149534,77.47877982332662,27.417650508341303,74.25850015436713,4.565472282941668,205.79046416467895,pomegranate,16.025329285261456
137.06495788193075,69.25845832238183,116.46107377800958,35.81896053672202,67.4548803253561,5.4223143570942804,103.88685529461357,cotton,13.485901914660538
45.18867117147029,130.7276005216999,46.02792809640143,15.720631619909998,32.55847674936664,6.860334725549996,178.15551731353258,pigeonpeas,10.393620000520425
55.28536150651659,104.96828797057596,110.52954602895717,26.033676737717407,63.676156387131016,6.985059744106245,234.29975869854738,papaya,19.464044785478418
110.3895464896941,43.12225966084192,184.48608196377685,25.797353999778814,86.05248400402847,9.394657178079806,255.14088064783977,cotton,20.1322370828506
99.07087302921816,8.793438950487689,49.39443238658989,16.93224389764214,77.03249205191099,4.598552688771821,49.150402955680676,cotton,9.48276469955464
86.80659017400393,105.91383348347092,166.06299347158102,39.661863458663284,72.22381815238857,8.53425074481293,289.5418091953649,apple,21.82666506410709
100.17021638847754,33.69780135821493,63.629546052202656,36.89007455563359,30.910134645751523,4.92754265427234,78.20815144088765,pomegranate,5.785911515673278
129.27488042483645,92.46657794605515,72.17317142996701,34.75321994267979,55.41414485365634,4.671140554102646,252.58326183826992,banana,21.765970189285987
69.12939826294885,82.28660531927723,92.22530582706334,18.83397278625753,96.39173148735097,8.318028970798803,59.23168921460671,coconut,14.426422585300564
76.52785432325773,30.494999435021654,101.95567343006924,25.37372967645765,81.91808609600659,7.994229265804522,132.71401220715455,mothbeans,16.604600613500054
36.7227288887389,121.89023315190188,201.88043614071043,25.770705469080575,42.017550009381246,5.861536632596845,25.149389433290686,jute,8.634286762802354
68.62977056332265,74.64508515718468,149.04051632645917,13.19736190386023,39.80129770623143,5.818419013173083,94.61955014384702,orange,12.456965735308383
50.087679267391735,93.63372887004266,103.85477002765428,27.19883134538202,88.6674874224807,6.521907507745121,235.85518557799574,grapes,18.580186666907785
108.56403397116445,16.591813509517706,125.63042189327764,17.36047329043963,57.25069298293836,5.943468683853499,119.58836061018576,watermelon,11.81651503641461
106.58394333462867,90.45665338111407,194.86135941155314,21.899481191561627,96.78608555777431,5.175006387106035,155.45138374107557,orange,21.214007240008478
91.40935168403058,12.19961388779505,104.27324944024727,27.905285467506676,53.397072357187255,8.35456101872911,49.8475108774561,pigeonpeas,6.873759671818309
62.18481933610626,62.79109708494532,145.9851099377906,27.94858174804464,62.17770589327918,4.87966705184811,41.77429634210798,jute,12.439441630383122
36.41823571027537,138.03322953491235,94.20115459159115,15.55398786515859,67.93306631648507,8.864729179382042,225.02296819467713,orange,16.001518913497748
111.08430146466198,106.3744660982394,132.44631595789735,39.41730400539964,93.23546688452174,7.733324595585817,214.08905920793893,rice,21.13116705384808
90.59165083639172,144.90948993921688,116.16131628743592,24.196303542440003,51.89983995539113,5.1026128939323225,224.68662800831885,kidneybeans,18.043523224901207
130.92754344518363,140.9481543231515,193.85329782268678,24.226426499723914,90.34298556925194,8.72274699267535,109.34813250811158,pigeonpeas,16.993912016890583
29.2343841955051,102.48042862293957,72.97499275361322,31.743003145862843,34.574943855925966,6.076451689153052,171.0575618650944,mango,14.126693374252037
58.25030035184839,92.62479270118128,182.1955496472374,28.475895645469137,46.30716323275436,4.62200390778269,263.62768469226035,watermelon,18.93857407905352
28.403564689696523,6.32796070798973,15.536767195445718,12.656302318408544,32.63177412443826,6.898906634282524,182.61201802365176,blackgram,9.329163269169412
138.09001630391543,112.55827794103254,88.55335643346675,22.640710068312103,81.6307611112224,5.6938857288415115,50.9327516767905,maize,13.975024979343178
105.86639782810903,87.47519482592527,60.453129139354715,37.31017306172603,33.157047405422624,5.047337993395576,129.6564393512997,chickpea,9.501221266972042
46.1904665438077,137.99456575303154,162.2690028831104,12.682330069367787,59.230654304944984,8.895591537810823,284.5249662415949,chickpea,22.039515564432595
138.9402351364372,37.43403819368208,193.54635482702514,29.489399469771055,72.54157564152014,7.063442555082543,84.58754728097243,cotton,15.329076743699671
66.09087337894995,10.142471239725907,196.45405259666512,34.786170873818975,86.05387809909126,7.6488896149807655,80.57072645023499,banana,18.64502790187209
40.86742990633847,60.473882646372225,156.64769514081826,30.880618541613767,40.772713443789854,8.579165624953088,82.84336011426498,orange,10.756690201015033
24.18381922805899,130.28900177189757,177.02536328358477,23.72296293321122,57.381883625626585,5.864796874281575,153.46951193250314,mungbean,15.902220848453407
108.22551854281433,44.39473448085375,55.52981879217702,10.152464194540778,78.70000049948251,4.743917908365866,169.1287054322134,coconut,15.38525722982666
46.42198423397736,100.65622691234343,20.226171898060038,35.53620742146306,64.6602568909782,6.90293288663324,185.87417970466493,coconut,14.933320746024553
85.25346895968791,126.0290032430288,151.78198379074036,25.637809365412448,90.7712562836083,5.726427661276673,64.05538471670727,banana,19.55107382777669
105.00355720580417,122.18186597091409,144.49429233385672,30.404223152809013,73.3027964750629,8.263583197788206,64.40942948206063,muskmelon,14.195472263042973
39.291187525796985,119.51538337666871,171.42683559154838,25.224032012825084,30.44701102017835,5.935190665874564,192.7395371452078,cotton,14.657534014736468
87.18131747705954,21.218139949236072,80.33907239735976,10.272172139581748,87.30755943498892,5.142243590465957,99.33602551436285,orange,13.104736162785422
61.02465992464233,93.56706503875273,191.4056211020035,13.075291839720379,95.60599410655158,7.939428611504066,38.994376549448134,banana,14.516810721961452
112.51811510385626,104.20008064436811,99.7147776870177,11.737613816763949,35.22860924304978,8.762073295993238,297.24154437018115,orange,16.92505167533569
91.32750310742544,58.70571645678705,18.12522891480259,34.64538842222323,56.02834704671072,8.593928216785468,90.70244991274703,blackgram,12.302240116905864
52.83519995379991,144.59743002207955,90.2362604471946,23.541610729890266,41.453667483416844,8.474047743749647,214.23102321881683,banana,18.52009173400967
134.10362747004925,26.14810484932603,91.46696020852038,38.30847760502797,59.38091218482856,7.692629738320427,131.32643142958239,blackgram,14.956853685767195
138.0773177551794,62.306760884106026,183.8198407358269,16.898638176732586,44.91732928175583,4.6556704144225565,202.4667111052478,coconut,19.28860052772483
85.18793669479497,27.294403359097025,45.74024985525484,12.734934712185751,40.75606267127789,6.768468173026413,168.4992302439117,muskmelon,11.964013382488801
95.14643859576985,23.37428287553426,11.505235898250383,37.6254354344706,73.16552201645166,8.48268645488088,154.82625842351402,cotton,11.628347532136662
47.06481709324825,27.515565670946607,135.30389336045295,19.777763918562247,71.31847572199356,6.666233744858278,295.6183940728131,coffee,23.295336183830056
21.394464788972076,15.142564291238243,83.49871128133697,24.398165041513707,72.00143836835126,5.958312893546516,214.5949281154319,orange,17.18347320615346
106.91423697516943,109.88262947417964,34.18441480702909,13.08377213477997,69.9633151290915,4.5918381847027,155.05978683444565,grapes,15.749498676386333
61.52198811738075,113.61266301101385,193.2475008464773,12.172488164390245,67.39695441835116,8.912667429098,43.102389643317956,pomegranate,10.906032518808527
35.925890485167244,84.45571875661814,142.89299382745315,34.017600973272486,44.010517097136706,5.337412911295349,49.27899529363207,cotton,10.907855935277677
34.90639600736712,130.47098237590535,123.95532747538722,28.49813745587422,72.90609224059241,5.994179431686569,281.8565082838487,lentil,21.272871726636016
60.73402310513673,119.0755159245117,21.02296927693503,36.84449968181583,68.33146633076154,8.586488849812469,146.64911966512403,pomegranate,13.968940392378665
24.89049273109673,27.959927338529614,92.72144329790767,31.74479679622175,71.52950538171251,7.75147092936727,154.19810000136044,blackgram,10.488730052591158
60.42749501253282,30.4965081964179,162.93970142849582,29.761233265026284,64.87370015171973,7.276817754688157,221.3764979162339,mothbeans,18.83053661050917
59.87775504261307,80.94700900071145,103.65536935675992,12.4457946865728,58.22829527866823,5.602805624611616,137.15194082694276,watermelon,13.46654982779843
124.19270064900566,106.80366976728313,153.5413042399962,22.76480003344226,54.215449478287404,6.355193814923013,296.5418778460962,orange,22.83268632479534
124.04377953469383,86.01455720013507,92.7230838379181,31.757729812454095,64.0668258997292,8.867116190408304,272.1965219231524,papaya,17.738378164193108
54.062543433037405,55.28114415327241,81.76943037355926,23.974384210607454,88.51986446468466,5.678960469796049,237.28005796992025,pigeonpeas,18.520498666597152
129.08390247987694,30.155635241833878,52.50866498477553,39.14185282124919,42.66838668966429,8.771925466847897,157.83779980544975,chickpea,11.996160419348879
91.15020797981383,86.11808590809011,137.52425580166408,12.857845238638788,75.64862718713064,6.060740283482236,131.7328649183911,mungbean,15.289897187273352
98.80839974495507,50.52660899145728,159.69462513732012,13.926209821550495,97.88747315549813,6.768947706918196,86.09412973700991,blackgram,12.93265145479663
71.70650283941671,39.819998162268185,128.428997320806,31.203316506563375,41.69293355306649,5.338096081441588,30.267999541392033,jute,8.838011888647344
62.8078463648002,79.69166954195738,161.35806596900588,31.161567823366106,61.24580525588099,8.821080888370844,176.2792698862816,coconut,15.423529804817331
26.85042273071778,79.36373392014448,192.3211384589923,11.18030622005529,38.54769398070188,6.760995141417176,281.4850049078134,mothbeans,17.119621960553605
32.39707485488188,86.85389806196243,142.64157317331907,21.921369653932032,63.59279571144513,7.929838679914921,24.866341251934298,coconut,8.94066290895067
78.66158963083042,98.36099605645461,32.93025095126258,10.899207696180339,51.55509591138336,8.023403813683235,76.51896659442554,lentil,9.977888434269314
136.38944553287246,18.146100210518576,139.52042364502526,23.312506579137136,90.76995780642537,5.385748947236929,213.93526662332607,grapes,21.238271747045598
119.70526296100465,126.04523703370513,158.70387290475824,13.39329457229719,85.68572601874823,9.093388984967522,188.17067191294612,orange,22.42043059413096
119.22066604542529,98.37601237872703,120.43704734234963,20.457210017259115,41.15012116699636,7.524769613452705,109.07123501307346,muskmelon,13.500631754679052
33.09315581188997,96.07163069084021,158.03817291115692,37.770244926421356,60.672064248839135,9.006878247942222,265.8095245315717,jute,17.155643823431518
124.26807506486853,57.59411526344171,64.37385491205616,29.47223976383179,52.98668595195568,7.65104374164572,190.75290553963447,pigeonpeas,12.737453256646022
48.50529570491929,57.25525082810761,50.453925452630294,12.19587771305331,72.24140153669646,7.841063992775082,193.45729688269205,apple,16.548108800055225
80.05343709568898,80.93091309716337,195.29571193319822,35.415020841177224,93.9965561166029,8.568831441597933,50.4971357170848,mothbeans,13.90419686723714
84.03230560722541,90.10671299108225,157.97665230842566,34.3895721614828,80.2686153358546,9.277618479774674,25.105123149381257,mungbean,9.371612377597335
20.907544997377055,95.64645998164443,184.6061097899974,17.304468897288977,94.89241813574147,4.801336951447804,281.642087505544,lentil,20.14894201054025
50.81318812646096,44.882206274669194,66.4579929852573,34.0907769349799,67.74128936726781,6.056538495780018,190.89345932705714,chickpea,14.508978485839119
67.98862481649874,141.74153341276104,169.63480311913204,25.67443121548355,38.62558579205162,8.797078966402946,243.93870671872605,papaya,17.83303918854406
88.07746635546843,40.91878971819093,197.58537504751595,24.50636940159774,86.41947848426108,7.251132710781309,32.15550919934937,orange,13.737850656594038
33.4765213293463,5.361762078297534,132.59704115865952,25.455255110011947,71.5476998386203,8.46871925190258,201.04965575840083,kidneybeans,14.558904693795023
128.00277480776134,54.478993102380535,52.374111794896415,33.41576545731586,49.23642248836953,8.613071592568392,138.64671102165357,kidneybeans,10.635373035737043
117.14359709221301,112.33185892805683,34.94079359139155,22.71834438739906,40.70886605799939,5.676177924009924,263.3926949022947,kidneybeans,21.91935083714205
22.836630325560368,94.87601006205725,126.41880721775615,26.4009223814221,46.236296728118276,6.454529979527573,186.45337385212846,watermelon,12.356974795212247
52.94483048001504,88.58656836539683,140.1682490174752,23.281509003385814,61.20536402040602,8.12258425699309,24.429905694363082,banana,13.331805477041394
106.92065805544894,85.97416838089727,59.83213331196117,12.382581069669598,35.99607747175014,8.970954373320591,73.72285092124801,chickpea,7.507385604286232
64.03472950457608,53.09846646859855,128.43115667912934,23.272298094420087,88.23041792759955,7.848013080669809,39.58084959864156,grapes,11.423083782837848
98.1052842856633,79.61409011718695,69.86675062307512,19.990057391745935,76.86408686387331,9.470696806105838,205.31497315782602,grapes,18.32710968625322
139.45765888451086,67.4893291676699,71.71390989444008,27.414250201500238,36.21371758754379,9.308328679774066,197.78881276548927,orange,13.846311521882184
31.601173957606356,68.05193107614592,156.23266577904923,20.42714572716946,76.54382071410527,8.477249803948645,279.60978945424677,kidneybeans,20.12192695282384
34.379480242117566,141.38304800792218,9.005271185164894,32.11540675021729,83.80198633519558,5.7182835803193335,208.03636421165044,mango,17.790800120332104
110.63245045961695,22.879887708932877,170.21352605050566,33.46084263011158,79.61212884200836,4.680801902623811,104.87593966469201,grapes,14.505229980547643
61.0009402276305,58.32733357153821,74.2643537178007,17.171659965917968,65.68069727261887,8.626430541164485,98.31699077201418,papaya,12.61740248268244
139.05896177879754,124.1994940843134,46.70210287146716,37.91785643931749,38.14564785198333,8.587248542455958,126.57452217344242,mungbean,10.978653544198638
124.16680281289405,117.82955601646697,163.0060872614123,19.140374172941222,35.66434981358765,6.514900893825807,68.58686419622242,kidneybeans,11.85394193065259
88.76497147170191,135.58230366667567,120.03267009932499,24.380633204135552,51.96093838358672,7.531854722166878,58.97544689290835,pomegranate,15.45090649636715
111.77717610835946,29.477407816457756,105.51321529268849,21.959890833169393,40.246179451357435,6.337672111457657,39.0882466279382,muskmelon,10.785803437374097
132.37390086603926,127.65472696372595,60.55052474985223,35.54345912653796,30.023275428434257,4.588439048066286,188.7148858760022,mango,15.622348792984218
66.37530093909766,84.02175269504355,43.35649111837212,16.352660519964353,63.92211109132053,8.271267721719315,193.45937039412456,pigeonpeas,13.554532949809573
37.06992424246354,21.993891519140046,65.65502951351911,13.031374330319402,78.45129391858924,4.811458990650314,162.63819588194113,jute,10.177363291569996
47.46735258159363,37.57037539877534,49.16052595712783,15.212577869868834,75.90065707931595,8.740079426247007,222.80889150946513,cotton,14.355369641089395
64.13112210527476,62.978165354049786,170.50757911337485,32.00843141684206,83.85134255489379,4.555156322143236,136.52311949033322,blackgram,17.374645742972596
22.3030732187668,41.37384922430479,157.057964624427,14.113291171869971,67.47170920168142,5.5760093600861875,23.393816900290116,rice,8.33793899264779
74.5252801471953,123.20999158354624,24.616516156848917,24.647234110653343,40.5034065285789,6.1233796344503,226.4599816685839,lentil,16.326494780328403
117.28231135835195,90.97138356586305,176.91304632938915,21.771811645854235,96.93555334542638,5.165725020890485,48.60186830411067,grapes,17.721913647100823
72.51237488664702,40.65388708644716,173.1743158851845,11.15279046886975,93.12333944947964,6.80738732312367,198.41641350631852,banana,20.379039947290217
66.36186918179786,68.01742053876634,50.39293887307283,36.68172748386533,61.54337597108305,8.912297202280499,49.59417437375674,banana,9.421702302568573
25.00074807228611,16.87088224641245,148.26467761253645,12.1625300799602,34.9879709435681,4.560542376174437,287.8203915238544,grapes,15.122180663300643
66.51142777793234,69.6725711339338,203.3176817740548,39.12249873012011,95.9620772771235,8.419213383838368,119.3555808719293,rice,18.45704908167453
111.72471946660832,42.10649996550056,9.188992206182562,12.465150024292821,97.75020243915213,5.977223887387101,235.3824813946774,watermelon,15.520129334668868
65.8327567583475,33.79621670737772,29.277283631881286,28.450389041165998,84.22436464464516,7.7195212677056535,168.48459730976433,jute,14.273279106908415
33.674796165718064,73.04217041685558,189.05943624388155,25.623044255026382,73.15498088265585,5.2831921848690415,32.24597524639145,grapes,14.11707674895467
131.370036839126,36.44618565813927,79.43340476750267,22.96230648832588,60.758349278611654,7.564697912472628,284.0612345685181,orange,19.912596237833622
126.43098802511234,95.41351377172884,62.181357847832025,34.47840816905852,90.29589974544052,8.73257169345139,277.29942941907524,pigeonpeas,20.519439543904188
96.32849164757901,35.948872003521984,200.67945576011917,32.44575717936993,69.0469257857749,5.4029729908765045,35.080297959447314,papaya,14.933133813163906
84.74674645946061,106.91260474230404,26.58874292929287,30.558940483476203,36.43096213970313,9.325648710634983,156.7503564181831,watermelon,9.715983195832758
107.93618537195007,80.91320876885877,123.06953809175458,25.2508164074884,50.828391592317445,7.3251099642950805,212.8878845740254,maize,19.121025051215955
39.20859619454876,69.61804641877059,6.866323965418659,17.40036593564869,80.85232005791033,9.459049756746818,47.76986788442045,coconut,10.847612675723653
98.90723753336277,48.530050201057584,153.46961011450185,34.453551534411034,73.04847682387927,7.939420549399576,125.07277324394657,kidneybeans,17.242139820486408
111.31889120337127,9.94358969163347,154.14675654624642,16.074416804957124,97.06514360835662,6.339703756510422,111.54085257466215,kidneybeans,20.88162210274477
121.03644457960505,70.84466757425,105.41004269768943,13.741421707341715,56.97631181331533,7.716825899558922,238.51193732123687,pigeonpeas,16.97659292701375
69.51462090183485,102.38654050955296,5.643652720855736,28.58768012379522,54.884510730895016,8.47098665638542,46.03737915047701,coffee,8.723660457901328
77.71674678633485,94.92557362673183,17.97071889659367,27.399513622843937,69.30392115716666,7.3033004720808545,188.97654664700735,cotton,18.185144379918274
79.79068187161444,15.788159078806363,16.710185848795838,20.027149560881824,84.94278839780273,8.038404673704578,240.8121901082738,pigeonpeas,18.014781055698545
72.82387975465886,25.643353738879753,70.63855072186232,23.020580985216256,36.202030077573205,5.603059763556056,187.50308233784688,pigeonpeas,13.330215193414231
96.50639173642757,74.46329377585073,40.65049338092832,30.57733813149591,99.37885022749126,8.236097938710188,227.1961882719713,orange,20.871909262350176
44.35236410898826,84.17699508900165,200.9293430067767,14.958823329105236,79.01763716111647,7.42905072985951,184.21414581283796,muskmelon,18.8018779233031
132.88150941384086,41.30154624120833,90.93136254778702,36.181907514538054,88.93534967542661,5.430507089231386,244.7401267427989,pigeonpeas,20.40869581556649
132.48239530590374,103.84266107296344,131.23412919134125,11.495260833488247,93.27393311822622,9.04695096004198,238.45965776042866,kidneybeans,19.80313240614296
98.83461875205674,138.92604695168413,18.791603271284238,11.71164163453763,49.75309522852401,5.80852841867953,89.15406374015996,pomegranate,11.387141317518042
49.94554398194073,43.07296165800834,156.87965248359274,23.492195273516202,84.36973898686269,4.826830787821926,156.5199342285476,mothbeans,12.449091186264816
30.37095329150558,38.149803303593956,151.48974636761795,26.449617511792727,38.95917459735105,8.9106780714103,130.16539703780563,cotton,12.114410887376089
114.52556186332504,92.41956250604193,103.89622625901859,39.38652521145271,40.147555066587195,8.125778637755573,73.53339641014092,maize,8.739066929070624
93.02327272357599,53.93089209215463,27.819156977586672,14.537404862048037,45.772185096586455,5.7548333067014905,258.1724961955186,rice,14.949591117179832
82.80690936492397,21.067642061690446,177.027938669887,31.68442909625451,34.736785333000114,8.039175486148842,172.1907008559409,apple,13.752983169852872
71.43566563645709,24.734347853047698,137.83758290108347,16.482713595559225,36.82937571675098,8.809934542021361,148.8454340567631,apple,10.3410665134718
85.45182432882865,13.718234823463986,107.50052975406633,34.192108516985186,62.146791431787065,4.759782887771342,240.15789582752927,cotton,15.408828469352603
85.38173109014188,111.17950250167556,155.8215360632328,10.538370357054754,38.83776479548294,7.798146831973711,65.25354716004401,pomegranate,9.591291664764595
48.65554536578472,68.17350818533833,201.99793122817502,33.16037428929971,31.901719485789187,4.82602295630246,149.90078550745318,mothbeans,12.078739858343196
115.80130258691939,57.07057350836108,95.33936384633654,21.921441714559496,36.53855803827069,6.705360791253918,74.77059645246422,pomegranate,13.380660409309593
82.79955574336896,45.19931413184057,163.57088380676788,27.327800976434727,74.42076922852127,8.48957079807947,130.87173234548737,maize,15.902102485587996
73.71235283842603,83.0948268700882,38.206862683239095,28.40419415917529,55.41705156438073,8.985931704823095,67.27917786975212,kidneybeans,10.781665845186426
36.88538336585101,33.2821935763486,41.844967847605226,36.819691300236116,75.80047866274734,5.260521416111365,143.29055714313773,coffee,11.31444468356075
116.43242425298422,75.72894830072936,198.42532305183408,22.53282937825299,98.88772233255484,7.839599994018135,197.70795651110362,jute,22.31887544352376
139.6493788497994,142.16954409963307,136.22680360411613,13.894793468551526,78.08026983725203,4.965152432300136,28.22196454866985,chickpea,13.214221321201702
136.8148867971408,52.157670260554454,64.29795625666306,37.546239988683254,37.752391172327066,8.29791205057316,296.6583586627767,coconut,18.921071435401196
118.5964277252566,69.29712760424995,76.55965306508836,24.826373417508997,87.97744767060529,6.176040236854364,68.65324607800827,banana,18.28264025170435
48.78489353071337,24.876078566539146,74.58828231643332,23.510529367162377,82.41784358743146,7.75573792440837,193.85999889396072,apple,17.80151697233004
108.56829480062206,117.8674233405307,173.74746528134486,17.61924623716074,32.17809199421504,8.196473675823865,49.776243351616884,watermelon,9.130880538322495
47.26154684282179,122.18575753401161,60.855217690882085,29.286457301761228,78.59054014568818,7.063273765725265,105.48698947508475,pomegranate,15.763732154197719
23.982722547491147,47.552496173701336,135.6325581062566,38.14914455345448,90.98431375841363,8.330323882676513,240.76525611092364,rice,16.335239140500025
124.90720689660219,5.026375937921466,38.8162140711985,21.69278162279476,56.5652032362303,5.633651914617554,126.85134316281602,apple,14.92181574500226
69.53133551192312,117.32960608229699,100.81401262067024,10.54000266835645,59.50108291054732,4.635875080454221,290.5481549979035,blackgram,18.647562900604058
129.29241939726984,110.55466650354975,165.98135536828772,10.540196668013635,97.39672499518181,8.133354960351616,105.33030670811733,mothbeans,16.10382348941505
124.73046074793535,20.76125465767118,145.73719549215915,26.22095429934731,36.75741291368086,5.7094691412941945,23.473130157648143,pigeonpeas,7.03343534261301
28.908904758606372,36.689209207808034,151.04922941802917,27.96424889150474,34.51438898744173,8.886197285811003,265.63329359133024,lentil,14.098114359775344
60.84870120194776,143.46397016902435,130.23523431862765,25.93949561704177,88.67065284863472,5.926451691786582,140.17112615097994,mothbeans,19.763688065771582
82.57348268523074,13.909727300129928,171.27470287714198,27.969355245316315,38.04530979416968,4.969286424116781,274.6955094422459,rice,16.93412950723243
124.22618075843465,14.05616509211842,196.16489674415044,10.754258748318183,78.6115319291496,4.911035318558908,274.9894422418391,chickpea,18.753397289355476
127.10279479458153,67.07320201308627,126.4179157437508,28.93922659275966,71.41880136144279,8.01316886542758,86.48137114494575,pigeonpeas,14.37335948471638
35.80321261664462,37.78582255416799,162.35006703088737,39.12298619424349,48.387294981905626,5.857843823755199,152.41119718705335,cotton,13.867654885337311
63.422371184616644,71.1490697009119,14.129749100476747,14.20072292659953,49.37700154539141,9.357663454505253,112.77716198885422,papaya,9.27025824808813
94.70236348756943,70.76412681869573,94.49362826449156,24.228652612937815,71.3607208889729,7.185037441756792,259.1580793421412,orange,20.27006604588456
116.31028154957754,85.08681007170212,107.53354519128328,18.80466469624365,95.22276036029714,6.485075206185958,44.385974702816014,cotton,17.1314408759643
118.1848002497897,79.42392504462032,180.97253547223198,27.243386627932455,32.07677561453179,7.8771010377354465,32.558999046599226,jute,11.87081777716086
67.34912907171757,64.05594499543639,87.20421505310915,37.22833007669665,79.98228511267996,7.539526070453519,106.62436100157899,mango,13.945390043387205
106.21150757824823,138.56463786190568,149.27869022125765,35.88641508737237,30.14726902231184,8.087860623657972,252.2845159222701,mango,19.38165878661256
74.74838107466505,56.66742304652832,29.20500009703861,22.568433705624262,82.58246334658926,4.855038322666277,42.450403942932965,apple,10.003896770048904
109.98209173237595,62.77454565167553,134.2192350010126,29.39350270373821,92.16273450520825,7.493462011595486,160.60301078935632,mungbean,18.213033991383703
34.46700996844283,131.34346302001785,18.28876887115498,26.019024176432914,39.94959866554204,4.5585330536545206,138.1695928357389,coffee,10.980617911791695
73.86236860096498,16.814933276235926,84.87374967893818,37.30403910346403,86.5615840934587,5.580256825058436,150.65017971522045,blackgram,15.979651136949137
100.75599468733189,43.55336439575859,66.26269975564253,33.6695547976238,61.24936614811075,8.491901702591763,250.27826462711795,chickpea,16.019527954490624
129.9962283009449,65.33793087186147,68.77336366422776,27.465962397823414,55.98206964063393,7.505370834001164,217.5640415402709,maize,16.770504719791685
97.48886121147348,11.268983070653551,157.38136402648308,38.39933301980639,53.783817900578256,7.08619690857166,126.09487785646803,coconut,16.16296609416808
60.872499989755,15.03966443867114,86.9257789790464,19.336524851901807,77.39844478145065,7.528896247263452,122.0862438953112,blackgram,15.895655021920561
136.64303077959093,36.98814454566791,200.4904235980736,25.9573811957279,39.5052332944756,4.9965110137684645,78.4819397976072,mango,13.085684321307523
66.55841119362434,27.403491104847166,9.670419265637182,32.68640841850531,62.096610621732346,5.946223859863273,272.0232912446146,lentil,17.570865136448603
139.38295676711857,81.35335697056234,22.640340757974137,28.2063202473079,40.610900500891596,4.65468822365671,291.8078030296295,chickpea,17.58894751674046
84.96891288171022,26.580306044988195,115.74229707160224,26.25114437230012,83.3331268823409,8.668249809687929,143.32357808747872,watermelon,13.541937988292819
41.26051103262386,76.0424912567639,140.47746430374337,17.051116444114754,88.14819573640537,7.224138287725934,66.26777412392889,pigeonpeas,12.23537622822475
38.06257899960963,119.34597021673393,46.461800637511594,33.47164988380262,81.42045461849892,6.002446928002161,111.23047291804595,blackgram,13.50407764678993
67.41652919171824,10.524334604725905,100.10920749736533,26.290737518729895,45.94248152722467,9.32014423582757,274.64729106242777,cotton,17.913649458391987
62.415288865613896,69.1852994396961,12.596312657970694,32.37580115881036,68.45257355822218,4.7887052593458685,210.61165002893597,lentil,13.902827433584138
37.855516328613874,69.77458470915509,201.19747563253702,24.502223079194398,90.44832657601816,7.443657610656599,125.09237421748853,coffee,17.563697210276885
82.69329744865573,83.77963786312749,93.2447427310653,28.1726590941717,94.31142974244642,6.311340435492956,223.20060970158573,coffee,21.239433893391666
92.25403824257354,87.79694631914833,166.3178684652554,24.29450151334878,99.72860647476088,4.797357844336404,20.886997602596487,pigeonpeas,16.2767550832818
121.63626250484725,130.0326287273581,17.491518723814288,36.50394288958182,61.38233387585955,7.052162445021161,195.44590310609885,orange,20.30845233739878
124.64580061364092,78.81166531757204,131.50882199316558,29.33410831363101,87.38584634893093,6.167036610795552,225.25433316079815,lentil,21.33357136486763
138.865523932416,33.091142436526574,203.92972831199958,12.694364628483221,30.16222835333697,4.720809680889157,115.69907332629327,mungbean,10.867946606400093
110.41135067083628,112.64918949506973,136.70810313401097,32.98347798386759,89.21450077744126,7.568020571187292,44.80931991151014,mango,16.115575010129874
106.77793837575554,44.24682451081293,142.48127282724752,10.73495344802957,51.429613861571525,7.245651681385864,196.98515226174783,jute,18.191308898126845
134.61382487500418,78.16072390714432,64.91313559077477,12.305862258284906,65.04369876492925,8.472577722453742,217.98421363467548,mango,18.58561113614515
28.74822024414842,61.40225956856919,64.05809880958866,16.971529691681436,49.67031492360995,8.517413716484423,280.1838550169191,banana,17.731742632674603
77.17243836125499,36.64405969423996,133.0952084351688,39.36943345524426,72.2445167230365,6.289070420567745,201.38888487734795,cotton,16.729689582271003
42.5411423045329,105.77080346965604,178.38669367037673,23.618405443250712,87.50023941498154,7.273286740175478,198.3854343826534,watermelon,16.01706083745206
118.70417532610361,117.55419105735284,115.50019348157782,25.605096769322536,40.00131729375882,8.376730752015678,95.99462652508002,mothbeans,15.502991767301218
125.8390603665963,120.32893261416312,149.34431054343585,18.146411422337273,58.17126462035682,5.0137412622621165,72.93106692370888,mothbeans,14.807138990790504
104.83717849468594,13.776547027061222,172.86769847120047,10.114597679757493,47.277670844133155,8.204520280760358,108.5556419242059,watermelon,12.289103652125656
119.2057591917222,23.19018943499818,117.99687153505072,35.99643945247261,70.02664145250077,9.03599910780311,284.0354687084919,lentil,15.64318022109183
101.01680733796017,21.2431753887437,13.45834984453624,26.938871529917893,95.11196758068972,8.721243512029092,209.2373690100142,maize,16.048669218000917
40.03437064966384,104.82644708880461,138.27708271564128,38.981425153860314,83.2726453175548,9.25386353865669,216.71134042974595,mungbean,15.501260402480082
96.12076876534451,144.9252747501883,25.961612999514422,24.957123985171275,56.958408393175006,8.829100826111777,153.27096468326366,pigeonpeas,14.179719728288504
45.06592688061964,56.61900392107133,78.96265119743532,11.570650605624172,83.72973399625428,6.582522159519395,250.21036830859853,muskmelon,18.213438726384105
124.3715812018053,107.26949053423063,134.5426342125843,33.88721786688563,82.78161244498676,4.6796933746077665,130.5256190765519,jute,17.75028016503113
98.19677125727318,108.40364413852629,68.12546875267,29.344978120669413,57.65916353280523,8.066034416413089,75.78027697033487,grapes,12.225957062567215
100.02399926611061,120.2633201749005,161.40306698659344,26.31417183598712,36.99067747953247,7.940222219180069,87.72888739516087,blackgram,13.711053757754108
60.48146561229112,7.705868328464145,29.873679800102046,22.40928024755906,64.50052091132127,6.521448736274346,168.66254995538628,coffee,14.317974442253838
125.31764235809376,10.83195457357554,84.52951591840723,32.869270960658156,61.84432226553109,5.836263148967976,81.5454976704932,lentil,12.044724023549398
35.066025771518404,7.372673084541339,159.0316423514192,34.214666120946475,38.41450603844034,5.827914164793031,24.914661742656094,maize,8.967858610176245
61.77147118019457,57.04350128688624,5.270725143093631,18.994015826957074,75.25211191465513,9.370972219081786,257.17703155549185,cotton,15.040655581111812
85.63559016456658,121.16683684027028,126.22931298669594,18.73432743355537,44.49664427235999,5.261638928313394,271.8474595129085,jute,19.315259968149874
78.0892483652242,109.64221692353716,99.76196567958932,11.735333483414818,97.04528606917427,9.213621595470562,239.85307208155436,banana,20.54294125406487
85.33787993603156,139.78756903544885,20.121008123350155,20.970422447841138,45.776688760473604,5.47916542067135,59.4248256899493,pomegranate,13.015691085658904
53.14847899701837,142.4314653393427,110.45303618305131,37.192628917433105,41.47167166463375,7.714094574000871,246.76085246096414,mango,18.005782924878865
130.09830117583883,45.67063079399885,98.99765363158733,36.70423412188044,79.54049451872692,4.811016130823514,61.244852398111696,mungbean,10.776987719405275
56.23000400930022,111.55236284334258,75.85355296820933,38.47213588944532,97.36171420914489,7.60454295108854,280.0248803641672,papaya,21.60728099631533
85.62315691701514,30.243110959188936,96.719588702768,26.826233900878528,90.47731065145072,6.906666882678325,271.34890834982787,papaya,21.26862953528841
115.17714487960873,124.52988903865338,53.395426063409076,38.81880926539599,43.78479931173999,9.257149051809161,298.5494023104663,lentil,17.714167269772254
51.145013981130845,66.17942399318693,123.71218707575719,12.192446860810449,73.56402852320723,9.405889183811473,73.23014193944374,maize,11.35092812281673
39.40057234843543,71.7660149055158,148.6662350744008,17.420209474572502,74.84306284842211,7.8330023952330965,65.55592826639844,grapes,12.641443507209749
112.59522931743292,74.84539303503186,7.420623355221485,10.271154072378765,54.99205407790085,9.13097034215891,84.02949828901046,papaya,8.0659545382459
121.76505075217807,107.04060191779256,24.079855462642126,22.86106062959301,32.04188345516852,6.904450733015045,205.48152327629907,grapes,17.213798605020475
128.16597159703218,26.53298344982509,203.01727521349642,38.645409791154044,64.62726327138984,7.063601239063141,154.8338152772392,kidneybeans,15.331425797874074
26.924351409907864,67.21114889381201,60.109587843896676,28.661186871129814,99.47096025623453,6.43161586538233,180.67555114926375,blackgram,17.934729215698397
98.79572884494513,38.655847805090964,43.31858914696515,37.54717260026311,37.126257806467585,7.029789538674658,81.8387792296425,papaya,10.241298675705561
46.98682601790949,65.39329082837045,148.8319793889138,26.8997392609914,59.92512819296782,6.131692154659936,255.1047035984613,mango,19.600168963512342
62.36604699203629,130.1732023546551,194.2913026300811,36.776746824594234,59.36135957701195,8.401827515034409,153.37400532430766,mango,13.922202143091464
42.33630773040176,51.419057869407126,176.00604032398704,16.212274276325658,34.9810799621403,4.845037963064081,283.4196657408702,grapes,16.745585899512122
75.20028746969587,18.30742637457699,170.3493536052494,11.429237723095198,80.87244569177376,8.369531108853327,118.72872966008029,coconut,14.660734840031772
84.69134632832105,44.54613969180052,90.04563708753878,11.12713271196722,38.95067608556923,8.327733752579304,20.00325773150252,orange,8.724612813049223
63.46115057584739,106.23795834355758,45.112050214596586,16.107351326390813,30.706342468231732,6.687409633041049,267.16562658855815,watermelon,17.426237168059057
109.02755923504581,123.77955307267347,89.52583940272183,19.087927169212875,52.77065938161218,8.063106665492564,248.6982506215781,chickpea,17.101875907279116
35.04277709508628,52.17506160044391,204.90878374381887,22.172535058451828,45.43419042823745,8.312414422377765,171.8918809695437,mothbeans,13.220332860344936
105.11849941671315,28.424982560148454,161.12634348511142,27.51318341542335,96.65552499883162,4.712111491034459,94.29131851553075,kidneybeans,14.499998934073643
133.90503522446147,93.50232988610404,30.988274453588247,26.802750923301865,84.65122972406307,8.042448487463986,68.18498420267262,chickpea,14.330865517307185
103.66512582915641,105.00572900289966,97.34322876262382,37.629835632897276,78.62167990772997,8.144905308279082,261.27345306045663,banana,21.717600081361148
23.702948516968693,12.265341932577522,33.43408934077911,16.401800439270687,76.56023359668838,5.286631400009141,53.28482952958016,orange,10.20822980470371
133.6508800530223,74.47622540353062,81.1035419739789,14.89106010794773,85.03439565827406,8.172219660377957,127.61941078675777,mango,18.42867880034548
113.86055157094954,22.413596373785406,164.50947210743988,28.477357470301637,89.02946636554816,4.9875716282044875,176.51457754793674,pigeonpeas,21.414180885913787
136.04423303073753,12.233621032114554,105.95911966090563,31.553618419676503,90.38483298044252,5.39627805953895,244.0009748938308,apple,21.327003325849454
134.2960540025416,36.74183352619485,180.8682040353056,34.26369953690615,77.40066887203716,7.6251459304260285,108.6339062750036,blackgram,15.723976181014246
50.05614785509988,92.48237394497984,119.34919662874974,34.98491130364813,93.42609423368825,4.560783857386934,208.72557733646195,grapes,20.565506613801286
85.86303980928271,45.268582066114945,66.35531990442824,20.588755103570698,73.4904714334727,6.170249828343846,225.15573416527852,apple,17.895469859765576
54.29099895112472,65.58736314389677,142.08877664438032,19.97368471446136,33.960995930270094,6.369605235064068,284.445603154405,apple,18.4068481161314
114.18341875506562,107.68814450889454,28.238191305089195,33.42987680844975,84.96881680612105,7.5055134781216415,297.3012989595441,mango,23.340309389547393
137.6442489130622,14.450356535735072,108.74019887611901,15.380940460366315,97.9473581786821,5.066517523637321,133.00828066124555,jute,16.570180776255683
42.77783635665872,86.50565221296257,45.888114789909366,25.591127886834528,35.18295525386436,7.527413346072024,164.7011829558843,coconut,14.41530611376616
102.77346190977454,25.151867900112318,124.07193225172081,15.16331808468333,94.78655454963166,4.841670524228021,140.50492991342213,kidneybeans,18.123878868820423
91.88535045804579,92.31082896063725,134.70096402373764,18.02206083572624,31.057747895013254,9.32507684727236,90.2500527935087,pomegranate,12.010067740803557
90.02683607897822,78.60587073827888,54.90487336764973,10.060555532447017,42.185717271800044,5.085330207120843,145.7437286030651,muskmelon,13.261081999035614
133.36835105396955,108.11493196687096,181.59876496595462,16.078979024060295,71.13101097765812,8.005697972087368,210.43132792515235,rice,20.44066937095052
132.3520567295863,80.87861048456723,192.93030225870163,16.61451080419912,80.80081372548723,7.586245104243629,227.03430435276732,chickpea,21.328366479616424
137.2408345326732,19.26503412221115,6.663988445438402,23.007483778978433,36.48378381359571,8.241921748381156,276.0736258775965,coffee,14.01819393519566
72.60619760369136,144.47672011348274,50.83439024283243,26.40627897628134,76.94728677676278,8.00433817930716,77.12690640680204,jute,13.302743475250223
43.91244037601609,127.84580653162747,152.74463014531327,10.412366620340357,47.386338225886014,5.572032414965823,95.82577185035233,cotton,14.399645199206653
100.74460023176957,16.360884995073484,195.29814203535744,35.154755015290746,86.35632229469638,8.614919025208838,281.1589422771732,apple,21.129941039185343
114.41234040285528,60.64274196587283,107.7222093088649,17.60071510178984,99.13617146388762,5.957478704618614,235.80790865355448,mango,20.465886905301126
84.59983319068562,42.639492013507095,78.68978398331578,36.86038267459508,76.6524133268785,8.436935133761665,147.21671845894343,lentil,12.965435178280012
96.55451152216865,121.71003878015418,104.88635397336706,26.050765137967986,40.107134249356704,8.419936793446777,137.42909126675204,lentil,15.883038085657914
56.125529340117566,75.36837396821826,16.2352154694878,24.732871881494955,94.89774402008992,5.026966090539026,234.0434038611412,mango,19.676785240786618
21.379096795773837,62.228816572078486,189.80537408514658,13.356418496473715,66.14970717530278,8.432611911954236,283.9087661056327,mothbeans,19.071229642449342
102.21611718493808,20.460460877554375,62.837489259189965,19.29420625967407,47.49698624783349,7.075028298548616,169.9550681663083,mungbean,15.006406564982047
109.10369994085057,15.729012906534834,179.52716050936706,34.84350487019029,45.12420813713365,8.546621991426312,240.1801652572148,rice,14.82210947973087
47.814030834722004,49.60525478690501,185.71168868650608,12.329223279663438,88.0209893377071,6.244450375209118,166.0478308831803,cotton,19.67588635590358
101.23289395962048,122.3071724792525,176.75285586989443,32.450675609972194,60.74474208748021,7.552733775077122,64.90231371352809,coconut,13.596823293496982
66.17643406653238,73.51270285589383,90.92171842647267,32.21878446683111,90.40806792908738,7.1594453950375705,241.0410143746535,mothbeans,20.418903583564074
84.96435321887225,53.33219351379614,87.84018511436607,31.972415944380057,91.71637376328988,5.107476955438827,197.69899181646653,watermelon,16.248332687125604
92.9303219714783,39.34932398326955,16.54643184502344,21.73098607382196,46.39423596484339,5.59776961614901,288.76158475976746,kidneybeans,17.498041122662965
138.34960063416818,63.06301577544594,155.773014767385,36.144052641296014,77.52849451266293,6.55932370208748,231.00649660881083,grapes,20.706392481920346
124.4632359523261,93.3986489705727,111.50081328319636,13.461839265367521,72.39465225263879,5.086019528401167,114.41784115841058,mango,14.253030153906835
44.750253660338316,59.86031224632364,184.13495552375574,16.12949150196911,65.54635447711453,6.59635830583011,25.074731492804325,orange,15.6692322273331
46.62805529412474,105.04977848722139,181.3126909881514,31.939495591098886,78.80927933376998,8.26319147035918,150.21546952418043,rice,15.427328354112834
121.19914013454598,72.91325239713562,71.72567916737313,33.7467460777411,61.590587912047845,5.417210982017172,259.3927254772128,watermelon,18.373266803487255
69.1687083731527,95.6883926130479,8.101666125318436,18.426458955587314,44.55694515025729,4.709927144547941,154.1928251760705,rice,13.848633424176443
85.01131571210759,140.52921368710625,18.31294558284457,29.449540223562867,35.187379580240695,6.377344642332502,245.0680726541651,mungbean,13.974977660203951
28.400421455967894,107.09286400791002,126.68178717600355,31.199027904027893,56.213627997761186,6.347409670156901,32.68939810905049,pigeonpeas,11.44273962641067
131.51460827144712,58.09171520526286,171.27354124439398,35.269765142498024,56.126880946546365,7.659943401980945,46.70404863645642,lentil,9.476360836921248
82.52878286100653,54.02841875270224,140.4946829646946,32.75505642749172,31.0239781214373,5.536211498844391,219.7060430633343,coconut,18.642602566344202
99.49807363299298,53.57477236283818,83.15103046592742,14.760366210690547,48.0761713766312,7.5270587875379364,141.28567116824658,cotton,13.734573361196434
95.88695891940648,26.90674024050408,99.78424402322054,31.49191335874297,48.96598888214558,5.511270902622675,107.87150630283635,rice,13.119379717667513
91.97255779645975,125.6119190117651,178.72792796468514,31.73033218988619,82.20273653532882,7.289637225753504,183.70706524643094,grapes,20.3592071732536
135.01974028012881,65.35216076726053,114.86852898055153,25.997541978373075,74.5733201931029,8.24116415665948,83.0117253278442,papaya,14.210878743764347
119.11012487792365,69.8360599372516,60.691509274714605,29.64127226068897,87.66371770593861,4.815701464636956,237.50133535402358,mango,20.431666947979082
114.4050008848771,113.31275908539321,154.56771488241435,14.51824309654822,45.206162051710756,6.819950657322125,93.92121798865044,coffee,16.170708394700085
126.61569319075048,120.40576486309769,131.00797569599644,35.7436118275331,84.86406723120744,6.644924659204452,76.29824257398464,rice,19.94214621440788
139.53892081985344,120.55819297735273,173.9742695510458,17.470262083272697,70.36916792004294,4.836279569836839,46.57702231006752,cotton,14.949014629316505
128.3712473451846,135.69995168407073,165.2695983747617,30.227765260194975,30.40030069525525,6.829128766115623,179.92544361426107,pomegranate,16.055009406768768
22.691106699446614,55.45975579980806,161.7476502150473,26.985420736752125,51.894459244724786,7.771710027463598,84.965090486467,blackgram,9.121852750678414
22.057973829823773,133.32446222993755,146.23170042381082,19.26867970204458,39.28512043206672,7.058178589475386,21.49692503922205,coffee,9.313387671466131
66.87123290981387,14.705966254287066,132.66444795836532,31.9901085888506,77.32877783118032,5.192177466646972,182.07524704996592,kidneybeans,16.78990155008132
91.62222522653113,134.9454937359532,190.82790400309256,20.25715834316471,66.93742263551866,5.558179492849306,298.77671065968735,muskmelon,24.70983638259314
26.401759638667723,68.66700795737255,139.9572604334821,30.32594841651054,56.11858328956685,9.208459933290154,66.85996902629867,mothbeans,10.34696008765753
26.52688982267734,95.19594131111361,199.84953082895123,12.094019638438867,68.82813968460604,8.238971748796862,246.87240427586877,coconut,16.87731988364713
74.62063900803878,98.48648282444141,172.47341595403014,15.091852857307694,31.340140759778567,8.395512931978935,190.71527904273245,watermelon,13.118488454294111
74.42947999074009,68.68214199240154,142.1401085867288,37.3063910460327,74.73225112404447,9.267675489257545,266.85237916583935,lentil,19.732882019720854
130.55690146555708,86.64671259879366,123.56803610162203,20.6477398263103,33.639254638439525,4.658718826864943,138.53384036289532,banana,15.17127437494958
92.8216346648167,128.33622078955204,181.58296330374444,29.77136230396697,44.78622820310517,8.81498415679436,268.10616188769825,orange,20.640694787127565
139.66854798843232,9.203640746114994,184.47317315818637,28.678916007959742,98.13678334153748,6.825047587632138,257.26862055998464,jute,22.67183958688527
60.233486009395484,14.382315285169396,200.06862669581412,34.5092172181551,89.67831948721793,9.18982615716947,43.828976113539895,mothbeans,10.181634656077431
40.1741754079155,71.49313513692475,16.044504148605693,38.2715036200683,35.237484363648115,6.6922835762528905,168.36675310478734,maize,11.030785226570417
111.11510083021683,140.48660513773868,92.94809730158171,18.351054449879697,85.88052380464308,6.131269590205734,103.82734463749752,coconut,17.681594663800063
63.87148412047601,54.517536121302754,65.49580583358531,39.26119831439263,41.90807921164971,8.991190319766176,237.50493299916863,cotton,12.493680802337186
123.75907062297681,26.689543560081972,21.54736712363798,24.536139852400325,51.16936578949755,7.31704182241927,245.06536933537305,coffee,17.81376636430085
56.43487257726083,48.636575992105804,5.628181209624423,15.227302049361386,91.27839375852841,6.7087324581885355,295.5856597856415,grapes,18.88428578562056
118.68574534224253,12.97702177963156,88.72145498366599,23.75294272394314,80.7504253409383,7.371437875451055,206.81945441437068,kidneybeans,19.306569699637873
25.395372990986136,22.689907384031486,117.51104025460947,32.95480986450299,95.82934451105228,4.579115859984104,166.37283963732355,mungbean,15.457180434920073
108.99697422032507,73.95966990546167,101.6361726627337,35.14691263245402,55.298264534703044,8.798973374058228,133.9053442664826,mango,12.94523747038828
43.57030590464208,138.20227559283288,40.09832547627148,27.031819537931636,70.55201266633566,6.9481223102512235,200.5286696015092,grapes,15.092282963684594
136.4282413297852,135.52518615204286,153.3205238903571,18.382476525282158,39.21575121552809,8.773517250465988,66.28464011862916,chickpea,12.148404597136894
119.08531418728003,44.99905947252465,190.42475637288987,39.09779576035572,69.98823289559681,5.215005613328632,124.87350814628275,watermelon,16.652936487707215
132.667395204953,130.15792870657452,72.49606513497963,31.88391309494991,70.12562361147141,6.188246509996173,296.7860614387251,blackgram,26.388142377807768
110.20114064275032,92.2868962727015,125.0562921056074,11.6054338873913,56.35712014525088,5.66027869850578,94.30363124855312,watermelon,16.222879053819838
62.146326481853706,18.128713675982308,102.22609704298482,37.62218951027906,32.804138333548615,5.957304567468969,78.11146213759697,apple,9.26106871058983
20.772225379615485,113.15228005111656,145.49766831769378,28.45760959847242,83.22970181777302,7.064610823873829,217.14331596997494,cotton,19.349308566021538
112.33386728984566,60.70119842243981,170.51061045480938,15.121250899374406,32.13245804162721,5.522241862321366,115.3152357119927,mango,16.81267387581484
76.19962231205761,113.29738386108421,29.680163041119286,28.78967054968585,49.49295102492866,8.764909976652957,279.9473815781661,jute,17.512689337780774
39.28155016542142,8.496032696386944,94.80775358602517,17.124356702567724,33.47300613371862,8.122991434238145,51.246039988029295,mungbean,3.609304648649486
65.5701827503181,117.2024086712135,83.41871538091453,32.52308947633167,38.78404077594055,8.363857098325395,86.34133097386162,maize,11.656860837176449
87.89378658091957,135.08026040963622,82.46450359506281,11.984955665033214,31.340883988587702,8.634292804863765,166.92597854520102,rice,11.867948728491314
55.10197105715024,51.508779932625025,63.75518123487815,11.244975015492383,74.59662905771097,7.486462101767346,202.94737957403058,lentil,16.109658933208255
55.47854499349823,91.74622977228913,124.92551369198428,25.189909280628036,54.52892750071382,9.06465502387345,115.13566784367626,coffee,15.74383009417233
104.74953950663146,92.17653573297164,203.02176921737316,19.356383072911758,53.798030465527376,4.8946970147327775,143.98347823224648,orange,15.778944896034627
30.678765782761598,143.83745027214326,113.2005797855325,39.54537231901282,95.72974954601843,6.764068571054584,75.57750088949774,apple,14.655043485055788
52.75399936777854,52.799537744601764,94.75576079892295,37.396980412643686,43.25753925193923,4.525132763049015,36.826994905887645,maize,6.211238074492192
110.14125643448513,110.54153157938782,120.57822253881767,37.13079324981572,87.21854931142767,8.285240573493127,35.56954607052897,jute,11.767107944746458
122.73589988164922,54.94761962725816,156.49288909014354,18.85217047792928,50.919999468132154,5.03528589277093,143.21625302263163,banana,18.702550768368308
42.155894881684304,52.89506692090316,90.99152395596434,34.92847513165205,38.392376543089846,8.174629236974472,168.8073759730055,banana,12.225412527783542
91.52983462859672,65.73814919973418,37.88110581577575,13.497492236670901,68.26869774504911,9.012065166430517,116.30815223615195,mothbeans,8.406129759129831
21.821225874419227,86.39839478148288,26.17064717558177,36.19058182089148,66.62001144880156,7.998449545293543,135.03998571533901,mungbean,12.104703551223412
119.18612890297571,117.13729805647108,25.890903620030276,27.305721433981006,62.47871887168212,5.0935454775455575,294.5591035770026,grapes,21.318957551942827
28.068101610867338,88.27863313026734,152.77333542660654,10.973303381415608,76.11023471089155,7.161459379757272,48.914202485013554,coconut,12.857391544040574
70.82574991902756,116.09989163543223,11.35569687146489,33.461523077912744,46.80495183412965,5.221546003608015,52.396369090484605,watermelon,6.708259485697224
82.83037822657434,35.55638217712213,202.88635315592632,27.233102676166173,39.65196885492073,7.9438127040568265,271.36819862272307,maize,18.4210961112626
62.09829312020187,55.758371518273236,166.14290513364358,19.84538448392836,44.63415615947922,4.923441709376534,150.67407384763436,blackgram,13.232738101782985
129.54709336838903,84.1963440997408,41.534476847933625,14.187966020794002,70.35307062904278,8.30941805931222,238.821581367811,mothbeans,16.314280865254013
101.50389814414032,15.719556180695458,89.15224035318516,28.050464920548883,95.59762614437739,6.059010684778843,89.93620548502554,coffee,14.845123659447232
136.5381088841943,83.70643354903352,147.95065528878916,12.053513576980503,59.23668970718963,5.08179242582248,191.58283395022292,papaya,18.365364909354778
97.78830768585163,37.407213427818355,141.27060264826974,38.20549573756248,33.2750091480238,6.098260276460312,142.68948066657947,orange,13.51829875176127
50.6403648515893,19.822404549838105,75.9795366973108,22.395175516231586,77.30760475728516,7.790799121487868,39.63027909955194,cotton,8.685731078356975
119.27625796846951,10.868130340276053,88.83657518042426,15.046109672995545,91.55311509749319,7.285202566375176,84.78657818551744,muskmelon,14.085710907360564
107.7783631643739,139.13652124872073,49.08920084908379,36.58545316388035,95.40128799172432,9.08210272266033,197.91601992133477,mungbean,16.234485908293284
57.77909952219786,11.0273363801936,161.19277272888706,21.94683381874035,61.07326826239381,8.967972932250657,204.25539548114182,kidneybeans,17.508675136305932
133.1809787553542,38.20022523687957,26.52283695197177,33.04384535142647,65.03341211067027,6.668852830090088,89.8608623111677,coffee,10.67947107472943
88.76506407428188,50.529567478669584,12.853882848330462,18.15995816033068,30.446533038461347,9.391773935284284,290.4092187495293,kidneybeans,14.530765877624082
48.06763177666441,34.52407187531034,176.43833141191774,34.6128046077706,60.84014696086151,5.162023067482273,127.03063055368834,chickpea,11.508364784198928
23.092351851722135,89.49403291015693,136.90119633026544,30.641366712223864,38.42713051523623,9.192648917365652,70.73131813402318,kidneybeans,11.433937521969236
126.45431806684381,63.778817676084465,104.37910370000978,37.508261446027475,84.34033342611635,5.152506320585921,178.31759093016785,pigeonpeas,19.57020312233297
30.09531947112594,60.03454705831615,25.049112744575325,10.497774418977937,76.32030778507696,7.512247209832939,65.64535186816813,kidneybeans,8.856623544483549
48.19931330416299,121.22113761970854,194.65030755801587,19.138070673225712,48.516106279218675,5.8994632612321345,97.76134445823627,blackgram,12.843645710628223
67.14741306718147,9.011339860871633,121.65047846251136,10.339076097670674,85.11603707044911,6.032164113516858,31.27224084258499,pigeonpeas,8.552400734514581
63.69353300125993,84.27010220536631,6.251494205294046,11.856571050414257,67.47575588271559,7.330358232240826,230.40682444861622,maize,16.28315963905029
31.183534347523363,62.46941116847764,37.66732961781145,16.65345934576956,52.228820590865126,5.796942003715982,44.52556327366499,grapes,6.783832158574623
43.189929828100176,12.078286314335454,130.29140393538543,18.61980149526706,49.582217743834974,6.159991471188826,205.58295677872206,muskmelon,15.620652168973407
78.12694227210191,102.13277797543765,115.55247360671663,16.487515845595865,44.60118574187355,5.981960034376417,275.0247478715477,blackgram,19.062201122949457
108.06864524022433,53.51822637431666,86.54315413304505,13.76696735911754,41.99064704751693,8.636782774130728,183.75481687288698,pomegranate,15.015141691871795
96.9805377507502,41.37593931164192,182.21722176270328,36.8706983279985,50.81010429969285,5.649968769816203,135.16511217854475,lentil,12.82526561603185
125.01416534696564,115.67287143803429,33.22151880427022,26.367463653761995,37.3914082183648,4.7264732180653874,203.78804062773483,coffee,14.593837058677446
52.477273037811884,16.372148872934176,203.51635909755268,14.686045237917979,99.18946957744367,9.386399662832236,242.2690690942511,chickpea,18.832529442222242
89.33684603013016,126.25421635289686,62.88790432389759,24.030436374546312,73.35729785565513,6.555952379347455,139.69620714527503,blackgram,18.115225193260486
97.3833467377976,8.294549217973827,90.92457277936883,18.368142282204303,39.042211167017726,4.997732564043876,188.8938063721069,muskmelon,10.560052075455904
118.20565097354422,10.619440271951312,182.9826752725725,39.7588824171593,50.58472235237445,5.551592781428968,234.3017418802514,mungbean,17.588077880772335
27.320857160647385,45.29638183922482,23.654289355633978,38.91469482635421,39.45561023580325,5.25887704925551,269.08145313253783,maize,12.970619434217886
92.37801441475364,100.55454433528102,120.07183462581972,22.87187107907998,49.31458860663828,8.34290665456601,83.35628040089213,watermelon,10.478234676787054
99.33688141144358,96.31294943854171,55.21602073303355,29.51275746471593,44.86337820008239,5.110037067884445,216.3873199567132,mango,17.79066337321477
139.62910623072264,30.683336161032106,123.82837255129151,22.34123714237768,38.8470495683967,4.639219537887067,194.36503904199333,jute,15.952991660082162
95.76503912579011,64.69576995222715,114.62904054560441,15.239415576889886,50.71524206056313,7.8191223742636256,290.28476261651196,cotton,19.351403094280204
126.84611850263192,85.76336818356918,117.78391335112474,25.00835605623281,34.85758601329284,4.949384258680803,188.25536158454412,mungbean,16.660274560912526
38.08249844010005,124.22320470259066,203.2907135685584,31.805164931447127,84.93387772774915,9.472076337794366,189.5347501472647,maize,17.912325407395144
120.50370008912668,91.02800885162837,121.23908474419132,17.609066665421146,82.94339887080207,4.908336379300481,278.80037982250514,apple,21.499621813108817
21.949213185134443,107.02892762309065,69.70608249709831,29.95167967019893,68.96048999515074,6.213654627139536,57.68135478915017,cotton,11.17018558943091
130.9105129523739,69.49377617668848,104.79422338275319,19.547861241571777,92.59855827794897,7.72451452646178,100.71044160686317,maize,18.148994583655753
105.4564455056726,54.923464638068786,55.89626632365205,10.386924093685764,67.82095847330498,8.75575367712991,288.1368609563246,rice,17.924791962443674
127.85454676848173,82.435675948172,167.45162419806837,21.52127915173301,76.6387503035327,9.444177656945822,83.20376267495567,blackgram,13.807884086730175
31.597380114530274,29.76557311535775,202.46723171590918,23.32310670719856,67.23102365535115,8.868092643686076,298.7592921373926,maize,16.290276611439808
75.6577099673216,49.80382431873487,100.29225424787991,19.54912284077042,64.2325042715334,8.797781984589683,185.8443838973868,mothbeans,12.963781602566602
99.99405018552469,21.738679685287902,119.52857062311692,17.70230488929274,86.28669687435149,6.629688542334698,298.5115662550164,blackgram,24.183277399628896
113.64174352881902,99.3182426959019,158.49976611814108,19.22589386471369,64.44381425676804,8.482542598618542,85.1115728538394,mango,15.381917215385334
53.87149644955194,46.73059107347519,60.5690326413131,33.14536185995463,75.63306058937223,8.662085917051265,293.13244792792614,muskmelon,16.144809006353384
85.32138651611854,37.72371088514419,132.5548283691183,34.60202506166948,32.910527189261565,6.990649717740212,213.00691538875327,mungbean,13.187141168684663
38.470341173948604,141.78443471632463,113.95444539655776,14.070649533768378,92.55446773422935,4.873192155397144,274.16592128970353,kidneybeans,19.191302681789786
42.79233637490731,103.24335834281601,116.29292746976441,20.75864745860774,93.79374330550415,4.604670589133667,108.41648234985888,chickpea,13.605879473116254
95.37434374922861,135.2899466892744,140.22100516287037,19.217168855431616,55.901716689997116,7.2523588855147025,241.20415563676696,watermelon,21.38634950738608
90.14517359113498,140.70505371978504,80.56784274543733,11.861102908863446,53.75136871166972,7.029658271597793,65.33844185701983,papaya,9.683962560253615
33.81754140742414,128.65830419967133,87.9651311042704,21.618232342745237,76.1783191051332,6.710167104655618,201.5053712661969,mango,18.124775634897095
74.64597625767291,63.094461051155264,151.0984954964599,14.06066304919852,43.83474544137911,5.402591141962118,93.49176383395407,coffee,9.961445033036306
55.68338375701668,27.755318245619097,140.12426191964866,11.142589017979578,73.39779954119149,7.990992153382499,80.17662878828136,pomegranate,11.613006824034855
91.4275679263282,127.06782857927077,120.39632248353638,20.36442561170337,86.21083170684244,7.201394465937105,42.198479696733685,cotton,16.427737963172834
40.65032389431517,128.02769497100803,116.67046301282272,36.098134986930674,56.00825579239121,7.572000037156619,166.625756495291,papaya,15.602589862577997
110.61603409342351,87.12734855971277,170.68773418779816,12.4056027043634,63.37872144131871,7.650465634308317,252.022813713121,mothbeans,18.29331050629022
101.41894023806975,50.23395823328722,202.5499078198377,19.7705440619186,57.58952327478397,7.516670981060174,244.4716020935654,cotton,21.04870249731543
81.95399590372088,86.29033162734878,192.1874496497119,30.16752061882584,63.68945658534659,8.548375181329448,286.1491898672345,pigeonpeas,19.524062136303428
93.24529943819931,8.375427077213356,28.291786096342506,13.812887206553178,43.24985521412066,6.796657204002714,230.59603587219993,mungbean,13.352723355433275
120.24470363410953,32.5643020485957,93.23011044612647,15.98234793275605,48.51302716670335,7.017734907559431,39.07052692258631,apple,7.091666547165439
69.69692818587995,139.11242038965926,113.22276497576895,28.152685556216152,45.434134759032446,7.628253947136383,180.05014185522427,rice,14.335003199372455
118.35314636789599,120.4795274481945,162.54843766047398,18.500922066733544,88.60660527552727,7.214990663026347,124.66627048276068,mango,20.412334170843877
91.76109407944995,58.914364395224155,175.9611557598523,38.57245917989931,91.84953098591333,5.853099973467984,74.36560333290304,mungbean,13.945509313180077
80.68360925376487,13.685798373917601,19.231135775581947,27.21597549031289,69.62128974214747,8.890167564222285,176.20462918482048,mungbean,13.473645897734393
74.14318297408684,51.25480631318631,122.8429228695711,23.628351903694675,61.60959106239026,9.184639318655694,295.52882399815644,coconut,17.8736886711647
82.22740263988807,39.41864194907604,76.6279433058289,39.685160001529674,77.90199742477412,9.244903335235007,59.91583540927237,mothbeans,10.752435260132202
100.68677753584454,28.782163216626685,16.083177688448885,19.934394674924494,83.61801023986254,6.568393394926302,202.83241813422302,papaya,15.44401372779835
22.66621784306965,143.39559818639893,13.28561776387755,39.034082129454546,68.49049248550787,9.315795135325333,52.13100783587392,apple,6.785635561821475
41.48379649299005,116.65196634150801,140.50916103675516,26.407866279564306,63.256291100673764,9.112171418280623,40.365785378027155,pomegranate,11.103123797765909
95.32944978768036,95.64411170437644,173.75100879745872,19.74768383219924,78.11068938077622,9.30807903523083,224.46813362020305,papaya,23.600125421611533
137.386480223187,30.324866193045764,164.83159422095642,20.025781425193298,81.16092420433122,6.6000550214783145,181.9407336726312,lentil,19.46867025342363
82.62611937895318,14.516261974716517,41.24511220994191,38.71590890557704,92.30966374128397,7.761375554495251,148.70048726800647,pigeonpeas,15.634190266173222
27.10124862362502,93.59236549261097,158.78400891423368,39.822449639367264,30.77549868160168,8.150867266553384,180.10100846207453,watermelon,13.71334402380688
35.3084209485645,62.27192080888267,75.87543659722706,19.084896669362266,81.16157363255454,8.003627606421318,184.92562547465525,grapes,15.727437682148215
39.37494008770881,71.04357725258147,115.69435524196997,27.108608161941714,44.70750350386463,8.211356961261433,27.055746549899496,mungbean,8.779801242181955
76.76330040116248,11.064138255603673,144.86789325052862,19.916830069188727,82.1315709480447,6.562015302339331,74.81156979357489,kidneybeans,12.373456442283715
35.98185508010281,41.58662250395373,88.81989458341705,27.97897861019166,65.95954986507134,5.940922629797647,21.810020181118954,orange,10.07451125470467
128.9618107249969,38.960957250335525,23.261760508934046,19.560688119715707,37.32731793748734,5.142982429802762,180.67816743300747,coffee,12.111830730008505
50.43353250316499,94.89211102933587,60.10731342817024,24.835633753612235,38.51867147086706,7.440468188027235,108.50175147611394,mango,14.144888672308769
117.00738587648274,90.63049871459894,64.14951251900413,17.67231104644901,52.91946711134136,5.323102566182524,70.72811823800562,pigeonpeas,10.849404220546882
90.55899553565993,64.70996461386056,128.08415596416708,12.447247768340977,36.145176594071195,5.359147301788292,165.06169945129653,mango,15.61028914471316
89.47731758649742,7.0452595952436,77.07509847263414,28.145182880877435,57.12159071457771,8.817399474564066,106.4646370978923,pomegranate,9.74002277728307
38.45404466158594,129.06398116783902,96.70371243740307,26.937719168003905,76.41190426062032,7.895333022478187,280.8873129286223,mungbean,19.067529451490266
108.31015442623865,34.175940306566424,31.585608541596528,29.154663543974067,52.382023678538644,4.785585816852216,58.536325631541175,kidneybeans,6.646097304885461
111.20066539545182,48.76372348716202,87.13652660205656,16.290708322906028,98.3592716326033,7.728012885292058,281.67228660034436,jute,20.376642123027658
64.8736561374881,129.08035030380046,35.274234252654985,14.556585170098908,52.99907049200589,4.772330236834188,71.08825138269722,mothbeans,9.454636122815428
107.13335112135643,56.37459698100807,34.44541488210339,16.197430486653424,51.92865336064273,7.680342101761129,131.51855374493522,kidneybeans,12.894941316790467
82.80886220809663,134.0118748670385,167.4155222017358,34.75634113778894,85.65406123242917,6.1186541280521185,234.25427345122975,pigeonpeas,22.37313829643877
65.20117285153549,52.49369256433709,17.486265455556065,24.58520962314649,37.630953094865006,5.74269910463713,108.74393409483879,chickpea,8.831347184149395
78.27762384011325,81.42929466326,190.24104037686902,36.13945741740561,84.955856006783,5.868492288391855,275.30921603210567,pomegranate,21.975142539032934
97.48700520212644,76.4798572219905,28.990588346193963,19.36192133956062,86.16772213875427,8.807090230477588,58.44400916035966,mothbeans,11.437607810730295
59.45871414183312,97.7239234223008,155.36502919133622,34.3583870391365,96.20247915581511,6.064597740144113,260.38180727443523,muskmelon,23.217085680267523
101.32678894415845,40.32406305892142,179.60862940304068,15.06575390111185,33.75443540645816,8.08732495305956,153.13320026516544,grapes,12.268234656505681
30.578258976397336,32.23490464358777,169.11042785114375,30.299339044595424,74.52331396373887,6.508965675547122,181.791832023202,coffee,16.818341284791057
119.44507805816076,121.13878019562698,146.87776436487724,13.162041321893868,88.71977033328483,7.855064902664549,215.16676648120387,muskmelon,18.290757073237373
56.50902365926349,24.494558243175334,127.40170599189106,19.189029906626125,52.82754967588014,4.8545797974398965,117.94289730612574,orange,11.328849008573469
49.85501464870125,136.88815072840336,64.65449084682456,33.26515890156998,57.51852587449554,5.19627035392352,23.000283354700507,mungbean,9.934581754383837
46.582072653572695,12.862681386463834,56.127818759072305,25.826909469982596,42.0117456945633,5.337298722589942,149.52619318944286,orange,10.596350481191543
76.88075191381341,68.17732597023601,178.83497148061747,25.901873651551973,62.75863237346304,6.553546226958331,248.93454592525612,watermelon,20.220205228098173
118.43039827338677,95.82459594530255,88.79395475590488,23.740858497516058,47.9653045030267,8.260571663484875,163.60492784547498,coconut,17.666237510290504
121.47842267328109,41.34445971918699,5.328751422489937,21.29244887562082,69.95330366713515,6.893524289827613,261.38131992144713,cotton,16.83760237509763
20.027244586190665,133.1002152846538,173.7758822461858,32.268766944608416,41.747021695222,5.10181788104993,38.92932985226729,banana,11.197131587470121
104.66752539796293,48.07839387457814,53.43493006949411,12.19010778698882,82.08200062433737,8.055004809749056,85.65985374874624,apple,13.319176902476645
130.14090597122635,20.124054048821094,51.52732767735499,32.507823822619464,49.21546714549548,7.623319871418584,42.725982849840065,chickpea,11.71473314726265
101.07041282809266,76.24516980978322,177.28913720426485,35.9810702513727,30.693748684380754,8.390231532415996,149.0054080676687,lentil,12.000899339329704
116.96813805392271,49.901433424394064,117.48587482358418,18.383359219567076,84.77501010662056,8.932512633209512,131.6198983796579,blackgram,14.6101433523545
123.05137158064447,50.62338796621065,195.80845301561715,13.65638505344151,31.279254880645436,9.020676762890954,39.221626521404225,mothbeans,9.393067500805367
56.9382980031343,38.76313000308667,51.7134722137222,12.04559859296388,43.09869892873512,7.277747849428099,101.58110039456845,grapes,6.776686535554118
137.29955098506719,118.10119039575737,152.48198886238924,26.111239442259226,88.79984324230404,6.196614178278555,218.49175157652851,watermelon,21.37801566190207
57.75546907222385,99.36245488375542,173.86297283047648,37.47422750052017,80.25528836580713,5.9180396170856815,111.35900243930502,orange,18.56061033453221
40.2572006941477,124.55200349985941,7.645762581058797,25.35341369708442,83.86098055950897,9.173977587463916,274.5765981378164,muskmelon,18.947436917734162
43.90636230044918,44.785801399642025,62.7937049842117,21.311617930050964,57.53244692696321,7.222776623273377,64.76633374260359,cotton,8.85511807236573
80.4014156727385,116.50167861328683,152.89384664774545,29.366030692315668,40.90412824061191,7.235226728077889,44.485020503967924,orange,12.688095914268091
46.46105445639776,31.03461105803848,195.16373198328628,16.296928887586922,48.26430057551177,9.34807969452169,225.71839967420718,papaya,16.481554881318615
36.94388762446219,111.89221811354972,26.736507874938415,39.43772732173831,56.713154937639445,8.376172694495281,115.9255031871169,coconut,11.675792492200273
95.42796807767398,93.65684822531746,95.05649676630516,25.933284890125826,82.20023663433511,8.629704595559591,215.03719260033293,mungbean,21.718925075968606
62.71493281647686,25.79094943011531,124.29341508270875,34.43151762007244,56.74864461219812,5.161343575492409,75.07269524759045,coffee,11.484444235139748
55.98771115934434,94.99130987088328,125.1890969075438,30.882395847011175,55.37513891720592,8.619988259399891,77.14454512361287,mungbean,12.930885601035946
65.38694182920138,77.42108750131544,87.62147954542884,15.980364684135495,58.86565410922768,4.861384737865883,181.22004157683523,banana,15.283665756696111
26.68890243049301,90.37378661673638,53.16076321463465,21.6042172615564,35.640656860055955,5.2358162554747265,103.43362593883626,lentil,9.233383222292563
61.140675776654085,20.60827629742947,119.08189828072832,27.446926133139662,80.0286972665014,5.701097166041928,144.25597494582863,jute,15.180781475409873
84.14710629875704,32.36412005157598,38.24587241033174,37.49467453346543,52.94867391950238,6.36041127481448,232.75062435994874,kidneybeans,15.802920146263508
89.97533881434431,86.05514484141261,15.902385487565258,19.421314207552975,64.94392627889323,5.582895928136205,264.335247936051,pomegranate,18.577143152522424
78.48613300064514,101.79824805184128,57.35022002689649,28.727222109925545,88.05696050996622,5.451684875475237,276.8217657109616,pomegranate,19.085978577383347
117.41680620210636,52.858865868416146,91.73886626407601,35.454153232187934,55.42787461730671,8.469675667259256,283.4778503208424,maize,19.31327358248134
60.70643580701406,81.24336281950491,13.213634558081084,32.34475226589739,61.216888156447126,4.600116148660938,37.50194362291502,cotton,10.50212298291261
62.83789153623967,93.86417975456413,42.283960970794915,32.48108309934871,68.19871781691181,5.520321942733003,101.73512857938603,cotton,10.01141457079
65.6578262591643,19.857581968739368,111.27136635053904,21.87333038981292,72.92063377721126,8.528011093851191,103.90723147561742,mango,13.304275398845757
50.26074529946359,67.54170561836968,29.68997316207102,16.17940107630885,30.066039068734177,4.696325258243301,293.6394704895402,mothbeans,14.922694633182726
60.03930687604311,59.27732167746095,32.673640177638006,32.14504811610531,89.98750903433672,9.193573176870174,157.86144498549524,mungbean,15.045195528958594
88.8275936032052,52.82975577668425,134.6929113800474,12.053221277278784,92.81781228251104,5.096905056690984,111.7959946080291,mothbeans,15.51815079111932
91.67748539968542,60.10897283884189,99.68713187500428,35.636421796065406,53.80030702419245,8.848248424060856,44.67764067347362,watermelon,9.388423109371612
52.894443658304084,120.87452726937805,152.9735653200807,33.67068533644402,38.33745751137014,5.202735639977715,100.21264656848342,lentil,12.0311309362389
109.76192920392829,122.11432470652649,145.8670631914361,37.857906445919156,81.71204567311511,6.031339435023074,94.22275961480032,rice,15.625272904869936
83.86674498274327,120.02981976905374,25.275968493972705,33.75673971387188,86.81004030460836,6.911370000407718,36.04688680293631,mothbeans,13.371072029532582
39.950639641964074,58.163236675030824,128.43884542339333,39.09456593901354,80.93417963897821,9.113018785469789,233.41937632796956,kidneybeans,14.123197210341756
78.46544083062966,8.467082860661169,54.763805403986375,22.236688255218404,49.574542294524434,5.181851637337829,223.84343218293526,pigeonpeas,15.119193460696943
116.62092768324521,31.00877365781909,21.993257977893283,23.08738079071472,76.08152076542433,6.688584124667707,97.4911569463664,rice,11.958678880272938
127.20856749055845,59.296797739953206,62.57593561393617,31.740887627854736,88.54909176058996,8.812448109491505,108.47919951506367,cotton,16.03467908349178
130.46430621230655,6.680423818175556,115.56297514366982,32.21990743199878,63.951259126682885,4.927015150813609,292.2891892078126,kidneybeans,23.12289473956056
78.01977021281645,65.08092887416507,19.97916840039675,13.184810606424016,88.62307637331422,5.699099761032951,74.58831601961654,cotton,13.129170893824007
119.35717562027018,57.91916540766144,201.23631175876844,23.98759844583506,85.43549360746348,6.5115352069118595,138.98698533748052,mothbeans,21.826428688715836
72.54798645714948,123.15908607188346,57.481675297860384,22.651378525777492,32.79457727946259,6.74539257067438,181.73166257839742,cotton,13.715892032701316
98.45441013493539,54.027815343250666,128.44391659889163,36.544238410919526,46.19503495815863,6.521208210535196,298.114255000329,watermelon,19.36686628975962
92.0950579207543,103.12119761414318,62.04116053608281,28.92311260517862,61.89546846079142,6.910086698884663,232.17743690504423,apple,20.959068813898924
40.37110416713918,18.38969744332023,88.827234888411,13.39898813194803,42.033879040897304,7.236623421697431,66.08779663588092,watermelon,7.093070665692293
122.24580989656315,83.29053844758414,107.94843875135598,12.987391406200867,31.121970951858618,9.318425943435246,125.55612684031566,blackgram,9.708207195121354
103.3902055737809,6.477157143026579,83.81803055490062,35.528556982204,54.21012005826885,4.676075867627618,228.93029879463626,watermelon,13.89188955926392
97.84195440288374,130.89484856048836,129.70106224946744,13.938639160144728,51.67841977736324,5.508974741262285,274.4714193607215,mango,21.08543431132729
68.28476608669612,46.72096000712576,130.09561208493227,14.645727222364638,56.10998848968041,5.545185186929611,214.82259074340874,grapes,13.86907656940657
138.15853731090075,34.273631042546,31.070626008653107,16.10604621660689,83.8342793211807,6.627528296359214,178.31646313071064,orange,17.626880980737294
58.14856085279403,6.228809672710125,81.42658176519757,19.05428108988081,32.617789328615814,7.026826282529648,132.84876715916624,rice,12.934734544210578
36.04347852793234,135.95522855349182,155.28466350626053,38.24003178360705,77.36320634867545,6.317019659997134,282.69072830692227,blackgram,23.272142716418436
95.42026042834448,35.12178702736777,130.49357975321456,37.70994512648958,99.82626918208724,4.6622553839533785,85.9647039085097,chickpea,12.880027076223737
53.93185484721183,47.62865940956426,201.58937591094016,29.283322404397836,80.23733104554498,9.383088186575046,125.61649908813884,watermelon,11.790148089135375
95.46474763858106,94.65330453019375,175.10084566571942,32.226078051556534,67.98013288761689,7.7679338502221,96.71685883204506,chickpea,14.412451241728123
49.10531318995649,45.837083101022046,189.8619134105116,16.911599181576683,50.24707319737677,6.346770650447161,205.84796681510838,mango,20.98848737813516
67.99796219522823,13.034858116358297,121.66144963684091,36.53030283913863,40.62200390671367,7.48904006700757,206.12697737503694,orange,16.39498264389362
90.23561940011736,40.897823877851856,191.79559482890383,13.931758924128712,85.8176050535445,7.039743459532041,230.0926172295877,jute,19.306327191064916
70.48838750823401,75.27235671845784,186.98603163194372,31.517856275972694,70.74490917869565,8.489023406705362,262.02255460767253,muskmelon,17.800557012565324
77.05563274029444,110.96987230780181,142.82421809915164,35.909231572514685,99.77664264767762,6.634291643975448,51.12224633932732,maize,12.274985516100017
70.05971347708424,127.88491668076747,45.79892072187747,34.79393828476549,69.0382083829817,4.773051516067345,292.1166843711357,rice,17.13778918800832
120.7343881051461,96.1166510186079,128.01292597156225,15.270162998677321,65.92329241968808,8.076905085893276,292.5130472485377,papaya,22.11985059714227
47.29779244322479,28.265899945364886,71.54589530207582,38.19773118657126,54.011869881301706,9.440620379773176,155.86452761429973,maize,13.124514998198995
82.58611806931606,22.450640058993866,197.2829080847278,29.07732297129215,83.61078979637722,4.8960657500418545,33.17634624880529,pigeonpeas,12.19129894762615
92.70761782153797,64.96925207963847,10.421330467246621,33.50504507763726,30.735925717915745,8.30944947188742,270.1252582606744,pomegranate,16.714693740633273
66.70503423481266,129.23943495185046,183.7867021339981,20.074490939246036,73.05488278102885,9.13453781072932,289.37637970357844,maize,18.185020687444407
74.3389766341192,44.01720422999361,196.774374638082,14.28442913418602,70.58807032334076,5.912751337593194,98.12232129738305,pomegranate,14.79386212522755
73.70622261272743,107.20024095132061,76.55095265874284,11.917028261451215,35.203422622025,5.07681400652852,263.51077053622555,jute,14.611696653175445
133.3648858006978,51.8829606191779,119.17078725575232,37.28786173332833,30.432867584862766,8.553417851687959,285.5434747808973,muskmelon,17.135187794265722
22.884948483972536,79.77955745899762,142.66768230931297,32.46095435317465,44.91994835197556,8.83588677225676,287.63608120904587,orange,17.682510386106806
83.9988257431526,61.79033632261325,38.83237876848404,39.323696895515276,89.73220306666101,6.991665141471186,188.90871835152834,cotton,17.339204379730834
55.4506443576518,17.678325464128868,138.6006501486028,13.999804490277254,89.62921480872214,8.585955253633205,23.825271931770637,mothbeans,7.51722483021924
61.635074045310304,65.45299331508882,161.35596518574525,24.525190964902222,85.5810115186174,7.38244451569933,115.7794417041155,apple,16.39036041631936
110.07181480929516,38.039524827293256,33.70895118875359,15.562265511221629,42.744419021729875,7.0643143968849555,256.5433227326809,orange,17.604764466451382
98.52157515834291,127.15279325611073,53.82951210138145,23.503295760550888,94.80791621104622,7.799967250676586,128.85515560124713,papaya,18.045435215348274
124.04722188547368,39.15934232934612,198.3468455070216,38.74414359413488,47.33421501500071,6.240259777386602,270.7556074446878,jute,18.57364329022691
58.758761981224204,129.46170661553433,37.126722523710136,15.190716092534931,48.674044453674675,5.097654347735389,84.48938291120572,pomegranate,11.227187908543364
133.82243930166982,104.56241225388726,6.359309717222357,32.915695006006416,65.98573445363297,8.3968258516756,166.29910648936476,maize,14.851455017025668
138.0008922097072,38.82417870100682,141.25642210648675,31.479540806251723,72.51270917551462,4.94289169818322,209.5242372317214,maize,19.39645832666976
45.31638687439405,122.82708105598837,11.070761106600852,35.314385909749184,62.223033544993555,5.5879396996582225,57.45788059831104,pigeonpeas,8.744671418620337
34.28255653917693,14.649902938850808,101.70997015807382,16.60270198141817,47.778932736337744,8.888460894139241,45.078486808566986,kidneybeans,4.839195477769676
69.33732037759845,103.56440336283197,48.490586443447185,21.000366391089443,57.36421987888136,9.38228264717705,287.3065799261393,pigeonpeas,18.785087443495623
73.32747421412967,47.45961151663379,148.3212597920062,20.759840890793775,48.745473216584365,6.661155297522541,45.61650514848844,blackgram,9.130520865404858
27.308665188221926,103.21913718441192,6.965510513957569,22.275477623754657,53.0565488511453,7.966887692594263,234.5487323729061,orange,16.145699672037047
36.446336339378654,125.70959926507133,168.2184705828523,39.517190916914906,93.68205806988787,8.75895169330271,34.72083138708088,mungbean,12.199104307953093
129.8118145388036,26.890699830282507,155.3596327173866,27.04805848806305,49.22661088515338,6.87217457073587,113.45744717954338,mango,14.141466297874706
106.66593184083754,29.381936935355487,114.37623475748659,31.433790516573453,61.123936053973324,4.635405668350256,145.79508437037828,lentil,14.348757986760987
58.73717521374204,41.13507004427806,97.79708348807615,13.998527742465194,94.94220131527851,8.838510489596196,218.1337640073499,pomegranate,17.12656327590611
113.10527053636316,118.11402593526266,158.55292354286755,13.418976613577236,75.07355699474353,8.671623978746993,181.65895234150696,mothbeans,16.673960397633124
50.21681192610578,120.32449431311207,22.05366832233548,35.98551126607089,64.94305156533314,5.98268794810131,94.23171011624166,mungbean,14.760418215169993
139.88593977243738,35.845835081261555,25.643329775799923,27.551055061559858,64.197972650818,7.120981355316537,206.74191691602078,muskmelon,18.421374795972085
35.49034341709542,108.9218259427522,133.62087052357006,19.472302074521114,73.5063106823834,5.599309781844884,144.55502061534827,rice,16.053570890677406
51.20576483029207,58.90812780065463,193.59655681422714,28.31128179345076,88.44816499780737,8.05175750356166,51.50087654745689,mungbean,12.230013337970854
72.410938141649,69.96005994749967,162.81922232975134,28.08678647816306,75.7954323420309,9.490999538328088,40.988812171603655,pigeonpeas,12.867264575404635
120.36542928924791,141.42150348938654,200.12038383133049,11.958302726993917,87.52875259270317,7.731549668286906,201.25579762446554,apple,22.580973935641836
112.14516363604537,110.25124223141589,122.67313784353132,16.379928595340285,36.79127527659626,4.821192879285629,185.95489866000577,cotton,13.894861696754464
26.61218421905973,64.76526189526237,98.8049879435767,37.85666598682408,74.87602725075116,6.058264583273244,167.08911404620198,kidneybeans,13.928892913507022
118.02683474050019,109.93637899095192,144.90685152310476,19.207932189436978,33.99660365355606,6.215258662598253,206.74207585709385,mothbeans,13.808466563213397
24.775655280278308,88.67552697328426,178.93917697032677,36.72496444868901,61.43264322589732,6.796518441065369,41.55137124224486,muskmelon,12.818009329502647
120.66072041183244,127.79686547272033,53.63599605284519,26.517119036240928,43.4745205445079,5.009393820697783,275.1137403897481,coffee,20.24776417669445
111.20418821638087,11.827284633839659,173.7457585420515,23.141322277161514,53.967658630710176,7.232381805126883,45.578907962595636,rice,13.424026774906922
124.3539749278714,31.522080643436386,85.22959389835951,38.43388198043371,57.76134020704308,5.124350384529613,167.1246353814103,muskmelon,16.657440269307457
88.7324332024335,119.72939595404732,70.34777811372672,20.488431964231665,71.74425482477432,5.8710644456207355,27.450342501751557,muskmelon,13.905031660457057
109.00209547901878,99.53231725868525,46.17639763566423,20.574431408300534,38.82770991750375,5.149285067089405,209.334808979831,grapes,17.9284614994679
94.36974253898792,15.837617277865082,107.56707248702841,20.299029075872227,52.9999442912606,7.511281511886287,110.25095085143897,rice,14.584589294027145
109.70247640958058,124.11938602509336,62.227008491662865,29.213418219797585,51.991344468588046,9.28985533241227,29.35860028194105,watermelon,10.190029989000866
39.98042564594181,104.71082872480221,40.178056683732414,17.061497856950727,64.60595677320308,9.07417474998439,79.28002420143184,jute,10.349343186731625
129.41421348581258,25.52603800237792,134.18557860460785,16.986374384554452,40.97323000561475,7.917147075786353,186.2316935744453,chickpea,13.741341476080388
79.20880404960742,132.62860791918658,190.6028473458762,14.96260456385228,30.16263842923512,9.419654700712012,273.71851011569424,mungbean,14.281561851438004
127.49788778722336,19.486508910521852,136.31254047993048,37.209565553147314,41.81246068787607,9.341634800496275,146.80734091634326,orange,11.690408576220094
42.82735169841651,77.92400957809508,98.8119488780238,12.131122642100237,87.28154723727121,6.178412003214209,180.8830153145263,chickpea,20.265136742689837
36.966026505960826,23.244860644127023,133.68578990346614,15.91548945904199,36.83270266762941,5.3342428910278885,278.6447908454973,coconut,20.335437782434433
39.792083222327726,22.446108846477465,78.17985972356152,16.88180506463146,45.28121782680586,4.773465872881339,24.947612542721487,rice,7.3461013769787735
119.88692500422896,143.82740801457194,37.72324082765525,30.75332917425947,77.20055015900172,9.399777236791392,295.9682055067841,pigeonpeas,16.71529473291896
35.81681958760152,129.18598422257466,60.00495449755955,16.708378593779944,89.99678577269411,8.585535495833806,145.5370117468974,cotton,12.985500698997887
57.244506692974404,111.69814686304545,192.23531283330104,38.22252577703384,42.234689941245364,8.873718248282831,226.4808035995942,maize,15.858761607950711
76.88915169294292,127.59591786205483,59.286172855210644,10.111072204972505,41.37928441519906,6.24761400584699,108.40191633573681,apple,13.19506601810306
95.21040182507974,25.45351917578483,169.60071488938695,17.05093896435756,75.65967789729123,6.525985712876649,186.8922067337412,chickpea,19.76860160069581
22.02953599059288,132.33901983324216,58.92600175343656,34.59031008341377,99.95452103305401,5.5571562899945555,94.24780753133956,coffee,15.140007006237713
30.075507613607204,112.80297198381601,131.0350169774083,39.65471453460414,54.10156233239715,4.8088119314509985,225.6180098938828,coconut,16.277745454582583
32.01859970081203,43.04046384574516,168.1911578830413,21.349468214957785,36.187787700273084,6.211127623894523,294.7873335875584,blackgram,15.876035517331324
128.7321114416511,24.28277384429321,15.869619669731412,10.555937007829998,40.05349646481714,7.78974742890813,223.69358183901906,mango,16.992722451561384
131.4516105446591,74.54407992083783,173.58909649123945,23.376598595794235,79.60084820374777,8.159363686432505,68.70983765293482,mungbean,17.628656112259524
35.33742132324593,86.51324283236208,64.974853688813,11.032096253603747,74.44508110824206,8.794661746623639,116.53553473196476,cotton,9.36956410992969
126.3914529802878,62.531957329015384,125.86088396429577,28.900560418564822,59.21680592603313,5.221560218437408,46.19663393545395,orange,11.736784762010064
125.83706661687289,139.27179391953646,43.46927263078301,31.521183221889203,76.50375566239777,6.216888947872863,25.347775819043235,grapes,13.098594786651352
21.03428031101363,7.796210560923937,122.32034748091209,23.661847157438224,66.26107442359638,4.537315702086097,138.35225350407921,pigeonpeas,11.433028475790076
52.30276873679663,142.5158485311261,81.58060280744917,15.33652176203499,54.62040779419566,6.700901643485966,39.406176450722555,pigeonpeas,13.31441344851174
69.87533384349862,41.16206007786291,178.40232138212008,30.078048752525046,61.36598410981536,6.939500976396509,77.19181102219099,orange,11.416815420821584
80.88677181021885,66.81054925936449,31.134526082652478,18.729981686939894,90.82713735146274,9.02226405781247,20.209358343748697,cotton,12.367284126761277
90.3482598536914,73.93138681817484,43.46315455687011,23.91808790364673,47.20730109158022,9.074210749258274,113.91390777897715,papaya,12.084137407756938
96.45030666256586,130.81347821737293,96.30177106830659,14.483087755548826,95.095491585186,6.793525578337691,70.85679812607012,blackgram,16.736314877144373
39.74792701152019,61.886512334927495,190.31707664367622,31.312654450372353,59.324653735504306,7.086360848771553,43.57964312958754,jute,12.285523369701176
71.58136036917864,47.90192711703402,197.44258202318895,38.93464675071563,50.260545762101536,6.898125483722291,292.3963644248063,blackgram,16.430463180830937
32.054905961716216,76.28211517876437,9.93399090809743,22.206952941718836,45.44893523497346,7.166541812293704,298.8782217481959,papaya,18.42205443550998
53.754147626364094,62.55781895631309,51.86501313010536,10.589544482405435,91.55751397650369,9.32804915690442,115.63970836883902,muskmelon,12.911028095215396
52.262829548500605,144.71684377815646,176.62778500533088,22.23813455103523,98.61828454715493,7.750566117096068,227.76628652633286,banana,24.773474221131664
112.36777019562562,118.53092697416548,85.07132536796612,38.41458808019064,58.45239025664506,8.359180176150549,155.48563407799253,coffee,15.234535726231472
100.68179211714377,101.48539745985234,73.29388132168847,16.468292957291343,86.95971895301156,5.585516147349452,171.76757950658632,mango,15.7908345878917
52.82504348023243,60.95212029200551,201.5720235710841,26.094111735654195,65.18410809348774,5.788892441019956,216.3817968869236,apple,21.15545632010368
25.941515564275225,88.91020219901237,73.33491476369082,38.59949116602881,93.22334835059499,8.068531293383536,249.08076271578437,blackgram,16.41855729226514
58.81314261202361,119.69278969433883,112.30512167868964,35.79822142550228,44.912472389028494,7.538892193034436,43.461472313513255,coffee,10.44155268641242
82.20385560023848,15.2057832620317,130.36658088301346,17.59596721038431,86.25854163141116,8.589110367830953,294.1052596393053,blackgram,15.269388606662762
123.97412758988499,77.92350498265155,138.85315916873154,34.450459500284445,48.247261041841554,5.984478371340215,20.175704655967728,watermelon,10.797211192241384
130.10538735156138,112.03955692632024,20.815204195329624,23.425086690985246,37.132422778008696,4.579601336313993,192.53123025952723,mothbeans,13.679122081040086
48.2819041491062,104.91243963570153,179.73560691214976,13.804053973802802,90.66169820168525,7.467876272071489,55.590937442766716,coconut,15.604653442201275
74.15422126131679,21.377626493936063,95.65349215100427,35.59527436773401,70.69247138075374,4.894649275192061,73.66796927247681,muskmelon,7.730257721950907
83.51209377723082,86.81542902252404,164.3723140552382,20.22899690387454,86.38263981284106,6.193056145563163,35.52123690354547,mothbeans,13.841468323231208
68.42239909282534,51.661980381873505,103.38560480782586,27.18317529211327,46.68360474395979,8.469775423577953,156.21517440507841,grapes,12.255774780384053
112.78012300963506,19.877226670935418,160.68568135627999,15.116141466946775,61.314538430393796,5.552298360882672,213.08325834930434,kidneybeans,16.742180014053133
85.29303487273623,82.23973208279537,76.31178423537774,23.41908268757802,97.58625427643365,6.386742386151559,92.30350771279524,blackgram,16.120404634802767
107.72124189673798,15.72713627890838,137.8066066222635,17.126800437033097,64.24954827361222,5.930449610156304,222.37522928302278,pomegranate,15.872050274275372
44.59750793910929,108.87935475766412,15.455820653751925,35.57627934626501,43.87374704951677,8.871990158541653,118.70818756414485,coconut,8.694990176865026
52.103243629801085,77.68897644448441,51.8740181355751,13.706994622047285,38.658359542963254,7.416380985695483,225.732600877826,kidneybeans,15.320467086542601
85.3789610808118,42.763945222327386,145.47974421611974,29.767054197245717,99.23877233761134,5.825236437046416,208.17666074528591,pomegranate,21.781632595532148
107.30437126761711,21.12181023640185,122.62521309357096,30.00897110461545,44.04989900396546,8.900773664551295,74.59908650588554,chickpea,10.645052723231869
22.16348107506947,19.32650513476884,87.09974273947587,37.99578751147055,74.61817368464551,8.509129499377575,150.58488646127358,maize,10.863044239001121
113.97920348334834,28.536533663681517,107.4521127752521,24.62124423763735,73.75640868805701,9.230934469956306,182.3360036934943,lentil,15.696539486758516
40.807527944734325,106.47017649417405,106.07073364756522,30.39915130268129,44.20112231399642,8.22814166260251,298.77333669435785,maize,18.166487761205484
56.141070439683055,39.8567658825911,79.46141971460956,17.639912976698856,64.22656485069164,6.537039406773427,296.23945741821143,pomegranate,22.756171669565546
97.94515503243926,47.3672456100257,96.99633393562017,18.380184558296783,55.857381511857966,5.297699783442118,267.9566442039768,coconut,16.379527338012636
91.21956989862217,34.41648863163003,28.266345426652247,39.10350659255296,31.538727036673603,8.513487026680108,240.64984188100618,mungbean,13.245000135801295
30.77865553107257,40.956205281525925,23.50332423661889,13.028248766691966,43.93079060906318,9.499246222432001,20.611560000029655,pigeonpeas,2.0258589237703006
121.06324770477374,34.3028506167892,19.504463390896284,31.098401621267513,58.17684488430994,9.100200262729519,202.07141990622523,papaya,15.605274869046152
112.07350130187561,134.7331775441618,101.73816462935878,19.466604233293324,85.22615867544488,7.908927488942274,268.8506954500763,blackgram,20.590841079103434
112.7408100111804,117.44387162858236,35.682576477817605,20.996535621376786,56.13472127222822,5.257052219680425,243.56698141433333,chickpea,19.40883363222934
42.845814355644166,56.341067203131864,26.161004971302845,28.846197912791318,38.49603471840338,9.429670843124589,238.59098091260145,grapes,14.900900617570876
86.49191364749913,29.429788095713725,80.74067111623187,35.294345950892364,75.09491111927325,7.753621921669001,262.71001599277696,coconut,16.375808597502402
99.8996993182235,35.17180005668764,49.21431056279837,31.876328455025593,65.02033630747258,6.575778380286552,67.3768544696305,cotton,12.2241270531601
40.877287942616434,52.24678639981606,8.616218441137086,22.009896052322745,68.49138448093473,7.597912964135434,205.7772966360388,cotton,13.732803305346417
138.88985712718625,128.59524277498912,99.59811873963054,25.590550934511306,43.34032325620357,6.810196714197778,272.8478045779873,mungbean,22.161179459126664
131.40470623769502,14.18765234489446,114.88236641219291,27.725988021853436,75.69096866440569,5.778331116659072,122.07859970556204,banana,16.75639696971215
121.93638819003948,80.76852720798178,165.77197724976452,25.266557655227373,34.37109924817469,6.419735044520776,144.44346814801963,mungbean,14.519019930676587
37.13427640014616,59.52085521087425,195.34048127810743,19.591625480195628,90.7668711906944,8.906253408409448,118.0522268129491,jute,15.158331787032004
106.94694909905819,48.611721861958046,161.58472285151447,23.279645447812992,63.96867196398351,8.389547033742684,127.0617326972558,mothbeans,11.710590762771805
63.54389803941241,89.15276343548238,174.72131037975595,36.659263415095516,63.86949790232563,8.142112436497191,108.60728142936814,grapes,12.384299761381229
132.00957524281458,106.29484026635241,120.43733524466178,29.43160163261836,32.05096101723929,7.590514827808484,162.66248450277652,apple,12.724131918721426
73.08025496602585,98.613923885705,68.08327825173669,30.477978393439162,91.00419792301719,5.687430211810999,294.09747571357195,mothbeans,22.91447494610509
52.07104221764741,64.01156555144067,23.879495180771833,13.771177195363471,59.0103832877832,8.3122226096955,272.0874270808574,watermelon,14.165595800979158
98.11660942622534,120.43238977199009,88.54171339459518,12.192552730784508,49.156646944502036,9.400027315984085,186.95240106515658,pomegranate,14.724191807666699
82.1846878619025,10.254012054452437,118.8460424182896,37.62312548908226,97.78933913502856,7.20276337694462,148.29734547062046,cotton,16.691436010629587
121.81786519204876,131.84266994621083,113.31938455969738,28.882711333513015,47.983999928460534,8.504013439892624,196.99427996572646,chickpea,17.58001003605389
80.44633215079475,121.22840380840668,137.80244561352046,20.151035977756475,95.48661159312,9.06103785624591,78.61755182754766,grapes,16.16887345790086
23.340926151510356,39.5319025582689,96.92295034658528,28.855117002507036,69.00762833228875,8.213179948408452,98.33474064837144,lentil,12.330354644997971
71.21484466327033,95.82291944260278,150.4536940904868,29.01262261571009,39.83551121760153,6.714755053739664,177.20274582127482,papaya,16.416119580737405
72.84490676302528,81.82918029682163,164.2571365885602,27.49203053266431,97.21526506679773,7.801679152570638,166.3586471389283,kidneybeans,20.960754611979205
57.75051600968798,76.69240073781295,193.13803754464635,11.43344094044216,54.65616825495217,8.782859943416678,130.89525368193068,grapes,12.517982851273953
112.99141667671459,107.93517028295109,164.46736112999253,18.08253667988715,92.12091835267415,5.186516875708022,114.17680348036295,maize,16.508011321188032
32.34861060104008,107.21822628869948,82.44920964069499,33.532169968252006,64.5027399909222,5.404372622126682,225.73330717949642,watermelon,16.042834852027546
112.9583143751621,83.7002655358619,115.54077800910802,13.442258750145758,38.82963606113064,7.147668075112287,95.28123259412185,rice,10.089646413096991
106.74070446802547,9.548123536623095,124.0553682208109,26.175813823819432,97.81702834044631,6.921065696738208,37.808402185783265,grapes,16.978812355213822
31.361718860575408,9.599937683655488,104.83396665253235,28.018198875615475,34.37358329504746,8.106122337494583,84.51062002407804,cotton,8.363835124309187
61.67461691668373,42.13199315037444,142.21823078869738,38.46371493075755,48.763303116504645,8.557329695758408,35.500748742754666,pomegranate,6.865299611466618
111.96215366688682,97.11298756864292,169.77927632493285,29.425593867104894,97.82610780220038,8.069789739323857,278.9044106830291,orange,24.796725109225044
94.64110265707767,80.61110506910741,154.9228568775547,31.82689106296602,74.09106801282252,6.298947066909648,133.62738581607604,coconut,17.9787141007856
70.92464312643617,105.05745246092711,125.7585514572236,18.967784502949996,58.75714768971994,5.588498994286162,290.4860085564584,lentil,17.434806908623447
126.95767227277469,62.586240646373156,34.04500398304981,25.72944815020363,97.40705962540407,7.538428205254055,295.3484217289603,coconut,22.407368721856464
122.54185230928994,100.64457885357453,15.466571460132567,33.485458539599726,89.18575675883923,8.495410728859772,162.3741298862473,mango,18.833281592779887
109.66833656474603,34.3184739150596,112.41669111802071,32.116576707139146,73.91198959071838,6.8584938344560475,288.73946020256017,mango,22.971324361061498
22.9780653734179,121.93416842224119,78.07336831013056,35.248463792734455,68.82343438478014,9.008156147431801,279.33403619609544,rice,18.395966806538958
131.0345833751786,126.51532988029835,104.93664605658084,11.84031623451604,80.01936422652093,7.617058656681323,291.75530780397884,cotton,19.866910585616836
137.51159496854194,102.49074055462428,139.39522758541023,17.220447691776563,82.05217622924323,8.251359147358858,108.84091545725349,cotton,17.95766287697611
90.2785202514559,6.189381005009331,157.20119658991106,31.390428755852223,55.64004703445656,4.764679677844091,231.3811111398141,coconut,15.932759416282558
38.58096735769459,54.86715208459312,144.40260278685258,26.803479490280452,57.05237950295547,6.601248009037709,177.39104713450425,watermelon,14.763090297444885
74.28236461744595,28.71913629305458,132.36429285687058,39.24309530261239,87.79223974349105,4.800040962945059,125.3442259411335,pomegranate,14.409368553232367
133.02867047125042,108.53885473557753,22.323952170938806,30.074624666045523,58.721260531086344,6.853504997455308,33.76154929664957,pigeonpeas,13.006042793437903
114.86163290403773,68.55423662670037,65.33244832622978,21.520572218948743,89.80796593279761,8.244995087024785,96.24831121070318,mango,15.429142226392859
89.79066054197064,79.6872292242696,124.2787199384923,20.98084797239546,86.4974914223659,7.116431246501249,52.68941277526275,lentil,13.666561738598102
118.23118764477296,130.944083266853,161.38651595764176,15.860768825458251,36.07240448509671,7.527222426526712,35.986532942767504,lentil,11.592626320915704
43.960368564877605,56.97792887075513,105.33983320128496,31.764045053504883,37.926185628138775,6.531832026387308,155.8204145599547,jute,15.678663156178128
112.0604862138873,141.17642405655195,62.168289732681885,12.133321246403103,54.195985487930145,8.216472376120382,142.67126228932267,kidneybeans,14.19288713199833
82.96067680227466,94.51247207598857,72.599756205698,37.20599732019508,71.11589080029039,4.92701242145437,145.94511739724004,mango,17.007850951751056
47.20810722780337,89.27738941642335,144.4895656328612,12.714889332876002,64.8270521219217,5.815400149620954,222.8281796794525,coffee,15.494368871401438
58.47438878602721,29.966411739950285,52.87396726840927,22.539055240416612,47.583440322312704,6.1028379300824955,57.79397610005979,papaya,9.748082002384166
87.16609231139762,55.26010753109692,166.67156449961476,21.64175422782871,85.71755627204253,6.028780637561873,40.39668331265593,lentil,14.023434112443514
35.638158570954914,53.38778518506225,166.5404738088114,17.390447417269055,34.42773862290757,5.158547676031775,260.4485911882824,apple,17.225707011836583
50.3841396043972,82.74141554594539,110.51592448507007,29.66307935321984,46.32312880951314,8.822014935971989,106.62319738240359,mango,9.321434252347327
44.93485576457046,116.85279869003885,165.60743215349436,22.457843127184617,49.84836076367533,5.9193909079535665,155.04157071893883,lentil,13.561456327171422
63.06424291926305,90.40606836408521,81.49689211651886,19.135695674541502,31.74016611410559,4.519570528676953,83.61814979296125,pigeonpeas,10.44088075985478
131.59061157747976,81.31167780038462,137.29324106473038,37.09820866716743,36.898279598905965,5.660392889330826,218.49200175044308,apple,16.852279976690706
35.65416919323417,6.760893748067353,35.79264773330077,31.160691105823545,47.0546998541908,6.843009050607549,185.5643216985085,maize,14.6949213163523
30.764110281781495,139.61612120335533,166.45232986525008,23.78898263069381,45.65217838265698,9.167275526249261,116.48704680355209,grapes,13.579031008325355
99.73407885119114,104.23189708686155,40.57595909212572,36.65599865573455,60.93354914852481,5.214229537959619,233.99044745943073,chickpea,17.677823434559794
77.25317812327114,144.23899593583346,140.83433990759858,12.222247216313432,99.49824921773828,6.539471183900952,100.4727094767351,cotton,19.847430403420802
82.19824669150196,87.22869077402392,39.8421350142782,38.88674902534113,42.29058443442314,5.387789598566114,276.24679863287537,watermelon,14.63213173023782
39.16993522807331,27.968902357146924,62.03731920200956,33.78520135820581,93.40297534455135,9.375435848538405,85.04110314700674,apple,11.42082380270851
51.715970332850596,45.21378871647771,107.26781795922655,34.20057564290739,33.49052035459252,7.5170210611012305,245.8978799017679,mungbean,15.383455662735903
62.6018319363496,72.46602339539683,105.62671094966396,19.478074671569104,81.04681743682977,8.873735367444873,282.8414045538016,cotton,17.22628168708615
122.06962367679193,82.07634208679937,170.17764528536293,19.105117274438566,57.89351334764501,6.084565069092721,150.86845392541912,mothbeans,16.011193952704573
31.84222733119047,86.17274832335146,130.5727652004203,20.95683778770646,67.47893348580274,8.441997654724563,249.06916713008954,orange,17.743768639773563
71.15819527888416,51.71858906058819,68.29375681229972,33.21985261882027,33.64506843548888,4.564108247553029,242.75242973946146,jute,12.042810149448593
84.25646895096058,136.00489661343707,124.52263818649209,34.28282465388445,86.01068538742254,9.160645498903264,235.66405438196452,chickpea,19.40717373983786
45.83228549430011,118.55463928274453,44.44853323340336,16.40612433651854,77.32651239152037,6.525005492937742,280.83243398982563,watermelon,19.947703301888424
132.21902868519453,55.865160092071356,83.05758173262728,13.182753388387276,76.93126656977566,5.944197072387567,183.969166995062,grapes,16.761189055219834
40.034021484136304,21.96176457653796,22.08169656165306,37.28330992109893,43.55366668568226,6.581424642721774,145.67838238256084,papaya,9.922165751255875
131.77884643027113,132.17741501759974,161.25812948113844,10.582037368546462,52.89047379472714,7.63979367671454,97.05325929657319,mungbean,14.421195885159955
95.4976200764383,56.84102930178449,50.230319960423685,36.18490702459961,87.01956484794519,5.669614103896924,76.17698524104057,grapes,12.112943948352457
89.3686522414895,139.1171094548447,105.61452005432182,12.487437441834434,73.40009334341859,6.201114972256285,259.6590530855634,banana,23.753757649113332
77.39404010132516,30.289137711784143,102.12614680642511,31.125266685840696,32.08533528228355,4.548896901528809,41.03441484326258,jute,8.756980094573212
131.80777097045896,33.96206255912029,76.64380824861456,14.48198165361317,65.6989555519448,6.802912753473333,272.2128454862051,mungbean,19.609885679745453
120.18793140372698,110.8240931394943,101.68044730460083,13.349077881881847,38.078207152008574,8.507697303595378,168.22937397730936,papaya,17.659115845679118
24.534140791481562,95.07176150976647,57.50205809663313,11.570415352939392,46.16855173696446,8.509569764180632,258.41697086103306,grapes,14.199719196777705
28.362883607614357,13.150451690547552,190.40083202028165,29.453647425443044,56.57195495138326,8.275302074080914,208.25150679821954,rice,14.267372868787392
123.92278288167496,29.103616397370875,175.10233039541333,36.335419330496926,68.46000286019611,7.780895181113435,127.02644960405759,maize,15.694682667568273
103.76846556840819,94.3395863522777,69.11264487218492,12.805603707937285,59.897871249353386,5.143772186840278,285.3346243857868,jute,15.890436825648488
65.92750295813255,111.00647675547572,66.1296993672367,27.789481029022962,67.63784652285703,4.523562127611206,40.2690315140069,rice,11.139431157438738
111.5953894396738,24.110421691701504,50.73415027692067,36.47485315204409,31.408520529715183,8.263635689129881,152.6565219040384,apple,10.777702495776351
126.50502892716965,94.77719929596176,87.72891294553976,18.784386002115063,56.2569583722845,7.044708905046431,109.33230036438607,maize,15.100403866661523
97.05322820306253,46.74104987871779,30.29284908071423,35.27663504395544,55.35271219559061,7.8023486068221555,151.82859742245148,maize,13.63549876232743
97.1153522253118,123.97796464358338,63.50300406820621,15.024114716501273,56.53040832247396,6.2678756181613755,57.09130712499933,coffee,10.436330915928936
43.29545245351667,80.1250512969284,191.96440808876025,35.04870325156351,88.97741558462612,6.016040968798374,140.24541118203672,pigeonpeas,15.209095637358692
122.55428309461732,117.30842123701991,74.75224947921768,30.81629605964848,41.17429297414081,8.98140776081894,133.25749804653464,muskmelon,13.115209566320013
129.3892264715663,53.38682364611053,129.3014622276168,11.163983641866624,43.07407697617906,8.656229025449711,234.695139774734,papaya,14.750822858587277
120.30660897514909,19.17865733634089,140.17852456604214,17.461761813718738,31.08487692783332,5.33382134436346,189.86522833724297,blackgram,11.495794651067097
24.371053196206418,131.35589607801342,19.661163622743967,36.825464758497134,45.9716139625634,8.200089000791063,106.72530970488337,rice,10.550631308647844
29.156294500889544,107.57802574191298,128.3769511930363,10.087351535013662,30.659389918071174,8.54396486596347,92.63192686451907,mango,10.120941691931636
74.50573037182969,125.88020203304741,188.39222262049773,39.90423138036562,40.757889506507276,8.814820232377377,94.4859854840645,jute,11.430061358965574
38.0733143682223,135.570734075947,81.61176128420071,31.885642659293154,31.423875731752435,5.525935714524035,156.38311241060185,jute,16.206027619291664
119.53146445207759,47.37508945302565,98.54973507493271,18.18381678099537,62.448599251972695,8.9391896129644,147.43478468917544,grapes,11.326636762637051
21.820903885570605,44.72437139446384,92.31634434836488,29.013909279781867,61.50363513877245,6.18908521660782,128.667645896364,muskmelon,14.97987716158324
38.58112179442729,30.609209634691858,78.0095133385203,22.97311500149509,73.62206971725311,4.872142092192578,161.0336931464845,banana,15.611628036123433
86.80511078634247,108.36137146696308,72.12184884818026,32.95319774899393,60.293695719573556,6.920922491612984,201.4685956331,apple,15.87465726863795
98.4793065704298,91.60192087009615,66.96942335065599,12.573828546984684,36.36548149391288,9.116118734926143,212.9982099432344,mango,13.48573133263925
120.26860461087784,11.112530019821193,52.32662629400177,36.692469708861395,30.641588512867155,5.5069955139694375,288.52676927243044,coconut,15.31716487372433
42.94526212960902,48.783756266376024,102.20883969693084,29.92302013443673,66.96332143026595,9.347207345661284,222.71696598599362,kidneybeans,14.602655747586146
42.95328452448764,77.39651031996873,186.6167374119709,34.131232424131014,34.60808903542076,7.962864000387909,180.13130628850706,lentil,12.906655448671417
34.69777002203567,79.76505584865193,180.89253870237846,22.30071360225229,63.739644241300695,4.852303388334791,97.88021932569504,mango,14.585060186596856
129.39094733673517,82.57766287015839,110.4294588598361,32.918895889768535,30.355516908300906,9.088793213175803,75.28566878551688,cotton,9.688893340361036
108.35047375525546,113.39516067809394,136.2405960747213,24.149895483554808,70.01393853528158,4.732014430075628,194.708662640964,cotton,20.456987519942853
29.25732489032732,47.86742886749137,136.1258824228635,17.177765882543916,49.636947529878064,8.602345081804266,183.60952489355853,mango,13.919108471557562
82.1988707647788,69.65290741868262,67.88682116228108,27.429057598947775,81.09223823925184,6.554664524813791,196.18137404232178,pigeonpeas,20.153830112894344
123.16973668220803,69.1554640671067,57.48321633924289,17.25293522439045,63.81098789907653,8.934157697344796,125.93732287114113,rice,15.340338051999595
32.113721796324874,139.66435342159912,135.520403043088,23.68298579987775,57.844134607172776,6.1235266712913194,294.8053267201562,pigeonpeas,20.429955265635027
47.372045348286214,134.1112645416804,123.51363655296537,21.397728728860436,65.13549065466025,7.525356267188719,176.76934891681992,chickpea,15.600733344305345
80.59193649072802,29.697667459904064,167.54658086093588,26.25280959823046,39.17559031932922,8.33078550791389,281.0843139456582,papaya,18.396166852636537
82.20795519596783,20.765292108890897,191.79748370252344,15.50738882065438,47.69361019658149,6.533182634424852,127.28605119655522,cotton,14.67376425836144
74.75801846611549,28.907556400467165,58.44197909721482,25.27340155562566,40.32177421982944,7.558278378230071,178.40924583432084,cotton,13.784649880930498
133.52907416825974,39.26018358331813,31.313061327870923,19.068301014893457,92.65596209364202,9.360267373117441,260.6109862997333,mungbean,19.358440403854228
88.33718175956129,53.0443400090197,117.31687219338163,12.194275284348517,83.52505008298786,5.923438807721358,268.5303322583074,chickpea,18.73758936591678
124.25613149813843,97.66622070607,91.80977369563614,34.58283561011095,93.39074963011925,5.098799832160986,168.94123371478162,watermelon,17.81170053308241
25.647343745233687,98.59653731595795,177.5541554918451,14.887079634321822,86.86895603367304,8.766978667684707,276.0153239466154,coconut,21.63789662615905
67.39342232257545,40.564342491858035,201.4270368872301,39.49059994229076,94.74838637645243,8.428345749389095,111.2182722487731,kidneybeans,14.434723687131726
100.39441890310617,5.056216163547582,166.17823383937085,12.377488183897864,43.40427304356836,6.4311819764954485,155.760447120509,apple,12.395636364281476
34.79407129428954,25.643364066486164,10.947252258920521,12.151952134447251,76.19089067803273,6.657921645587546,233.8088587846438,chickpea,13.646407536635728
92.72165983232975,84.84375109571054,15.715311921481586,14.21497029386552,73.57845773491796,5.5391192072941795,161.13962232955882,apple,12.890638440171362
86.57909558039674,52.74282411584474,197.37297486959972,26.422192180036756,34.49769060682277,7.713882750299325,184.55173011060302,mungbean,15.80191899905056
39.022428083289135,73.24549696495636,77.82421136830108,29.18159264362294,39.032548622259746,6.651582140211954,96.91740918600021,blackgram,11.802815575643349
38.17491468804974,66.85886482688257,159.13839415204677,17.92038538215679,30.37789795285742,7.842524505754914,292.3354492411147,papaya,16.46880782012195
98.58885477774308,66.98302987890416,194.78324363774303,17.379992209203856,67.24607767566079,6.9117810429137645,216.8026043340284,muskmelon,21.06249661385611
88.8190116669172,35.13413487013352,177.32499001679568,38.26556363468916,66.29450824595683,6.261544421045891,85.53617700489976,maize,12.573321819779885
130.6384971158207,32.307661113090866,197.113707264687,14.279630544194863,65.63572799965297,8.64847842208532,117.94493926324223,cotton,13.132587034701611
74.59409322103997,70.90989958177902,146.32850434978678,38.219199975583415,53.0524894237753,4.711002342906492,158.96263514017912,blackgram,12.814122549669772
138.18977192202857,15.63909088421645,140.757644452049,15.282478990951487,80.17030100373493,8.029952014809968,85.57573674066525,muskmelon,15.849961485381751
121.95202099789498,72.21889154937224,79.64147382102537,24.797424790779573,70.53908628245344,5.445388268891744,272.2541644747574,lentil,19.03677950864007
82.29956474894485,46.72806005127333,89.50787604477097,18.950132307624962,48.411808501994884,5.318042104218561,121.57479727849325,banana,14.430907494243215
71.71796754167102,29.470140106322116,202.4200171848233,26.83450637305523,78.12058026586071,6.127091403413039,46.52689613821636,pigeonpeas,12.245282967783936
22.904725330703577,53.804345721998395,149.3600843099712,12.402685290134837,42.82186691998048,7.446428639314256,176.79822800979622,muskmelon,13.993134283985453
127.40406306241243,101.04339135102474,54.98034432737797,11.968022948350885,78.34307186706454,7.362038629838826,133.2654668483058,orange,17.198613277766523
90.20933796478593,76.84380228627901,104.13815404574278,19.982024619515666,34.98261654226604,4.947600983984212,141.45791683400302,coconut,13.777082381303664
78.23067249766893,81.07681930775698,65.95218255946514,15.454253970008493,36.013727174197435,8.07059570462458,74.94559887259958,pigeonpeas,5.390550096011423
42.561886063554674,96.43914266085976,34.69663660105688,26.629021175438577,66.90038671376853,8.171139005930417,35.43069918338669,coconut,11.187213299432724
75.21231518692255,32.082611921671244,47.074416305967155,10.691412652198222,92.77225849354213,5.553533325374531,83.70948554220973,apple,14.010278235106082
24.220955783791595,132.655023109144,160.06638597718322,23.52118174751157,82.7527092034591,9.27819730861711,236.18506668675982,apple,20.58517058654675
98.09935405871937,21.27831524100329,112.28207661600608,23.11444315135104,48.75115079722086,7.5200249886975,263.9734058552791,chickpea,18.741717308986114
54.88667691447981,142.72245955958084,197.14295033396348,19.61460692966642,99.74077629716581,8.727755977484499,191.06865984103132,mungbean,21.84167642496655
98.09459850162823,90.98363904464497,71.82860447677244,34.53712530497319,32.685470294899076,8.853985861690566,163.5699719423003,maize,12.52981461472285
103.86004045352394,124.54123909352849,33.03308667654607,26.325494469304054,30.5605698471648,4.975468238553647,35.179288377678056,mothbeans,8.042333010693408
68.43760333921733,100.01241313576558,89.1793057518452,38.8425273353972,71.94942624765143,8.537389678259544,50.61965287065408,mango,11.502401120293927
103.20582807378264,28.836281297561037,59.34150377081859,16.381808983908194,72.25100513607438,7.0180996898680075,262.7823992043586,watermelon,18.345985428128476
119.94723138646754,22.512447377096493,30.956593144522255,26.704550808349225,96.24650573508596,6.574988791853771,111.54378807131458,chickpea,17.22649352296206
131.65383206540372,122.16989659824732,204.09672214664397,10.677057496071313,37.90007012989336,7.5473388168331095,249.76140301347792,apple,18.318832498474485
114.071430614336,50.44523173357225,149.23185364277543,29.733663401085582,97.13786043974058,9.155451452540074,241.02621116900158,kidneybeans,19.518726990555354
90.24505073491476,81.66625409152459,133.09665862844244,17.78347513204229,35.925412750924025,5.0963583601987175,82.88306714309229,banana,13.868518006466036
114.68487250424566,54.13658734965279,85.93074832971003,21.810456579718384,43.4311229083151,4.80608329071786,185.4565059916235,rice,15.359211934762032
109.80876132860455,139.58684836727286,96.79394361306976,17.152815368604507,95.9271550035109,7.5187214428162825,49.47424549451908,kidneybeans,15.592117886479278
83.68342277162256,40.73254080819968,140.1288127729777,26.277263576067405,46.31312397868107,7.36813928971454,250.0299618091121,grapes,22.5014681335002
99.65499487297329,20.874193377360157,149.123258132743,25.00915469063544,92.58696752743114,9.099354670652714,35.44384536849993,mothbeans,13.699655643214154
104.80622924534721,46.725506493223136,87.41931374162293,16.713351588129285,95.27752600615567,6.940522235506888,196.5254723842372,mothbeans,15.69568670955961
100.61351243058391,60.207760489093005,5.256885105360283,13.604777762068657,67.41881813292274,7.875649429222099,136.88551949100952,apple,13.64271728672223
73.3222635316994,137.1594269394856,14.567762501407762,35.505158356151426,99.83078150621807,8.934710554414337,246.92224397237507,apple,22.560026993311865
21.41358515439704,144.63921146749757,61.214777089022625,30.040583575376797,42.367761992341364,7.401142660995708,273.1297962072766,grapes,19.209218915302973
112.58836712669914,128.32339932846313,166.14937843562402,28.07534090724186,50.707590300730416,8.941045966070746,255.36901437649374,muskmelon,18.16331039787884
49.43351659692408,67.77709774223061,69.10723336129911,32.33257761439978,97.98539383198461,6.690168283488234,261.0893519922273,watermelon,18.671071136610944
61.67451993832095,100.34701564226233,79.57530184043557,14.367025294997072,58.427698635179055,5.06336763317395,181.52731699354482,blackgram,14.483542910005696
92.38665627895564,50.5813585526616,201.71945994775484,30.02053489151188,33.06927967476409,6.133109528740044,194.5280414525361,mango,13.955636183753867
62.69289010407922,34.805195652399085,156.19316978624963,29.205816056110958,38.39216220386918,6.917610336824858,211.92334626396158,banana,15.805944314563677
37.69436111194155,15.254384575034617,167.46346654282377,32.57227699636027,82.731905231548,8.08162671738014,207.42791862756337,papaya,20.936465792302155
107.14273806345261,122.85555101113675,64.80253592186921,19.497941812317073,76.98550894424224,4.657229775294738,223.41908897447834,cotton,18.671914003046197
124.51611198350511,52.9267715445387,158.95446147711712,26.840674725680138,91.79855434746554,7.139060541478104,164.93635195143082,kidneybeans,22.341924533958135
28.82760250589188,12.480844334742402,192.5100674814677,25.896268765546182,73.04321101968553,6.912118007973644,46.22408673009286,coconut,13.877827548940644
52.6742792849761,28.715509948420998,129.16376070117838,31.569722705596995,69.86648950774227,8.191756385605974,59.62593668598884,cotton,11.118545581674525
101.37470018439757,63.02017374538512,142.90684178108305,20.319389089491104,49.408089144443025,9.483416389673398,230.22126473034055,apple,18.326753234579268
103.37930951937511,116.41014236471028,73.04324769106694,10.19576231286661,63.56634659779477,4.579267726867835,45.75566298782398,mothbeans,9.1278715432042
73.67275617885464,15.132695047177148,195.82632831421452,16.697662032080828,94.56154428385094,6.629465775183409,295.94675731146106,mothbeans,20.0575407130482
68.88587349429685,29.83732581696553,26.927256507037285,27.010983505036826,94.98350404039353,4.773935239617744,138.0351895010496,papaya,15.177607713961546
41.5574379036958,139.34318870388367,82.0325255545081,20.24708898832825,91.22240561522162,7.3193351594588325,164.60441573279002,grapes,21.154321996966704
99.8327403484293,16.017800739051324,125.7510287675226,14.917951628596082,81.51674923606245,6.006156473969541,149.74948246530096,pigeonpeas,14.268187018382685
21.647982569909395,133.99870688268587,30.724812087838412,23.373362426784112,87.0748236698893,8.946593799641597,165.43135187937094,maize,16.349970834727667
109.80502993138191,41.68490063096244,181.34346127907924,36.754606342198386,43.75089206559501,7.569229725038621,44.560939681590014,kidneybeans,12.504875438368224
94.96408032879296,44.5557209127421,80.6049898868804,13.088384341008584,80.33159743035208,7.019443983956368,218.4543770567833,cotton,16.945519579374835
55.825751117859674,134.3240383773308,50.96126828453302,32.48549245470342,74.13914640420168,8.247997205603811,142.45732028112656,apple,15.47597830181249
125.50452051024591,6.821429879622181,193.95001604204236,24.67648746064272,53.93541455023086,9.1210921742133,26.829478070827086,chickpea,11.394438387469407
67.03612883293556,41.9047615729634,195.92803214324627,28.107437413691876,95.37659370079028,5.517065010991575,61.13036589562117,apple,16.624810075971958
24.538416386244236,22.22729730264549,202.26998458883241,19.456502121318582,38.07107632373345,5.034956305873116,221.44879094759213,apple,16.275801906035927
50.83427594101639,7.927331726932896,49.61800368907116,11.69547072390272,37.237645564102905,6.657540599238212,84.37714384125712,papaya,6.053543083347605
98.39474490816352,14.851535106844105,131.20683514240977,38.597115363436984,67.86903648696585,8.076335412546221,175.88504617258099,apple,15.55069485314097
122.80759358070769,137.17327003025105,72.18923067578677,26.820834441270403,36.65395757827951,5.502345238831795,135.77041467884482,blackgram,14.796027450423528
74.67929858637103,89.7978936643826,143.37278163216888,21.4920810917952,90.836934810731,7.341595755389628,143.0621785253145,mungbean,17.518878724732033
35.809255955835695,100.23328553812962,173.49139722368272,16.854147277510712,90.64991820291294,4.6666159971975425,275.5804679082271,blackgram,21.23604158819198
114.83118847300325,46.405396846846116,104.13078417664943,22.63356713302245,58.736594904599954,5.656743566000753,58.18390940824835,cotton,11.285069141967453
69.12669574201021,45.583295134740354,7.903018905521759,27.245171135796248,58.15923372020035,6.373246095074144,71.2218899595795,lentil,10.975180031819997
21.014179527495266,122.48911342552425,11.398892028864944,38.20539504187724,92.44520457655344,7.177609580429818,172.20676097516179,jute,15.434701057037504
72.28812282119691,36.39827855386674,82.7264580797678,22.47968823925725,82.2669675350646,4.969109361977216,163.52349287710294,papaya,16.29162291257846
45.205680475048354,60.17171079140446,68.32048696548259,22.00465818596197,40.53468486508099,7.017850372017775,244.45992515278283,blackgram,19.539357100663437
104.93407740349791,72.62165977677301,184.30085019179896,39.480401461673026,57.937654540231044,6.577195081298305,134.22952861760342,pomegranate,17.559039607221756
77.43738446606298,11.252570293045824,66.91186030261468,18.769091396645123,86.7761072340181,4.937877867080873,245.58910613195715,mango,17.767016829691425
107.89297509565391,65.50984626190328,140.94515920035164,28.270868341207475,83.82861366600406,6.733849172341261,152.39117497096467,coffee,17.85403535341407
105.44863906975166,29.98309437377247,20.91762947440849,38.21191101836632,48.24664677934712,8.766732488043619,261.7776061295891,cotton,15.051330472850989
31.40482887819433,18.293510638566342,150.63667143769646,19.724055214983892,98.41960633996234,4.686764682177775,144.62986584103834,mungbean,14.859756508273433
126.66110140862382,11.765417239755568,117.65116876513667,29.43466914473307,44.6674236765088,5.225527866982251,273.22671770634656,coffee,17.11436912537259
94.99325244893984,107.0418713284034,191.38254651949117,18.366157787828946,96.5147844105801,4.816313359103374,188.84388174208468,mango,24.512545092570857
38.03727469807625,10.40281867133874,180.77622918257043,19.447996823767973,39.02852355490157,6.842306185435433,187.52570119488527,cotton,14.632732088797045
23.13900107881038,101.36630672657476,125.82612577130702,38.07446872333438,46.38037010122589,4.921939739474936,92.58029345615621,coconut,10.350925551457387
110.89628608677236,107.43873818124122,146.83614075888093,16.01019463289327,44.77046841952682,7.941464992136275,81.52237003091113,jute,13.417934075846407
77.93721119940443,50.22994957680516,172.7942193348136,18.93021146778537,76.18345483171586,5.184911111547639,212.32261824577478,pomegranate,19.192112252745083
34.01649292807424,43.24234685179232,46.903844862506425,23.659862494258064,93.59062835105854,5.02240158376979,221.67501870527076,papaya,19.58522297043071
61.44127735115963,143.7479112234722,25.39050991605549,22.139350853202977,34.37132718382552,8.605391809991204,45.856834904721026,kidneybeans,7.417766422580128
73.78050164255822,94.13700801011184,49.24756396133673,30.31221137975344,84.05681931252937,6.866065934421994,192.9635387373024,mothbeans,18.066415734864325
106.75321092673364,33.867591095728315,54.970759215665915,20.093834877316368,71.24094641756517,6.772111595797705,228.6405467517897,kidneybeans,19.120642290720124
62.41729701540545,94.90934918037763,54.1263148097629,13.278383361044797,85.60689575649994,4.994843117043534,95.98679062228368,lentil,13.5711271440841
117.426757228198,79.68698662688098,15.551322966418164,23.70816549694747,95.95105419209953,8.939296748677764,48.63399867919249,mungbean,14.135973978014919
76.59302848893108,104.53831180491561,92.80829776422958,13.383907565997308,79.41177112772051,9.058193448676517,202.69572395372413,blackgram,17.122201142804528
63.00350427893942,30.64775431772888,133.5547323236585,19.833136175236568,90.2051463292855,5.113140249890033,141.36983592527463,apple,17.512082293250096
21.181619001441312,38.33192979299646,169.0553719537309,16.27965448141051,46.86146445938379,5.149494022684054,220.32213691743132,jute,14.165393655350107
102.30515301037576,121.6579794850187,54.99179624789911,28.285855292621907,70.96363497749977,6.348689054363444,156.09611173275064,banana,17.46613433331607
108.65616599218276,130.0150428386758,94.58872804154066,25.914195615933767,59.10420195071018,8.751884596498527,84.31664830139762,jute,12.903507244615815
123.5210195534871,67.0648449081778,122.17261010558431,39.28234997417557,67.26130546937164,9.02660914188045,43.2508521868522,watermelon,9.90269296915383
49.707740977014154,118.0283869680516,157.59858725793882,21.584677557814636,96.8077831423432,9.053215079172727,289.44420975142714,apple,21.148329873174585
109.07722946404692,112.85765018961013,104.9236823997524,19.156435903865773,98.16198074269454,7.816813054782465,134.30650541696363,chickpea,19.790598295210007
40.605198676842576,79.17674445468984,62.997478528828374,28.86715434770845,38.25570724119635,7.774705522836608,99.32302783935663,pigeonpeas,8.251884712746772
51.47659176613274,122.44430587760843,11.464653065218062,25.605488071971813,69.6990095272661,7.3057557333597805,153.0831806705116,mango,15.371981123749883
93.88712641342073,101.73319127751381,85.82968635541125,36.261137899816994,59.084537768714,6.513880671741665,30.13803321646779,chickpea,11.566701997629337
105.04170062142862,21.021342892358735,66.08655321757416,33.43770861348557,55.614360478950275,5.7080123102002,208.2161857982314,orange,16.017092976963852
41.750030666186234,104.68111456774278,81.99174452751143,22.068840342289562,84.83030647072064,9.313924039903661,55.4636443972143,pigeonpeas,11.382435969789658
77.71299297011643,57.68365437369967,77.637824743245,11.568060026847895,77.98770343938364,6.681072085600227,74.54226474029949,orange,13.795008771401942
48.83747723560093,97.30904243389502,186.94536758683938,39.471716635527,43.86216626417656,5.170598113548951,35.79238017302133,grapes,10.330018335141897
20.814580882830775,26.41204610655966,18.79800174209189,39.874071033397556,50.21669789678627,5.246340063346237,87.47895223885703,mungbean,6.720047947184019
22.36708957558106,23.92562758400021,144.03929194064224,13.607529597122038,46.151399362428315,6.253686492021544,232.16578446064224,kidneybeans,15.707777031928117
54.74992456048725,85.8079644991586,18.178433006394542,15.73867470089543,58.51836901279441,9.184746269543478,125.63055600039472,mango,9.293711810787963
27.024392009606014,47.757889795985186,36.53220535938159,15.220313440483725,83.2531515870865,4.579190354724371,176.18683520592162,apple,15.413485338867396
64.03977767218649,19.85755859908634,142.729010452878,39.35962244013895,80.86231061323082,9.143646846386677,245.2053196275447,orange,16.364375069367167
61.98745563768784,82.18443469279399,76.9086289040007,13.774070090381539,71.25321514634096,7.125704258848148,76.83819657353521,mungbean,10.819673777863049
83.21111452306583,50.395122339275886,27.206984604771907,23.282948705856835,47.727697187600135,9.046161882307509,48.491267980284405,rice,10.445458784358586
69.40972011082918,51.61303457473226,138.88241285072868,16.484074369327622,71.3610346081981,9.066029809070862,243.38466421841017,banana,16.494661820914338
44.50863446838373,39.608716650288656,204.21774545290245,13.101340216058796,42.64638892316866,5.150131278250663,111.74338983141236,papaya,11.886262506475347
22.63838264471883,119.36291802512959,7.7898037383822905,29.7135651718382,55.55657441622641,7.557474263595996,214.88879395695184,maize,12.970099414896307
117.85853186961631,74.2655936609985,31.752139015400434,36.57105740621433,75.44601456786745,5.3177284341206965,29.42192255172745,watermelon,10.957404492810447
60.26686420359886,141.6428220534292,179.71111524541777,19.881342011026533,71.14567835464605,8.73648372767747,143.55681429001922,banana,16.02488454415215
28.941255418236807,76.45498098881893,198.88787513517568,30.79628626656603,34.964133400699865,5.446804378959314,235.97048010071802,kidneybeans,16.358629839061013
103.79271122366558,34.08788812156197,9.056062978916163,24.38247395881306,65.95927059357888,5.701312922494657,54.9152851946089,grapes,13.24761067011248
44.136385110845275,30.00804274560193,72.54959934696944,22.553484915263745,65.59772240483954,6.883769377541641,95.78888967028102,apple,12.85529265599411
124.03292513966147,109.54406309174237,176.55310967448844,24.84948384137383,39.16518764887442,7.981107180606362,77.70065838240907,blackgram,12.816725125796985
105.40184712261032,34.52982705491167,139.50448084762786,31.12777223507259,69.10356358063326,9.018089348993552,51.07854789810698,mothbeans,10.499205290672345
71.81661209430945,115.013187794209,97.49136341302959,38.228973635283815,64.04604705776033,6.813096359668648,239.82012123778355,rice,17.123758056055316
39.63488002522806,22.488773503688677,10.335352521774507,10.372767813817967,91.58673050037797,4.72544428002695,224.74191076450896,lentil,15.449263712592701
122.29266627702476,81.77613114386764,44.462794115211985,19.517656493491,49.735068622609255,7.154295171442379,34.47199037511691,pomegranate,10.792685531485027
48.00755233497524,68.47188478458202,108.4241776226661,32.908314388424756,61.31326986663315,8.449323105177694,193.1369659727281,muskmelon,11.864071297193473
84.57644812530619,70.63465412213378,63.752374605477264,18.320402851738876,65.01620352480613,5.303015732148245,115.39191860094445,mungbean,11.059621110154346
40.48129223626804,97.80687532823922,175.5077481711934,17.738185203607017,64.40599580822786,9.37763664510451,113.30768735420374,mango,12.235306661136576
112.00462855961779,140.73796253124596,154.25086902925767,15.268004191255521,34.51751186912733,7.388307183598318,120.18771831673068,cotton,14.51834842874329
134.82028010516757,74.86506420657139,191.3070098310524,27.499987299655526,67.68689308275032,6.772413664776783,78.60057322843356,muskmelon,13.368077917838379
61.28905920444269,144.59846518217125,159.48219992545685,32.83826369051238,96.86699378011406,8.938621989466604,109.09249424778884,apple,17.492316717891008
111.2845767252674,25.980791844117228,119.36575423653818,17.609274230241265,45.964327183001394,4.557630070264926,56.49540259934013,lentil,8.29476429605262
20.189530529349426,127.01100988868886,11.0759159908925,31.382612642877525,33.23807324828987,5.831228496970017,159.21667299583487,coconut,11.660468561868736
43.02033375212127,51.734087639293236,150.5412740121934,30.077712777389447,35.0270208634741,8.236579127864431,34.852846735167944,mothbeans,4.785116066632229
102.69308977841888,84.11011962513712,176.73441098589925,13.524276966294787,84.99666213611192,7.867583934086295,52.20306231186739,maize,15.135841724578551
72.98567466557965,137.29786997781804,33.32227012357986,29.28500172447214,56.738603182406216,9.284073352954389,112.3929706812774,pigeonpeas,12.976957567175106
50.319560260553885,66.14880370526475,109.03614731335193,18.84793407411593,31.068538775222084,5.600646220987633,98.94232761569236,rice,9.629569374653256
26.288682375343857,132.0942200888366,149.25158158676496,30.313190985888347,66.58009741832666,8.40976308486076,63.58143797324543,maize,12.11851165734553
70.34164512050204,49.31024909676685,12.116429158692528,14.102062081877058,83.48257762172302,4.590189547523222,281.5909237469811,jute,14.134351507497886
117.2363958947999,23.90533913527664,98.73032739927704,38.157347187580996,43.008243889573976,9.389967118691173,298.4006360130965,chickpea,14.1605169525168
124.29459371372415,82.57802026946389,126.74458843564327,37.80965424453386,76.5584124679531,7.954267521699067,240.3512215622878,jute,19.947553876579896
91.54192032828522,133.23202055356734,62.586818818643806,15.565779257731576,75.61758564148988,8.063007036491966,212.64854530655475,orange,16.840345693405986
130.79594099239154,69.02432538499484,174.23877323087467,23.56970432902888,59.70723126507573,5.283814737996473,139.3936958177524,rice,16.40093684044912
22.700519291442376,67.1758207245569,161.27124367904005,30.401381691228096,74.46098922047545,9.047777142186012,25.0489627510644,kidneybeans,11.694416231770909
58.8674663096455,24.0750791128769,182.51261436323827,24.12287177162809,91.4680637889991,7.429260612165842,208.77379265220023,kidneybeans,20.045723156109485
91.37992566650048,51.94606104425097,168.17105114913807,34.076936030458725,89.1996007201709,5.077589500534911,291.4211485988173,lentil,21.77677562276646
69.58333745633573,61.78671463576193,140.91036731453678,12.012811978896362,71.55940480660043,8.360158929861774,251.89957220824638,orange,18.820720116013202
70.32653978236232,140.15749791160562,141.76860612907228,33.761337731468835,50.491908400821195,4.895932045543129,156.59039446692668,rice,14.07732905605087
73.27858572104364,29.45920288682999,44.730130536227826,18.421292273937823,99.9521387732799,5.840057502597986,112.06450528196702,muskmelon,14.390927983488627
61.340707207287586,13.616024778877161,58.99472737109241,33.052632133517264,91.9510727183081,5.607635759511835,149.79339499249812,maize,16.98804363192526
115.70509747839917,80.30873368609403,66.93639166259028,14.350982012496655,81.57635747046993,7.50693492990893,203.52696781819796,jute,18.08078637853847
85.14096492008896,79.15023378491868,74.55401952088755,25.615616009245436,75.87682396244173,6.591815192143965,219.96288098980872,mango,20.344988059512524
78.52626419784434,93.28906667415107,20.90394265929975,24.641146728452497,40.83710284102147,6.348215588112607,112.2054876020878,maize,12.835876369812382
139.1796486720174,19.85288699271329,51.61063759697173,38.511392544462794,97.08293805369708,4.9885363769337925,24.199580105598272,rice,12.410039493350077
96.3714492503419,121.77562165728551,164.95254855904795,20.363834544048064,48.172743766324814,6.65246791715755,150.8275764344744,pigeonpeas,14.726001798895329
46.5792258631568,9.871887981569017,86.84991475707946,18.67579455897609,86.6284424729596,8.501820942276726,147.96670661393512,kidneybeans,15.902385592899577
70.17568195651174,81.52759043205447,115.6980540397648,24.891967650312527,51.42006815082172,9.136032323954154,184.8041072577912,mango,17.875916267654347
98.14123528923419,112.51534609337273,197.14561764564863,24.98647486802748,37.846895724553114,6.703829007182707,154.111757206972,maize,17.152108218059357
125.65062834483257,65.72131839639894,87.41872192650783,11.068364508185244,64.85834118111752,7.270848608055001,176.4754438673066,kidneybeans,17.19867881377201
40.604100386037075,96.52703043305307,10.094538347021427,11.908269885295022,45.475521158540936,7.062198843719421,172.8527165947061,coffee,16.050214092758342
84.04704964057333,25.136825938643522,6.848317681102873,34.24471147072638,42.333608431497325,7.53108321110383,114.33813566148876,orange,9.898501729415852
57.87843523787888,17.171538496915584,49.59000171155072,15.641756994372269,59.961354670775066,7.791418917130787,93.86570098498011,pigeonpeas,9.643887383593148
65.14416959542379,13.842473942979503,187.70219336624825,22.470378854886057,62.164704240508705,6.249251180454275,195.70172317649454,orange,17.35054962594881
48.47052363885647,41.76870573125031,105.8842079430426,32.32148353685733,65.22534450280735,4.838981979140563,222.60259612319464,coffee,15.026348223680086
71.19102812652721,129.476709801842,174.04511163214798,25.762959949289268,78.40538820695161,8.916748505110519,158.80076282191715,muskmelon,19.574304468226003
101.92727573543739,103.10621344156023,150.3340938516425,38.27808101454241,88.25338066152904,7.616951935135237,206.40032187199935,orange,21.199232462848837
41.13071455326247,109.06660789919194,55.4139773700343,23.625024105032914,57.01016127852763,9.410386893178154,129.50582836150176,lentil,9.807395540068178
30.779090308650083,87.70552098942908,124.87271034765313,22.56276971447965,60.22905846184208,4.769662914204356,164.63302290899344,lentil,12.436970953629174
77.68681477627678,135.41909720110857,146.57613904730707,32.43770953934252,43.78534412086092,8.386477879195368,252.98652610327218,blackgram,17.558186046133468
122.55409557822024,37.269277229212925,70.5132587844252,16.296785269149915,64.43131716225767,4.598052662371268,207.9830424911028,watermelon,17.08057783347974
116.4931095273358,115.8745420253402,30.436237843377384,21.956776724323827,41.91068488011618,5.773602502287744,93.70892895255241,lentil,12.323479978837923
24.446239243219132,79.93538284810327,145.9591199850591,20.174935975751012,37.77443122971583,5.892839766028297,236.0448820509879,watermelon,17.10363691919906
57.063307908375585,97.23975659175791,118.28873701732532,24.15268928172623,64.70736308539773,8.161189570461438,44.57641595456336,pomegranate,11.172787117229348
135.75474267404218,76.29115536579091,130.51120477412928,20.691594355690846,52.64414331502023,4.615733859575042,160.09342358928626,coconut,14.972437290471607
79.12091963732036,52.45915582262026,34.381781804585394,26.56482480913037,82.69719182621668,5.909996763424859,81.26241844148231,pigeonpeas,13.349920824053116
24.86110075295862,22.207565555914297,45.614118584012424,22.058557738456585,89.20214148280343,6.231330253939652,203.2939341843296,jute,17.70580658669448
57.6852803621173,69.3439369493513,52.36258549075385,28.819512350738936,51.10418907480516,9.340104806138143,216.82531361273385,chickpea,16.09205124347666
56.22015930714741,96.04157637029107,70.80114593244657,21.743628123834135,48.34790804117576,6.215220028965051,134.99611216423207,coffee,13.912168864787644
25.02564726065306,75.42956516848395,121.84495776634363,37.60590958222822,33.44109665349993,7.36749792467608,259.016379987828,mango,18.15433494004536
22.28520911291502,107.54364807872216,191.6226442337306,29.715929849201867,60.73204707863135,4.724405082363591,277.63186773033607,banana,19.736987068248016
130.43268425628892,66.70713467455165,203.91182812194793,22.602168857564926,72.55703918785265,5.0238126822572005,147.18379066592337,jute,18.262150176839327
114.07035018410478,120.38519994755019,149.72188755159027,34.980496708601535,44.05801251224446,6.760218882899008,213.71712638487108,grapes,20.73372340387808
100.58141687372449,5.6103411939212595,189.93022108103617,13.375123997142744,36.64189611033022,6.165038165261221,124.59856009094257,maize,14.208531016737306
118.08949463229327,135.65150858467797,192.67232005920346,37.424693849605035,68.2494708652072,6.281056586269346,22.0363861543226,mango,14.78503775502381
31.959670649213106,43.14540576463344,171.35706003703186,39.414123933492135,64.5692910319093,4.548501774615211,59.21254739758413,chickpea,8.28034770285021
26.225849311279067,136.91272072876328,110.44519565009666,19.75172930175446,41.06885987431478,6.192633173634179,25.74324884654906,jute,10.148614186664
96.56038822594978,93.0209941835815,115.74564627967224,39.592420554486665,81.26033971979874,8.384731941962606,264.2895882234288,mothbeans,16.0188179314082
22.342708483759296,121.29654472772197,33.8207926065932,39.24035232421349,72.27117382783331,8.174914858149478,50.935415831058165,kidneybeans,9.1450504204065
80.27298375144649,106.00848423843415,6.18564306737563,27.77322266195378,89.31842944504656,6.284499435873775,50.32101981521671,muskmelon,14.301628910149802
47.290607446823515,28.985436223612492,138.520342716647,28.283358919818365,75.04864860911923,4.940030137557262,270.1896833795623,mango,17.343230028119695
135.7260102540845,21.036341942107523,67.87700821349169,34.303762831565706,48.63108702358235,5.575602985230205,251.10583380331207,mungbean,15.314624663138233
49.49003746230654,85.77428101693707,59.90891694808893,34.72283471453123,30.372693339974496,7.32409581443198,114.97696075613703,mango,12.085385948623161
45.71065212118213,52.72362216892999,161.9911230573015,15.761009570844884,74.68392254067628,7.772830956117991,287.1462961726442,coconut,18.666768686745637
91.02972853028841,108.079185829679,119.26790569061542,12.002507645522709,38.1511866859298,7.482372887719762,96.99417375261925,orange,11.71347498777223
103.26144635267195,95.3558144037479,142.47449315156132,21.175823584083844,48.36854757995215,8.298606643404627,236.62127061549356,jute,16.806171351588013
86.41132409444816,6.594553532397391,144.30143669537782,21.281253733274696,95.98267971110589,8.589923855386026,184.5544514687674,kidneybeans,16.494275170464324
77.18815322960222,46.449171405452596,107.98589907849656,14.961112765395578,98.43989689778499,5.039622774824969,280.9443591032242,chickpea,19.943020600561674
24.947337679887248,40.11176691567478,142.94032847292465,35.56443243400035,69.14301159858938,7.160663697911762,132.64666946161046,coconut,17.225105159153507
50.41485556076195,15.394560306276405,25.75494172694814,34.38785216181812,32.72115879116825,7.7947139696737135,96.31616966831214,apple,6.95029130746469
33.54297979324366,79.69300033733774,25.253036197481933,36.17722057892934,65.53457058594431,8.539828446303787,123.06397854654,pigeonpeas,8.992667659101214
119.99291660345092,68.59790141045954,148.91168265308698,13.223596493256597,89.22834298885783,8.17858993389055,79.2806979693504,pigeonpeas,13.598553083893059
71.56844107157342,64.47630313006357,88.41064074058413,29.91395176128005,64.28796423827058,7.087162799064815,141.0596778010941,grapes,14.080092387154814
57.800993022772886,85.57693109635446,195.11879318622488,35.773910792536995,45.984892992519335,5.6005491500958176,76.3284307918922,watermelon,10.746805586644548
133.30754952371075,118.653834972409,153.36654274573192,32.10988935181067,42.461422700458925,8.623406196139683,97.31321708416827,cotton,13.23132126400084
51.94801934213617,77.03377112151367,26.37705909781211,29.80356708988522,88.52554926167869,8.09223640651208,166.51238362282405,banana,17.55830380246766
106.71340698013395,33.63060741699142,72.59399584809576,24.095363049510247,53.155509399935895,8.274701000791644,112.21898678998731,mungbean,11.682546935456271
116.29517784048446,10.792413545416384,80.77741806652105,11.041484565516837,37.14524473362685,7.5070536100180565,264.67010992543095,coconut,14.822104240913895
124.65272764958972,45.45118233206157,22.249834260792984,38.09696834974018,56.47374446697533,7.382027757268167,241.76087531645487,rice,18.751075290891972
62.11065139588154,135.2740974743626,164.9356827307203,22.984046836789524,64.51536968513018,5.828047288332074,217.21882781219645,coffee,18.59896267326954
84.80350307128252,69.54469953369369,70.17802867872855,24.269650927747513,72.19652725867316,9.429957860853296,282.5740766091028,maize,22.590388262041714
135.30849849547513,130.02019073550957,148.83560481039592,27.549782008174656,78.24831448261685,9.195546103663446,89.99964586267289,mango,16.363561785370788
109.53571738863707,77.91418206017151,58.71142812412821,33.29820519389172,68.65555961216926,7.804869103248379,110.41229920181229,chickpea,17.08983651487288
43.804704781724155,139.62966892414255,107.29350800852347,32.017611108631016,58.77330354892407,6.275658820128582,134.006003570795,kidneybeans,14.221695080980702
85.30161391303443,81.08578179739084,104.43076317657433,14.043573547523142,64.72528349503719,5.345519502103257,55.31802016281424,banana,12.77531859104404
48.808358372861434,82.96951433462891,26.645329353109723,37.99931141045016,53.34586475640067,5.594850635529006,159.03394780851275,orange,13.456555123860118
122.47381556174524,29.1071974396056,59.19264157424391,18.568797990507314,48.96364562728098,8.77704081052144,28.92774265840579,kidneybeans,7.7276960069230185
85.52599182593191,87.64384412550959,191.93039054144413,10.25707632432222,33.34597967604245,5.457467049654012,66.84438639808202,blackgram,9.469722196193901
100.63326630183802,69.32766214702315,203.35577566693863,16.806577444088347,51.75810707192463,9.421203584008246,252.89227942462915,orange,22.072847235494205
117.17462344257257,122.2106800142178,23.657476944393704,32.163340867557935,97.19416827494636,7.892736707090803,179.75719329488982,kidneybeans,16.682408188695963
73.15245460813232,88.90109928346702,100.26765869887323,37.985386640808976,35.325930873585506,7.005598504126741,212.34668358792274,mungbean,14.908408572912268
86.58403003989885,116.46603278074184,5.75353891010661,28.941323091862877,71.75612004890417,6.0907609290208,146.3984410093917,coconut,18.750323835183774
121.58651869584834,22.849961734078,23.606074948179142,27.67802016270001,67.2482580721148,5.8318882071501195,271.84686367507385,coffee,19.20184954140626
73.80403225178918,40.852379673379325,29.068088048610402,12.95611801503222,83.02237663384821,5.617639111507557,35.58838818711316,coffee,11.414007655812695
38.48739834327776,92.52045284266956,72.72865428957265,13.794407700739285,59.013668547805196,4.574044305663126,255.4925951035169,lentil,13.88606707837681
129.78633801458048,73.48751251728618,95.05303869932763,15.98142457031881,51.535856114943556,4.711672462591517,197.38988221252765,mothbeans,15.575830370993986
56.49863053825581,112.91403303300497,70.44423663229078,17.265876760394264,41.8340424393594,8.37429201090978,56.31775223720753,mungbean,9.17627246629815
59.69539937372519,30.012792747474414,158.0664861869088,33.58965418408231,69.65948022610982,9.286568065956864,109.08571571834318,blackgram,6.967373251111986
57.17183769714841,78.06382466984697,137.7408957852512,21.43301540835442,80.36291619193668,6.1808266928979,101.27942964813289,papaya,15.757886931990615
127.1919963520493,76.87329047924115,170.06425696836675,34.47461569788901,95.43592787714496,8.7046192188673,200.23018606800605,coffee,20.511514373403603
118.43515527310129,61.575378684014,49.30021017077055,25.36070167326278,68.41892289154316,7.191631860049561,178.22066161442947,chickpea,17.48608925703227
30.618427483881682,8.693706520775368,163.23943241693965,17.759495864779016,53.84585541011095,4.820422938020331,70.26007293841818,muskmelon,10.076898335240028
107.81313140452069,28.06276124428137,75.27118693098535,17.945987734407144,54.4903185955735,8.04162024538985,122.99721071998428,banana,12.040660442501732
133.70406208801342,54.81842757429588,54.97524203309553,28.486521888824175,64.92109748077166,9.445927874323917,149.46129956136534,orange,14.793359064616617
133.0761125481448,110.70954857842752,46.60491254664977,20.131323241726733,86.67719806616512,7.978388316076694,234.41960196040282,watermelon,22.98260417944087
45.351550032583575,93.57478487779039,200.20278511975883,19.31802914185989,62.26787145487778,7.870006855349268,171.6217589942966,coconut,16.627506249705505
111.40912477634191,13.161608540729986,204.6842467847548,32.57207361158402,90.47323214058792,7.755988560476732,259.7598358530934,jute,21.33939816476693
55.47227330050656,103.75077672553547,107.6431483559104,27.576928100582705,42.5726117179112,8.175115990890852,72.8137453319367,apple,9.979950533165901
119.6300231337662,63.69489490465521,43.79879124467944,18.54558029831841,65.36148128053205,7.156653963365878,245.56263140354542,cotton,19.390026873840732
95.92352496842156,125.80309977389152,20.9712849164513,33.33953277965363,64.51203731647274,7.320634718809982,203.1007808047937,muskmelon,19.33764149255593
26.806394426208545,9.126689297422672,40.65235629775469,39.59343178080209,80.0553457164443,7.57320559527251,33.170934956129415,papaya,8.850310622002738
75.4568567923881,81.88016213380317,194.8224913776494,39.95851957493154,46.478507418906865,8.134899356729077,125.84869742529465,mango,13.706230563869413
75.26792090747068,73.36688782060685,9.513939314688532,30.607822503229073,50.58023720164672,7.299465507679747,104.25734048631726,watermelon,10.238122100997717
84.17611723030016,32.8359942401072,106.68119532892541,14.721355446066028,76.96822966400495,8.269688422207121,50.91038558998146,orange,9.62941520083411
28.50460407858483,88.74554237588033,57.88085958592907,25.828733705161234,66.22227065690038,9.121771730969002,173.74330231924242,muskmelon,11.389241053489133
139.8317801523852,92.30789660058424,116.74139891921931,11.78537327691923,49.13302136661235,9.123313441457977,119.1888808929884,rice,15.580405696514326
139.9395620502466,41.829759936695766,120.21617580289876,30.893133781066396,41.52390725957906,5.243362818480911,147.76621526428852,lentil,16.18630195366538
65.58806267872447,71.6268858462481,13.914008142526164,39.117199978820814,80.12441373936906,6.115970326621681,109.23523203991125,muskmelon,11.870024219336765
126.50749500952197,44.62237522372774,92.59279279251369,20.649851231150606,35.07829090906563,7.866021230079047,251.05402174559322,chickpea,16.865419054500293
108.27711920136383,73.18224567227352,167.63642945689224,38.63912956019405,94.80519846461978,9.046325217276703,163.4075876614884,chickpea,16.49748042803155
75.80423896768073,101.58544046387051,181.79955537423734,16.209589090003586,94.27352109231921,8.575901159849446,294.0796842499057,muskmelon,22.729322361892898
102.65210191509819,98.93936455824424,37.03928264108855,10.233519108069014,82.70871321072818,5.0318408319262184,43.057760309999935,mango,13.11381099166548
42.35801318222402,18.96166853947151,77.664895113802,25.040529809012376,33.03780250049926,6.242389878978276,70.17030889509033,mothbeans,7.679092164635205
45.173049653492974,15.375224902054354,97.94496061613428,28.46835855767077,36.65325210631799,9.252672372640834,294.5160208651859,cotton,18.184069017313625
65.3562026769541,69.91461280824493,22.704463042945683,28.269973331557853,50.17483779136742,5.301545197577845,172.46876201326225,orange,12.529374829908232
94.85266287810235,31.462419584509608,98.88697243080877,31.6096874943568,67.06050183788935,6.477445380917851,110.25476826266421,orange,14.725124811469191
135.93198472777786,121.51331181857196,61.922052912035426,20.90119625494293,62.51585753528542,9.39464823508495,68.2693311340004,maize,14.897354662706032
63.57591083113547,123.25928339062075,88.6766675426543,23.225653381075475,74.39701636842798,8.372387096379917,29.460962265509618,pomegranate,10.867985388807579
28.307615089475803,34.45411762917736,63.05890313978293,33.59630967730142,41.15731860242448,4.7204610819876605,130.31650215965544,blackgram,6.726707064604993
134.53372338235863,21.194531310736316,194.2528986006164,32.00084544196281,74.62491620539143,7.7263887766178145,251.483741550959,maize,18.096016639345912
53.01533088513105,76.00014356965391,162.25857851925556,36.451675705487816,88.70880682065352,7.410903680723199,89.6685682947022,kidneybeans,16.35692193838946
72.70526131182496,123.056685995047,102.91751924860948,19.341263264899634,91.02584397172639,5.279403487649029,77.80466507653611,apple,17.38361999798476
65.6180170349204,52.21328511701789,148.5874047245139,32.28464504754598,33.55977781836179,5.605616314445075,96.79331804449191,maize,9.378091727492851
38.41010952930649,63.95901987394993,18.700558514378812,25.322179885186507,61.851080692511346,8.33584070172176,204.74475639208865,rice,15.228393131265248
35.341968439216046,108.45888884187414,84.37759564498378,17.88772742896441,56.28490354145041,6.9887828180344815,116.07234459676265,banana,13.079403355272873
82.39977488443061,115.31172889420601,50.56863761530012,24.706659239612225,55.08026245367176,8.639143035330964,26.329243020583455,jute,7.632207329171243
44.64418216279824,108.21187481497574,144.94261543086742,17.388122023095196,93.23854291039551,5.021857290414145,295.1527070855712,pomegranate,23.263525879480557
39.82075994221373,134.00070806342347,89.61510455929657,18.362673984058873,62.96445784923448,9.08923711410176,128.3788477495621,coffee,14.225965945003177
116.35595613302802,64.79855434677478,51.708360385273664,39.835772451491,96.95996002165117,8.717395845627571,212.7446862280583,blackgram,18.260157117214625
43.87001764846696,136.08935809549794,8.704915349191173,23.133318156687068,31.513889472325566,6.917965240521645,160.2932657824371,kidneybeans,12.072522756652692
31.216152428533228,76.09902003924739,37.4471096281155,22.49048496389295,88.30874522889064,9.435839198151022,109.02875286469296,kidneybeans,13.783321279837326
49.91544200055336,36.48414923157445,108.88975727824752,26.880662673721883,96.14631945750531,5.477853235507615,199.66919884521886,maize,23.6148219751048
52.45354225657117,61.049783197794184,179.07918164514038,20.774854728412564,72.01771230534536,5.09027253630026,35.75699667114741,banana,15.37975465755142
113.9181875387452,68.74457740866998,144.61486769572977,21.63856505964676,41.193927151688925,6.490747467614533,182.39098965688,watermelon,13.840755566467788
81.5886286515751,87.20507793899755,100.29787947076525,19.77122005260997,80.5153980976215,4.87330822322612,276.04330353113323,mungbean,16.83863499719148
65.97217203087013,121.97989939503846,198.44264136165367,23.159661440511236,57.53469871234333,8.732753879099313,139.533489778165,mungbean,13.871080411956312
128.02818289185313,78.21741211481655,27.901239293796284,22.025357069604368,44.47323668488332,5.498427130840896,161.78352654261852,blackgram,15.02445595795831
40.713093548272944,5.368501781142346,95.18073061862964,20.57298194616525,68.84368836777863,5.440205462943929,260.706353346613,mothbeans,17.18587297325974
70.61059763410353,25.552228445559496,100.79878672786208,10.522916365061377,81.37267596297153,4.867906472448454,196.15181357539333,coffee,15.084987700552313
105.69044272220209,108.03095487124237,32.65510553556172,38.9853407450361,87.47223629675017,5.5224173059791175,72.12621000889968,kidneybeans,13.804664195792883
36.60542750503021,109.74265186401746,98.9308513903247,33.48802518219601,82.23784260451438,7.523063567526108,212.18264984203026,chickpea,16.045764053778182
61.899246387889974,98.844748757416,133.48531460171546,37.93057827639113,88.8991505217745,7.737234618756241,115.62199099153221,kidneybeans,16.477284540841833
89.02499516753612,142.93779833412623,54.50122571396081,12.38967522792661,34.89242683215634,7.700151941758402,282.99286409522665,maize,19.528785350455326
45.74678255960027,93.76770784153767,157.17829459224802,39.58083784589289,42.62966754569593,8.330129497596483,114.86432757959163,lentil,11.78383261065493
70.56523294566259,116.13702770080629,97.96996074081044,26.125693006091456,99.66115871400848,6.49554649778713,192.31221131858715,rice,19.960922193059034
132.54643713138603,80.930253068925,158.67998578975596,12.676196764508916,44.78106262023489,7.010658204597663,25.60328261605694,pomegranate,9.018052513165117
111.55986772543307,86.840706185211,12.623649037698321,24.642910476184817,79.84205499381159,8.844756973004031,281.5302173845229,jute,18.904601229697896
114.18595800653532,33.00124895578466,31.168472269763953,30.27434907228199,69.19182159038887,8.448368068963779,226.8654140220322,apple,16.603574552551066
91.25009028886154,7.203037252296216,56.910449732997634,29.84146233534967,32.24438874147635,4.916009082544675,102.15092054001974,kidneybeans,9.25931199809937
80.20553800261902,43.45624915823835,134.7291318124126,31.646616477803835,90.40038039904977,6.877081185520071,298.44602479276364,blackgram,23.08281908686805
125.86000693652397,85.48172932212992,84.60128750076301,20.93158930419355,30.848732506142138,5.745872486211832,221.2663057857661,pomegranate,17.913113149712192
21.793996532508668,129.60264616082708,53.99070167319122,31.890988823401628,86.77107624524484,8.794931955160585,297.6463859859667,chickpea,19.867263004782657
118.80169723353684,100.28454181668147,162.99495191396667,34.456191326969495,35.93100783032225,7.6148644384404784,21.899954833511725,pomegranate,13.105321698498644
123.56345351003417,72.39357964477985,20.705437188314562,26.816180572503125,53.24517235766743,5.274708926689679,257.7296637193724,mothbeans,18.085122627929167
87.1489810347048,98.17131722600988,200.66509528900949,31.851585583021976,75.06239727100463,6.175462171341713,29.661085419531275,apple,16.368432757285646
105.46258324089374,86.16917795971821,39.37137395009297,17.8487441887549,64.74125224405336,6.5918735255392376,237.9978773130927,papaya,18.410274781113877
88.94894041676206,120.11845960620953,117.53390813686173,38.93167769971781,45.2056869405757,8.070659968010764,123.58435697525103,banana,12.423645812414158
55.511161877634606,105.38671141899466,21.85411183615311,34.35585099497752,80.32348612233532,8.148033246176713,48.06758367492559,muskmelon,10.122954900653342
46.42926528834327,125.70934970545346,153.54614589081802,22.429249370025193,63.149864900225246,6.5562619923943455,280.38380486412115,jute,21.95897646658335
95.6625370697808,86.17504823401045,79.01785601399418,10.550151670319497,38.93362303664273,8.271156616747744,152.03123544468627,watermelon,11.270947570517464
51.67530249582452,137.69716597857996,78.42656706205301,37.2304583565746,51.324508260550374,7.216100471835805,25.73358334141541,banana,13.767760177043876
89.47246114464284,95.60348808713798,142.3772156763513,33.2920996606631,51.79374700505916,7.338884782159391,294.84212833408645,blackgram,20.426047311719334
20.374598162769153,47.4914174829356,26.721480469298516,24.18380035904749,77.39892420017313,8.872526475190385,229.7808062254515,papaya,14.70236563391473
36.17573941033725,132.91374364198072,99.05678725264734,27.074529419637145,94.96742626346612,7.151316128191743,119.00552086804919,rice,16.49264036653915
39.94406441704946,53.926376734567576,153.3612950492344,32.70114730334409,76.68337706789472,5.670140876534373,184.66414883931535,kidneybeans,15.573607428196977
20.022223435453135,55.740397566287896,152.52061920688442,27.99157033330832,42.43004018421324,6.018665445442727,114.3019311029899,banana,17.01303641617516
137.1295623465761,138.97884764186182,17.08730898811281,23.297603244248865,43.03714568098423,6.92672448567209,252.44962803988446,kidneybeans,19.331603067796316
89.53930193483134,98.11860042572157,92.78174804124777,38.59501530313502,72.57492906657026,5.599997361183126,154.18055208138455,chickpea,16.16014118447283
24.010159364607134,119.21491914354134,95.07664260780159,19.75398785200793,62.97772484984277,8.593689952273259,54.89197815810593,mungbean,9.729269508711736
102.43260268000436,108.972500611899,40.97926374696776,37.43334046168626,82.58030707660086,9.166877495709844,108.78050125383348,grapes,14.587910023745478
97.26415130661516,111.81284299161855,156.89731383766141,36.58221901286575,81.03236199806459,9.139050308238481,113.14384794984962,coffee,14.832395110823953
87.2251283289134,65.10498787546908,198.2112265530398,28.123267034525416,82.4465431421727,9.181734737355416,185.6478104166871,watermelon,17.90225080345096
24.115001397265083,103.32738077426065,60.8170272302567,27.381391820438463,44.15940267634683,5.851244375308571,161.29949566546108,banana,14.35189942865937
135.1255825264337,34.13539949887104,67.23872049378889,33.09976843656112,90.67348016039406,7.0961337209476385,298.10329883855377,apple,23.662752372142265
46.987616687648874,83.1387821379501,157.8186000425963,28.58053917808897,46.24937389601093,4.504715212637452,232.00216248608297,apple,18.197275581398078
81.44379424297877,24.16863535939281,73.2034186238406,15.631842264948208,87.48401423449681,9.0737695066898,170.33851319763278,coconut,15.512060256710534
24.529678036092008,86.64732266362644,50.99228308020684,14.444017660491493,75.76809746793744,7.906046289107744,230.60336983214648,papaya,18.342523840516428
138.84493154946352,31.904182650022854,22.349553560794817,20.110083740117755,39.030292251628126,7.115650564531122,197.2480935141679,pigeonpeas,14.540724685667625
26.820868485486614,141.9892250540507,122.68671128328496,26.708562749925257,75.9057395929804,6.985118238886033,28.977784786471645,cotton,15.317601229897242
27.571361741985886,20.099808661492027,135.050143929238,19.374649784285644,54.362110689577705,6.934035384916218,294.0019505606247,papaya,20.066419313270643
65.93890495562046,87.47662303723313,149.16326329498312,17.236203238840687,41.769876012632295,9.360479966061554,192.91604769869318,pomegranate,12.552314089052281
84.99145553580115,99.52651817162734,131.66243488732212,23.874706312167802,68.92366969959727,5.924280654803798,26.787272526269113,pomegranate,14.531594543854323
50.30822709652243,98.65351940955844,154.40169991939186,37.47783238311344,97.06859568357291,4.552630231548507,297.3047786192985,mothbeans,23.084989241993853
28.756199951082525,119.95765462792517,103.60702430804096,35.40349081506488,72.05178421152755,7.909165160164294,298.1804369107983,lentil,21.422196192508807
72.81532358555917,22.26281274499947,102.2893223382095,28.756511759585567,87.91689355251506,7.893247185914333,38.25593467772213,jute,10.204748948624632
130.9547381411034,60.66286170349053,129.98449395769126,33.394560268694306,84.87476953993213,7.096400411976356,260.2265447126542,grapes,21.02347129518996
77.63048013033855,29.84043131494375,100.49761009248554,24.837933120083946,64.29522272714024,7.19386293057558,92.14396643752343,chickpea,11.522473151927676
120.06999205532442,82.49432395000566,128.22216008314422,24.229767116508732,57.41665800151662,9.077384406091657,55.17155698568458,jute,9.11878463336215
68.55270595362356,67.3668756316684,179.73454543595295,23.85503303681825,31.483457235949693,5.637454454345312,153.1737720063125,pomegranate,15.99876689587933
111.51830705073691,64.8418689199184,130.32873666235167,31.8278002991423,77.55216657194875,6.852503595448411,128.61158810648436,mungbean,16.2735756936227
126.9266232610185,51.63197673314221,34.50476683546937,12.896514357932354,30.939604058408932,6.614280392834307,72.53107679271892,cotton,9.616155087888666
126.63712032355461,36.76610741413316,190.85613033716183,31.52303352634761,83.3857442938039,5.507307478965802,85.57443917270761,papaya,16.355273806491493
91.7515312183796,34.65190040141668,175.22216516951093,22.822132816828024,97.33843583138881,8.114505037238889,200.4776832969102,pigeonpeas,19.743866135783186
137.117974327094,51.369934047236995,28.73114063925046,27.111619761025924,93.44479477669523,8.420308899142395,194.30444315556048,pomegranate,21.606137342281688
39.957404025089886,103.75327835063842,63.31554335198614,18.488427041119937,46.68014435136477,8.87561028675725,263.03004507100434,coconut,15.678738153257434
114.84889710595856,32.12345062347349,57.35057380740473,25.377727758018892,53.14205669790013,8.802557432937224,152.65284304684167,orange,17.190659243992393
136.24297402556516,16.738400520627344,74.40940519075541,22.57224049376323,31.184494042546017,6.324785938341126,96.63877680839592,coffee,8.701243586197485
52.00441167646571,140.37790252392526,37.01482109734612,33.61977512372186,98.89154716382504,4.599507418700389,215.7276759317866,pigeonpeas,18.606051382785182
131.1371159915517,116.02114227715536,189.487122200754,29.988104107625432,46.49508275949953,8.972616184554862,71.59422132780824,apple,12.817739493309714
101.61316381199327,98.67120236071966,193.4668989870074,34.69262587020641,32.93809083704542,6.855414253522566,131.42685573637337,mango,13.802321471333224
74.16040701849167,58.787185889636845,91.46677997573306,39.377855968259276,36.20430823247065,9.111154349193649,154.46627977188749,maize,12.232741254115927
116.04930349924139,86.8988448182686,204.40436091233943,23.675995005412993,82.41792245227913,7.836066458709537,297.6008736362646,apple,25.93538450814735
71.34434178235894,18.812032742593267,128.81861905422392,14.310748217852018,66.56612847767607,4.536099735018588,108.64697755554108,grapes,11.855013005480314
113.90144098469953,81.18550159238211,35.87235397918007,17.52959456569544,81.6938780530274,8.530410826974638,98.19427785147714,blackgram,16.335796429059474
29.315826229975418,104.88467277130997,5.715508920006269,11.396245636572042,30.304084744886293,7.726597916688084,136.86839575615303,coffee,9.688478321280336
26.42535810712099,104.29808163377382,111.42222676740074,24.33631231368192,45.6446019979088,8.02797894888246,73.42665760496598,muskmelon,10.445715853080092
116.06181495181801,40.5316699578389,89.49575011228201,33.59646809095031,98.17144369305478,4.798127621936344,247.4877296772932,watermelon,20.793886419219604
105.44761056910049,86.19467727491555,22.80063559653593,30.819763251678268,41.64899990176579,8.43183692980849,90.01589238284289,papaya,8.228196089626252
113.66246910435277,45.15376746828815,85.48902768871851,32.18510364718248,97.79594898182387,6.777355853646839,252.2662762807449,coffee,26.918716335223444
102.70756836355423,19.963672512184395,169.2221055483032,23.065150823597776,35.064395692823986,8.430913345991065,125.54599207215618,apple,11.672442992933634
38.805115491550296,108.81241532577864,124.88567842208371,11.727155959083914,84.42119397773878,6.415401406665925,112.50666161229852,coffee,12.418412012701408
92.18582076556474,89.88437263243448,78.00506080776461,37.13421781843863,65.22598417702824,6.823921029687504,299.30384878533084,chickpea,19.253496820808294
95.95993326163136,12.423607944173508,53.60038282575716,33.86385763664402,33.47372394204678,8.77544331953018,204.28549342737338,mungbean,8.581178881982103
43.29832359422589,23.26378911719515,200.12099371782242,36.049718909511036,92.52653030469628,8.931881923121976,171.67231072944395,mungbean,14.508394763626669
76.46455217483299,137.85682817674345,174.50012407526833,19.991177060901826,57.99734872087564,6.616633635112636,195.3302468188641,papaya,17.74465095238915
136.7572856504366,26.43588240810778,58.85408486104153,27.71768973215755,72.71250033656493,5.269870648719145,242.24087921985944,orange,21.991341202344433
134.0412171816686,15.13912380049587,64.05212601719478,15.806301197187178,68.76882045601153,6.413964155399547,64.0365895413901,pomegranate,13.67234287615462
73.78718985298694,89.1436228484166,70.47533602307985,33.42834456851462,88.83147071471637,6.118047347170354,254.824003257888,cotton,23.92906448424758
65.16661957299331,46.52692065674855,182.88935167033543,39.98094796578036,76.92475477632593,9.449903074945905,204.7905577845348,papaya,15.525538613041746
37.296279678727416,120.18500206711725,191.21180617744002,28.70314401082336,54.0553115911779,5.270081626871831,94.24374431748818,lentil,15.456925555060947
67.31098825948942,99.79147607315514,100.19633806984406,39.813193083037945,81.02314950535249,9.262456502171624,253.791473854732,cotton,15.405453066993324
22.428347916794053,78.3590434450534,106.01156005408174,25.757513944914646,98.18218574804447,9.057270017274195,65.27957793243024,coffee,12.760283953624677
41.494314098834614,19.45623332105156,15.417581385430186,23.08124748738851,73.62031571351699,8.70276678375632,211.14056704207678,mungbean,13.721895760806975
59.20892749728455,74.8222511128704,196.71306692873935,32.04124016721093,82.34182699491845,5.761670022066138,136.11547312543587,orange,15.32681966459818
25.93369240152167,123.8253780791329,6.991948240860664,38.11337481764416,73.9333911787894,6.109233176006601,89.01381468148614,coconut,12.89253732148578
81.13792854126974,109.60438387555105,97.51266166275991,28.041526683061928,85.28097832655736,5.576103226331894,38.46008902009505,mungbean,12.121734562759828
58.16116457771577,116.4820260354729,91.34656476856983,23.589943024898915,65.90178217567016,8.06515728187552,96.58080243231798,jute,13.679527959499676
73.09895764016449,95.57253916722276,103.82514822825412,28.608364513025286,68.09400014795395,8.198981859680496,217.66225295925358,mango,16.94303258397892
91.89424217841298,143.89770598931867,22.922744799064528,13.796864095202771,87.86492625994379,8.823779478019247,144.7284327438615,grapes,16.965054669739555
109.80756274516918,111.2311799786038,195.6222170563861,11.624032252069622,71.77998025491436,6.639202853135265,112.57722736067177,coffee,17.854922235464887
135.1487105154879,87.8972530891426,168.90358374201423,34.75904687028144,34.64872942609129,5.354300996932324,107.11379061270127,pigeonpeas,14.834029801258312
123.85152860992233,46.510219943351466,36.8566074698917,23.0616818838404,58.13290955691767,7.378596526656022,183.34814505176945,rice,14.69183511900405
28.766213217279265,57.94725563135124,147.0058695350458,10.600706035591195,69.89879733317213,6.172604870716486,22.47291615836565,cotton,10.060466409972399
122.03584838861501,65.76995145423726,190.70441500848594,27.70897215266799,74.10049948125663,8.72709600850385,103.1040574145149,pomegranate,16.233950242578388
46.9850110166835,43.016267613581476,94.85197838616783,29.584401004427292,89.93023052004011,5.935659185935716,71.44393529560247,grapes,15.122275666580315
86.46032990026647,79.16848813595179,69.34740597165556,12.250662666787544,92.6955861281343,8.513379062631433,59.0674985567074,banana,13.08292518649316
87.57131334469913,88.11626670718289,132.92342492047123,24.866670711277898,31.251147158542107,6.17361343457326,71.48450740187754,coffee,11.511499028511375
43.24403513428424,34.173715061235555,137.26079245737336,37.337684555028645,58.26296273348426,5.538746365060952,201.64914242626318,grapes,15.26115188187891
22.90044225602042,47.888240528300486,138.23859205328623,36.725708935829154,47.948391510579874,9.152387959818341,186.35401061977268,mothbeans,10.68530396192219
129.3482498537232,135.63902157687062,104.5150288308271,10.194850479977696,37.68480675692831,7.365139801158609,26.657476644528142,chickpea,11.831373359630085
98.43235430422718,122.34228819615214,110.04044004615942,16.24980840580119,66.72818884654342,7.275413007188256,227.88811797979585,cotton,18.573681889598074
135.1327514889398,67.15229444574065,156.0187934596293,32.524341441233176,48.5880929362269,7.359348446858661,270.40481012922146,pomegranate,18.508055470684727
50.75517947535292,78.9955804498803,63.158388844369505,30.62506278413248,62.92019336922231,6.794034771345178,295.4199086891873,grapes,17.476998110539018
121.33115997441043,84.67981986359756,81.47291958334218,38.03674217629845,60.24820229311261,7.194096836248345,144.91200599505257,kidneybeans,12.858217785802502
76.46060947907927,11.715458201126623,181.40963720153974,23.331814567473096,71.22605539551441,5.1959390137899355,20.948597435138957,mothbeans,12.25694737300888
129.06649284637615,35.10315970986584,45.91872285835516,15.445238848644866,30.978719907995533,8.359027342391173,265.0096687486724,cotton,13.641325038729704
88.09830533403155,138.09978499963074,124.5591665445666,10.446069230365591,54.70141453530338,5.215303411023538,278.8974297273569,pomegranate,19.258928165006733
28.544806104947902,116.81623193025075,53.66038559659343,31.762363695789112,34.78438600137363,9.27549278082843,74.04419591359562,grapes,6.49059353208063
125.42206508768189,15.00319328531913,11.492028352455282,32.33670571313738,39.334640472752945,5.164992935373196,26.262629658440197,cotton,6.927571673685254
95.17566263048671,80.3311360023676,137.43717714236672,13.485423250356728,68.85129669437038,5.936062855636807,283.24929772429584,pigeonpeas,19.78684495041001
127.74600533173783,38.96080840571113,75.6275586562353,38.505421324541246,70.49376518116013,6.32885759481511,285.88860116941686,papaya,20.12658413946334
126.53817379579984,102.12610884887053,83.92581398120639,21.17406816736325,61.901506980593936,5.3852072052995315,197.52021487647667,pomegranate,18.056973660778333
23.001818226902493,89.54291854737231,34.06329126732521,33.956227458462614,89.95977375429294,6.910467593973571,239.3020079746436,jute,18.127814159604878
39.84810854016308,113.8025674687833,50.79743706006234,25.799267905755926,61.60824526811395,7.39805449614142,265.60337210393436,mango,17.561628281643536
40.96395562685376,77.16964663677867,57.29858074552387,31.679416061832054,52.49457701328049,8.123045967941586,99.76393791393342,cotton,10.346669565801115
105.18745200577443,11.701183846854992,86.57200511818267,31.151035667899983,45.88093614320459,8.476435223986112,196.61832526938096,rice,11.628587267975362
34.11195399184422,137.76331326025132,49.962579902036914,39.98906876276331,64.70136567117223,8.357149944964682,20.611546461556024,apple,8.208133077814765
56.1149258670407,109.84846966699274,163.83254176752192,16.0740262628725,97.13307978099854,7.012013967400634,276.7540497251807,mungbean,23.736993677471126
63.289729406625106,98.70636501838345,131.5186536609994,16.967971773925758,92.82380193567973,8.813942728356952,162.54332587318646,lentil,13.756518161043898
35.68379044979756,29.272241946051146,73.1753079167873,22.2546216664682,54.40919675900849,8.3182351626161,47.146389935480116,grapes,6.922797757654224
120.46879994185512,14.351590816704078,193.46870153427147,39.58950526816039,36.199772167755604,5.956362611278685,124.27218648989972,rice,13.952032340527921
58.54890533463044,54.89354026702835,56.23017703474977,17.638279878859176,96.42046921263577,7.67728589809445,63.65234819118511,coconut,15.786285377377414
44.20399551572305,65.16435335059334,103.80857338714665,11.65652880251217,96.8246259352039,5.142886303984392,215.28915482348353,rice,17.741787726857634
122.22041705827198,78.39610990653698,50.78846722788905,13.648686720402827,55.43747356024886,5.777141405230452,161.87353628176365,mango,15.497626302232176
25.251901663798225,84.37242004715165,84.64199282359903,33.158933030496506,32.6897951947341,6.5084528428080715,243.7405574561349,mothbeans,18.63982732343348
122.6377357235526,87.23812293097335,182.81847964979204,38.1348162097715,33.75398732600144,7.0048465092943415,124.99007374086818,watermelon,15.314981289384356
32.53675829791234,67.90141492547563,62.421822185513946,13.139134207828768,83.44514593042564,7.053960152494419,175.8952415712974,coconut,14.670891126973242
32.97751308046384,75.91016814516955,22.16215434188777,39.08579569972021,32.70794707800341,8.26751950553654,167.02867147982832,maize,6.176442315411107
76.66374063418104,106.773541622634,204.86598429861712,39.707969191867846,82.10357899751901,8.197932448391244,89.33328841569359,muskmelon,14.686536225203461
131.8594063056359,57.435061343145755,21.155842774868724,21.6187352102599,72.01417829648065,7.068263359106648,214.47175273043672,mothbeans,19.80041808522507
97.38063152242357,37.82283883312553,151.3215888737048,17.706934181336898,42.2641654046828,7.9533400771936105,255.98042891190013,pigeonpeas,21.07319643678137
27.940246607021702,35.23134856281891,30.570763581739108,19.372176930388953,66.00682725577141,7.443797317825048,241.163070066328,jute,12.920781310625376
79.37086875029652,46.99634714163455,37.07484703333441,29.42756766405422,95.05980215185599,5.268092767521756,70.4050526142259,pomegranate,15.638397614661883
94.39595497554006,79.98606946240646,17.044072889047253,12.444699319278296,75.01090861293363,6.825617995738898,291.87361364496115,papaya,20.271964649836775
21.208839439187773,72.34262917206465,87.8895870070959,13.201415799813061,94.6246185110533,8.525056495408618,84.42405435760053,papaya,13.883757055001322
26.729620311640506,87.80022224586149,176.6618881014096,24.42222737229168,30.207390439227776,5.714007499131376,110.65531318703052,cotton,9.481819154010237
129.4127938206439,137.88387071506824,170.15169152339365,20.549432023417133,93.41134954673404,9.408422529685243,118.01996743698682,papaya,19.700909103876693
29.701616197190475,127.49066540909084,176.75025183817837,22.107111773488043,79.16772997782988,7.285329663419586,258.8277118286496,pomegranate,19.311945708743313
67.37450110048567,109.18393960559466,184.40947764203818,37.78474991577604,56.51947283455323,5.367803400364094,275.59488029431304,papaya,20.73605031892479
66.88609307055489,137.5189380170241,54.3234845381348,30.050821063521823,81.81045755883136,6.740643497325798,282.50727629268323,watermelon,20.874420786040425
58.03563844376019,103.59979778309857,55.561782259663104,32.76320686761815,69.27838192514204,6.001127271238292,132.0657310185433,pomegranate,15.580814827944222
116.1646699850551,14.83322282172735,142.79115803423397,15.248380410730894,71.74697928822604,8.67846293596346,231.42258539407027,coconut,18.9593780700656
103.83883760974881,41.004799043419816,117.81698433772502,25.990916844647668,39.65291752112338,7.456214528753071,108.13997464074822,pigeonpeas,13.681896907279246
139.23625381915303,17.893639890673235,53.134549969057375,36.31475812798418,57.667786983824236,6.831514949909488,260.98252846853273,blackgram,18.215594462182384
43.21710192972418,129.88421615736934,11.212331284606698,36.8618880293033,33.536415867063425,7.8292468230006405,40.070226309093705,pomegranate,6.703632738326431
119.73526600612948,7.167544279252147,59.58343206487426,10.073637593315327,59.099791640489386,8.141577552468673,243.65611215209597,apple,17.99220708153993
93.02055355649438,40.64776133140536,189.8295898273398,33.25947261641129,70.20999381022011,7.9782010785946795,278.80857940208017,mothbeans,18.78984372557885
57.34003577257229,73.65012492312623,159.54882890928243,15.051558949091635,83.72470834565149,8.247233939669327,171.01749735544632,jute,18.66823729771501
116.27465796364251,143.34848898177637,74.27270062169886,27.981376667833054,95.60014767705853,5.335208906690763,220.94076417596796,coconut,22.528305416733883
106.48014409521673,11.797059809240842,135.23846163017214,16.642297293795696,35.730305414140574,6.0040308054271705,82.85240344000877,coffee,11.149492831981124
52.12001117233312,132.62356411843837,78.65255797438263,11.366504678960576,51.01589780789705,7.155547112720777,134.30211032470498,orange,12.317682083212684
38.710272308774705,66.85873220433999,106.27428415125239,21.426553663263054,60.7981636929666,6.851174798046406,235.44226524830694,maize,17.362598344369953
74.04680916871172,95.53418544238671,195.56076964983464,33.83656883265117,32.800919137458706,6.161549553699798,151.75251178634235,pigeonpeas,16.020798036903734
21.325657425533315,13.359526682694689,203.57268672071046,12.158390777183211,33.2231612031429,6.265121346793277,291.40881691541426,grapes,15.168913415371653
32.48911477018964,115.50668752767733,111.46612051742052,18.768705181277596,75.90441112489262,7.708099993572045,78.65614236148792,blackgram,12.577916080984652
125.1926334044718,134.95035139066323,110.76104363135327,32.61410451305635,60.75122906295978,8.230410782864464,77.34442698296674,maize,13.606712240265672
97.55030211886286,9.865011442766445,182.77685481676653,29.247919880345947,75.04881268694933,9.010880799887419,162.3372089740561,pigeonpeas,17.274477815606463
58.877132787384674,100.04295253468354,117.63961848963224,14.866887132894908,51.69509364604165,8.99991638439327,212.68884228223376,lentil,14.122464285808842
114.33207759292053,22.017106502327476,28.280570233149177,16.133661442581907,35.90045319061895,7.600158038391173,61.25877448468682,kidneybeans,8.875088842479169
93.14061469393172,56.4965114049339,88.13220030008983,34.96122217656328,51.68878400693748,9.215244053188101,70.29747138419941,muskmelon,10.43027492551572
135.09571195134973,15.062535519207426,120.88968384973795,37.06582870367136,30.833312819349523,6.992572304945285,118.00195000699037,mango,10.165016044999444
78.2984670632479,17.036322939089622,173.6664709783875,31.540186303229437,96.05435694539463,7.9673345298201355,283.31238423341193,pigeonpeas,22.34027766081496
64.67777693291183,44.207448786317904,59.740125897719174,15.240980542626954,52.778347363071106,5.497201685066099,197.46831374438455,pomegranate,11.220477381048356
48.51370402335711,79.96416325430776,188.78055286913767,30.571091541668114,82.10902998248972,8.67188931828204,118.45779253459766,grapes,17.327143305668997
94.59554936518562,22.95219262252838,58.03617502606457,35.05736643214007,52.896405420114704,6.940300781348315,283.5192938408353,chickpea,16.62539105715668
110.64067154047666,131.2314741397787,188.09459751470303,33.29920223117869,45.98315856153173,4.624046650212829,127.45670049957467,apple,13.56809803525474
41.67154494856683,10.380674992190905,60.01088953610007,35.045857541991865,50.57230582395218,4.784507402488108,34.697811506848375,rice,7.8886689640635606
27.875359440288847,61.20209689640053,157.9695786439967,37.45529011559793,58.94479959443602,6.6179291343953945,216.7355897706226,blackgram,15.699311783841564
21.24364668166125,94.10589919701358,83.7769269883234,18.95141540684407,76.0315682570714,8.673342608948527,176.34979257202863,pigeonpeas,14.411213052550602
85.25581937655294,98.93424614609732,8.863680706868088,25.060378731992515,71.18154385664135,6.21676693208026,207.14226344532125,lentil,17.118416948497355
112.79648481372504,71.41216959644666,75.2287381113624,20.832989218794005,89.65499447060856,7.268869771472191,221.0029983167538,mango,21.63426687598275
63.9195689947923,121.08731974223136,84.96649187004101,11.02133518600794,87.47505561399132,7.229297005098811,114.68019070277494,apple,15.610394701362507
91.25569512985108,34.12693675151402,69.77017731140064,29.09590928241951,91.70811152841523,7.164451641957994,232.5497915237459,mungbean,20.593417377926468
72.35307867674797,11.18950415099808,53.92253401390503,32.96645062297947,34.839333507224254,5.2368220107745564,214.38350849167725,mango,15.001145175564755
96.04784060691642,36.12074753613764,15.682752649909721,28.45379747650935,33.31790045518148,7.563610259708785,83.16238436510662,coffee,9.11298677437806
107.68482612354634,10.926892426348893,7.2398610511408235,23.74200817218674,39.228563246246,7.821721457323572,79.93468774368156,rice,11.096195167006428
33.9680381396451,10.44541371455566,149.90813481219627,29.35411371807162,49.765624728644,5.977995624924393,284.6016192424308,chickpea,17.46304297149089
81.06515016912016,70.08193022160812,195.31606188797392,38.34506359062212,84.57260497797256,7.510509150636748,147.3888888700431,grapes,17.99151641421949
96.79168249406297,113.10132640903616,177.1203499720581,10.396938375808546,77.91325713149344,4.595488278016022,217.9243967521628,rice,18.208795833673864
120.43091958911504,8.868456599830289,171.7981524198193,14.208550383639004,92.05948788418064,8.148863186680787,66.10767350204543,orange,15.185740533813293
75.57416407405404,27.065588868801534,123.06240209815233,32.29005755562844,94.18123802466735,8.754013008247565,162.80542632384888,papaya,18.295506417772504
134.19242749997457,137.48324588917424,33.979731861469205,15.319337605679346,90.38718492323224,6.463804594623596,21.224715039242614,pigeonpeas,15.28238337610902
91.7154791834672,116.89723523439552,31.67772341865191,13.31624093250206,94.54648575006321,8.255741839112913,185.13828821786197,mungbean,16.622580453027357
43.08477107149629,110.34608210752337,192.41767962129921,12.6234725310666,69.05305451673564,5.769404230620159,58.93655522230027,mungbean,14.786200474177106
131.95550582804952,38.85941258906446,164.64423631760266,22.992235154336953,94.22673090612436,6.750621363176194,228.4050408544625,grapes,21.05057276182617
66.0155401457231,48.87787107951382,81.11743897955341,10.556445871732224,80.72929926039907,6.248862284475392,107.73066500150168,maize,13.56160571608927
72.34998940517798,142.31807155134578,76.25060857976027,28.4168752662374,51.81557704267562,9.452974901053285,144.63108972163587,chickpea,11.79056893356457
52.305206945074644,67.80585539615407,181.62661246549158,39.11657544655304,59.72004712882499,8.6740133397725,34.93771847396101,blackgram,9.307938036572308
90.83040383116332,31.862739834329947,121.22124893957928,25.179499874711905,57.90489346374688,5.098152197580352,136.67842587722436,mungbean,11.484785428315101
89.66231320116442,88.23701416030627,63.17278702593971,17.99491600038536,83.3774578437814,5.784067405086196,144.9534305067716,cotton,15.505511609449373
119.75888855422996,56.10639708665589,25.042269810104905,30.211349431625464,30.543175383619715,6.876464882827541,73.98453274660858,coffee,10.344039561528664
135.5544744290396,93.87706183709044,182.3813448784352,22.786943747942928,53.259534927439766,9.003629050619917,47.68444808536478,papaya,13.744201826938479
85.40100988687287,36.3456126627959,93.78333960930796,24.526391972793718,88.21480281185316,8.980141826624966,136.0936174710138,watermelon,15.60899797728559
82.68599665120823,65.30656217064292,134.6231688569391,20.92872264020737,46.138545434925675,6.8490428144145055,177.06781985920094,cotton,14.189733591796422
48.52385123674746,16.366290187060365,130.4276788122235,20.091061356511293,77.04590734242441,4.660598780339073,57.35178584969704,apple,10.02728434978897
68.19562499993224,121.19405128186551,35.88298886799848,34.68344094598504,67.82059698706564,5.61487244004991,133.9995876756552,muskmelon,15.372677698991957
107.13272820433022,49.026729021311475,170.77942239517554,28.102527354168497,57.238610673052115,7.288211966715792,181.4930372820588,orange,17.34728405779325
49.96164655766134,85.30184497353048,193.64685666939377,31.68745158768806,78.26317295847348,9.340790831137582,243.68452713152695,pomegranate,17.372111146261414
85.52295119849003,81.58394049942268,15.668032601036703,21.957989881553672,48.95136126952127,9.496675614155578,106.33941977704687,lentil,10.328534575380074
125.56168455797527,54.73741052802669,26.852311318171445,38.468076250045115,64.190856469945,7.013918553859859,193.936040489171,chickpea,16.738399845449436
131.73574106826192,55.60315186843584,84.38637247686972,15.22327742599705,56.47061293047227,8.51971765388026,243.99766831554976,banana,18.10966929252737
80.86850662490684,117.56319053267833,147.5084018265994,21.03708775858827,53.56716839775847,5.762212315139838,181.42442133681857,mango,19.00600438121107
102.79628145700698,140.99625880521046,21.736197649539463,37.03672068933368,38.82718871911865,6.464794033183411,258.402834972712,muskmelon,17.83301654288914
109.23072878254712,52.47038078744868,95.40571469293708,13.059051068887705,35.114105222294704,6.811276214220502,104.44705008485859,pomegranate,12.955577727534772
25.16025985334863,22.047292863939163,178.03816222127904,26.989348645573134,79.8438173583859,8.70986059353648,149.87361602601462,muskmelon,15.248882728595888
123.31165790944351,120.03052360303,29.457744236119904,35.45762971092634,58.98480336083097,5.768484149979054,263.53519904389924,coconut,22.48715851684773
25.57952476295652,20.533876544807146,73.7414184271236,27.816154173491714,43.17028490465863,8.94004423001319,246.34708074704582,watermelon,15.569532735978378
54.39910981367032,114.40863405620007,35.31758238046389,29.414786833808723,94.21980969631508,7.899183798788601,247.0860730018235,pigeonpeas,19.929883846051098
62.655182226096635,108.58121193600844,107.0138377901416,17.326903510287526,53.45769020258608,8.815271965579745,167.15390764206427,cotton,14.818014094459762
60.33915979821187,46.20504419237303,179.55926501588857,33.90962964276956,66.04858674538414,5.15367369728925,80.22001201021469,watermelon,12.030412521590218
66.2049485408494,122.10624683323597,194.99100186644083,34.16910775824755,56.428179609688996,8.44343214615712,118.40366857179137,rice,15.991209980472636
44.78157979157408,140.77490993374565,10.000822570118423,33.57346451181263,52.495896901860924,4.687439784348297,276.98471125868343,kidneybeans,16.076125062812928
118.29562658732014,14.804847308449375,163.2365334777869,28.055539678534124,70.10955508795149,6.791885195693304,97.57276695935828,grapes,12.370697228010496
131.4736082687148,132.5052537833406,148.13529602451538,36.54047132265063,52.37536193113374,6.405546630041414,191.83941091918385,muskmelon,16.503199260324262
112.17038495692594,122.03782287308647,29.54208878603623,34.67353272910199,65.32497063613394,8.927619193765985,268.2442482968962,coffee,18.453913744949197
68.3567360148073,7.315197438493913,167.95840032717922,20.775802071675443,70.6292716046103,4.8698159363547795,68.99911205016352,kidneybeans,11.400758826717123
71.51854003252464,12.611264981625727,38.70411842875187,23.67773272958251,86.9678130069093,6.40347767838672,170.77906220861672,chickpea,18.13436888437318
102.57366515132665,7.962933957485356,72.3411337795067,14.33427089783816,46.308054845462735,9.027447387456629,30.33012089501508,orange,5.427264900344266
40.67742047569395,21.218601363627386,120.74360211804759,20.928550038844975,35.62215135616715,8.934935347616598,75.53981110981326,mothbeans,5.995121447676378
27.05552198535645,107.09729681712868,70.76905764179793,29.604667961747428,49.57160593662624,7.3537187086666,236.2027013460901,coffee,17.71499383901158
51.335257331969245,51.87997313985736,97.85328405718793,37.81524513207967,93.09707997674599,4.94939140050319,56.94035121106704,pomegranate,10.578504106247951
59.93246552590163,58.4960810313326,123.88187676181461,12.093573520013942,47.91180202313426,5.484058747301535,24.45015007920101,mungbean,7.819875809787602
87.32634074286548,58.75149122521625,58.74549389295817,29.561796279838745,39.42614129691198,7.093075158176671,235.06071602697358,mothbeans,16.23295780825169
27.191197787654588,7.629805652205457,199.78708119763897,15.801479784964748,87.54974463700721,7.309253265226493,94.05220411035911,blackgram,12.362041284718655
105.21740451158041,34.23718286327774,66.35455027056646,24.256824010052206,61.454592171068235,8.042895625324995,194.56090216414108,lentil,17.766310369657408
90.99896786284044,48.470385356927665,203.8862005085527,11.14922400518984,41.359080079135225,8.962711812659474,36.95759615553739,pigeonpeas,9.739564756168281
33.71495430042279,79.6673360849601,176.5990445454717,32.10250662739682,45.09263441575333,6.496496280128929,162.21037866875773,cotton,15.498071181361414
133.31084475747815,77.42014748750972,19.879524874389706,34.49726840077838,90.79545294797738,7.697123200882855,145.30251039217518,coffee,17.46412303916676
50.838312542453735,12.305908091546552,7.046771281751503,10.664786066335646,30.584481625963875,5.051775282789377,87.05684007963637,blackgram,4.102469244460927
39.21153651889335,58.7760875741277,48.85314031851601,19.15760887301329,98.27058360010324,8.022027720812876,219.4136839108971,muskmelon,17.515186050419906
124.49725097307416,126.8147641681746,120.78731188140065,22.89569107333637,74.90992068955698,8.591060006852317,21.582589355531724,coconut,15.946914007193847
28.151097723956596,99.24250258923698,204.44090157013582,33.40575788404095,50.33944581042187,5.889097473526903,206.82121096616848,mungbean,16.295915447632293
89.35396890174115,78.83632020380817,37.076826768734264,31.4637086607945,79.16090337465235,9.334756961669239,104.05381160558603,chickpea,11.744750918853098
48.864210381913644,77.1765791705199,118.94092640708197,16.64780291318342,82.96359516629616,6.047765847013254,278.1967711482349,pomegranate,23.421375035271186
90.39599755676196,132.33242430230737,42.69760998772773,34.17858905132449,39.143713815361394,5.711178300379036,88.13628737723445,coffee,11.016039421840226
75.41678408235438,144.87270749162352,172.81829973042107,32.19109403343454,90.9508414656537,7.670151963025168,256.22263182797934,papaya,24.1692741487379
40.71888813171077,6.720692561793927,123.73051588936208,36.60203175837714,76.94643212014697,9.41020043795491,37.64942269993324,mango,9.761800856820356
110.91891399235669,83.88586633379926,29.000549923377612,25.95915203489495,54.97573789584542,8.461085165776758,232.27617781911658,mango,17.163888278462917
21.779619491804944,118.27445035522645,192.69241062493376,33.6790134732445,39.11361219092567,4.906395524204439,25.836667146156227,apple,11.416754649338689
74.52917015377567,71.38242443253755,98.57254747215646,10.997638216378242,46.87457312326264,5.272820033249414,268.2046031912321,pomegranate,18.92245515226836
36.61311613586484,21.767370467523893,144.99796691043173,10.18249932744878,62.99130812295557,5.094355527990981,257.90574573805344,orange,19.452197763733096
62.00466816631435,67.16902879887436,17.864739446657136,33.87097098014462,46.85624585082333,6.802636655681881,154.5738054126603,rice,11.67162384070841
103.0182303350061,22.026541954750915,18.009191547428124,39.24617600293729,77.68207853076534,6.587280355468708,216.48469141161976,lentil,17.515673051159112
47.3017955689574,19.26469044047543,87.95287180923985,35.697157070780065,80.53049679265004,8.919461187705524,192.41736811534264,watermelon,14.869826899685135
138.7020997239315,127.36791883945703,204.55687756401295,17.340585643698176,88.95747096394638,8.615141543978822,84.66330058180544,papaya,19.569953311045182
58.82358970137667,124.9314222128837,123.7226433138768,25.540070091897533,82.0365415482931,8.57791570117644,212.10048351836147,orange,19.04446757987741
66.5659124070097,30.984568953760643,163.44446944878572,22.482107066598402,36.54023067897495,6.921714511360625,45.43469069719597,mango,10.107902706737889
110.16461246426033,56.80812504646242,39.677856168265954,12.951564775209079,52.91192321807815,5.180682201752557,63.78461150932595,rice,9.567108044046476
35.788485425471144,11.900879863332621,143.8711777990542,34.96677350511717,89.24441459064963,7.892317745385803,287.1244251533724,muskmelon,21.1492341783182
121.65889484037292,48.366198856206886,44.24313023405905,26.443601949454553,61.711032526613195,8.888791710963666,48.00886789880304,coconut,11.443294798814708
73.2575289176097,39.45387716068423,140.83949107045592,36.197318372239636,56.10092314766024,8.707692338456685,140.70297301537732,orange,12.192942998139142
76.14438963607179,43.50563625170267,33.36576573753497,10.112352841338545,67.2510239489385,5.035783484634617,129.6837738167299,pomegranate,11.730322958370602
106.87072054316785,62.650283489085936,8.819855968342978,11.022870935598108,77.93625869520994,8.688693797588819,218.15673627391146,coffee,15.353158630648272
124.84023867815976,48.025525338284936,192.71777163545931,19.508358659067564,75.80144250738391,4.900162848829683,87.85234720704692,coffee,15.551705848002921
30.196380491869913,19.911629184452202,30.469755275177054,37.13130500982978,66.80947453846693,8.457875481964956,52.281552767408066,mungbean,7.478674591918063
94.91484809399236,15.17552418257408,172.34214411669234,15.236376505104896,34.95702909700351,6.501095477694056,181.5381988079002,apple,14.726700240214306
136.90910306260838,66.52895175978091,17.089384597054043,32.47346737077612,69.56212793567562,6.739456724222316,106.59528606181311,rice,11.893763028644702
134.97046251049073,35.346941521456,14.764408385073997,18.774220996706724,85.03976151031577,8.262210032240265,78.47531659838177,apple,13.672361092371178
94.82093719474665,55.080347091939856,173.88112245841316,23.598992159396285,80.85089506751916,4.977681038181186,130.88681696465693,cotton,16.38542354972555
82.78196810218591,130.88034038230228,150.32160423625498,25.29227350127862,58.25126295356033,6.521873497854101,83.36520012234567,papaya,15.261119790111952
88.98927058485273,34.73806255325013,46.66538354560829,13.761436860294415,43.27168431236849,4.658945747775689,208.78480592958897,coffee,15.016043553624547
58.765230154232285,69.9292836305292,88.0156258015598,14.472870360143018,97.04735266692813,6.521562156098794,265.09214313861423,cotton,18.235199221864328
72.9495051717413,98.95574977242103,11.475075454881619,27.587160160896833,68.76435938194737,6.233202159815964,76.42395511875036,papaya,13.47514119178819
85.91015256534732,43.22403139462031,53.90149946888505,14.111790506097439,89.43496124324444,7.582396792706223,72.22308350113673,rice,12.130102085370748
124.7642721831364,108.9823209268647,136.87981598107427,22.205923226178996,48.33828949949623,9.397253815564119,243.22708100638405,lentil,19.191119942036003
121.96103688813497,66.26618802336901,198.64561019234873,38.624670083311,84.12933558667706,9.16202748073309,217.98690132511123,chickpea,18.31519943245064
139.47304538173114,15.726773950150815,99.60702501674005,34.061876779324095,85.22656275788634,8.299985791654843,117.71858188453507,watermelon,18.039740925489497
60.10360538442188,77.51509315699445,50.28875242077844,27.37803488725598,70.50865551023526,5.534514474254529,242.77957656792788,pigeonpeas,16.297372368166858
52.70374028482482,43.38434005160533,27.71090876869877,13.421508931161963,54.33702190282379,8.314277389481859,190.2319269274855,watermelon,12.383434106291835
112.94603929684298,34.2718779022222,95.6313488610053,14.687323427557502,97.02690594675927,8.393690784625822,226.28227942039103,papaya,20.159646450954966
71.54589482248107,73.24166632637038,32.605521787579356,30.201747373474923,71.72966431875744,5.9723204942058015,23.82476736188176,coffee,10.446221034484308
90.04787001921498,61.42496845085593,194.30048428064202,17.39563887518105,86.21662031164448,7.560248107240766,125.53060472785985,papaya,16.926221010372466
110.38561264866527,82.4760037566781,77.45859966329724,20.951538326254163,91.55921171850773,4.696217880202732,296.63514043767304,watermelon,24.06273267834517
67.03473681705826,76.87516128919219,166.91745416191057,26.609356539977046,89.26584394516058,7.092758780344889,189.077262250756,pigeonpeas,21.55970838286399
28.721858700897315,104.97701383632278,145.5701646792065,28.421308209176907,65.71838523544545,6.668922011036863,186.11590603663785,coconut,15.779076293420218
116.68217466522708,27.62624850224164,63.56712449205208,30.38524068209666,52.08424445375567,8.462508409307329,56.52697640966103,grapes,11.290353500190976
28.20220578206795,6.76296577344927,184.64470376643243,27.440176507968957,54.627882796076804,5.662973184819252,192.7280193130285,rice,16.138270983737115
123.43329098971894,73.83976028861008,30.54855270853782,10.149174559670476,77.45111843280657,7.249541935635808,112.66961322036553,pigeonpeas,13.838084625846536
28.803291142030346,32.417493865192725,102.05065091864537,33.54322963488368,63.984712381611075,6.177383052804348,43.058837294292275,mungbean,6.725201402389599
47.55047706710196,29.61338367748263,69.51567890066711,12.026586489326032,32.303526608668015,7.525710984014339,193.3611980937732,maize,12.100176802061966
111.47422342780692,10.481076198790918,192.19462164189352,12.851953697711815,77.18160960755155,5.1669829447040465,266.37352132618184,orange,19.36125043706787
45.1303780160337,140.81072664740014,138.5720444479361,33.35659076555626,84.32975825840654,7.175368748896073,243.2969137596448,cotton,20.992708320680872
58.72017650116631,85.02244814154068,196.34552558289258,18.98400138842755,99.31665188611228,7.663641930037832,87.7848265599414,muskmelon,19.433708178108812
28.220908080986288,28.604512593555928,163.2595491567891,29.451192271541842,69.88778341324937,5.338109853777007,254.572084698095,maize,17.869045401887547
24.906451698880346,15.924461891539742,181.94490066291294,34.46656762096384,73.25541188579055,9.22482604493069,201.0005618377609,pomegranate,15.975228064301518
70.14274238265577,45.85524626035542,158.02230208796996,32.92037876997162,50.47118226981771,4.906951583164915,23.20114946821713,pomegranate,7.960979366899549
68.50338555306575,92.46259926538602,182.84762750536512,16.29479749271684,98.7314107446824,8.009767669851628,158.91407435960454,lentil,19.288740677411244
133.30684093685443,87.53075378455956,73.90037102849233,28.770015418947793,93.72877627046813,5.8699530023629505,161.43268117178883,coconut,20.37782703589826
70.74441388761652,98.72730449403039,8.43033613932282,34.60460976056943,91.58586401183436,8.786001671622671,125.01522832795013,jute,13.248960596390239
20.996580934799567,140.80803040532973,91.34059573128381,39.08048843259476,39.82264638374782,7.43683389728743,76.27272918154708,kidneybeans,9.011178750341923
52.71131436559825,85.96306812588125,145.1227636815078,29.638960777512857,33.434085718605026,5.01801934784776,56.00430762075655,chickpea,10.495104295324463
103.13378077140123,33.00227657721571,199.65603032668162,20.49992568572855,89.21068343433845,9.226831863146934,262.1199096050846,cotton,22.03193559575486
117.44399516311927,26.828591352795787,162.9896539534077,11.927057441722626,43.58377161719235,7.780748572515827,259.37918382309994,papaya,16.814250646010958
79.60473556361151,60.10089482040611,101.64973880892491,33.70647284655833,63.40943427732647,8.416388406411848,140.87528477946123,cotton,11.774379820794321
95.9728187261278,12.029837004060182,126.73775210586359,14.579589400018211,88.14083275801158,6.277247317902392,98.8350815638948,pomegranate,12.833965253730698
39.83893207766502,135.95543358571808,178.70087811935417,35.932389732007856,78.52920991861029,7.624581310930397,24.12268972117282,orange,10.8784115519964
88.89943995314995,75.10573846373805,102.91218124552114,23.683161985516378,44.39406328725969,8.278549612461964,146.37408916700082,banana,15.31182477139246
124.55274891408736,120.84733436598086,77.02354309780077,28.003718198184895,40.938293786794894,7.177629413477998,84.51815210801442,kidneybeans,13.223861540264371
83.36701062705495,62.57183076843247,58.75941923339551,39.96095445523861,35.019736461945286,4.7178034028621,80.83207213828207,orange,9.53551277732685
67.08789226893373,61.1047826706609,40.71057185698328,10.039439002918794,89.72062669783051,8.075009844488442,213.35079627235834,chickpea,16.680370667364436
132.2826053057151,98.19432307210076,58.01828038548999,27.11680155222694,60.96270823563471,7.282095655560747,164.930933675591,mango,18.398735943365583
25.886428710535263,129.11429389872347,117.45650055350455,17.562959786868998,96.84227970064805,6.916771515294495,112.87327046854797,cotton,18.085399412518683
56.46810523669619,42.13184935300697,30.876186213508245,25.330265070478383,40.757201434953444,7.5814735636539226,63.44473810273787,papaya,11.256618983393196
103.39583225823668,48.175242875120446,180.37171660523433,33.45166797963879,31.07906162535775,8.584302402705113,104.14749202677888,coconut,12.341532472825847
62.995929622349884,17.01791886688152,150.98312590251552,36.13414450486465,97.90451759141148,9.132999403857841,243.27701447330963,pomegranate,20.56157691077956
49.37707536945601,35.47322264923135,32.33901489780726,26.539916490769038,72.3780260367341,8.027513303315686,210.45974386142703,cotton,16.530729642146284
101.33125932352054,81.44645027013621,85.18774719927188,22.924521723613772,34.02046359364607,6.774550724339214,242.7273749741829,papaya,15.927725254611055
27.77266394302421,108.43584122916513,47.30572517268274,21.80306468310581,34.489467656616824,5.631347923792176,242.01263793229802,banana,13.795935508060616
81.94772113002969,102.95888980498863,23.79275908207656,28.632222654113015,94.16383973845853,5.995651478156222,195.45502656539543,pigeonpeas,19.066720717294405
116.8057721653673,7.3155229005827245,42.3615796380997,29.647159063534932,56.3031543462774,9.412413255305534,206.31334193871112,lentil,15.616821586632822
44.173577797495255,125.95398393610323,69.27046116304507,39.68694424713421,41.03820704512031,7.081699094191633,241.99646947439413,coffee,13.76349087033425
124.68958117840421,93.66246569581399,183.11875202438182,20.251290613906846,62.51632053682032,8.981135286540542,96.32047805583082,papaya,11.827508441457969
91.00025847122046,6.772095987782707,5.240722781803582,28.48295686448064,43.2311947134188,5.459437748590476,202.91603843316824,mango,13.67525395033111
67.54641733781371,32.07300538306772,112.415908159518,35.482127649016206,33.46395094877096,8.946132968317109,206.33243023844386,mango,12.23292884639531
133.5013290875258,35.482064794583444,56.34832026830986,13.026664063175769,72.38991917257512,7.899364369735874,200.0207382850128,watermelon,15.99285601673701
83.04305221683245,21.05650449350621,203.34284575748737,19.07403480954538,74.44927631175153,7.406181724272328,239.8258170989973,jute,21.42719179168204
113.43216304406678,39.8190018353055,140.6365169178136,37.06582355148027,57.00126295298833,8.395520936693233,222.9410043347219,pigeonpeas,16.441796446112818
99.14363828359767,81.66829119322486,103.92718808311788,19.327360865865348,65.2612921715764,5.308866781923516,123.40986437926917,mothbeans,13.436120371555026
84.99698093996638,59.29831395601857,25.21529847434853,34.057611767679475,94.05537356951642,8.28296967007065,250.27824680455765,mango,18.38309610644781
102.1262509510488,79.72779194048339,138.3969722939092,17.01072146329286,64.27509482733112,6.454379245179142,45.1182264030967,grapes,12.321087086205438
29.03857186008858,9.404007334443651,144.09512083781547,23.15286676033542,68.65505476382407,7.288306238112082,97.6652277333244,papaya,9.597244539831568
35.18676115930859,58.986883634052866,111.06655121392686,27.96502043951752,95.50606832382346,8.386667225153081,62.55791720450965,chickpea,9.707067284076034
24.19789859696754,41.54935198534609,60.74146912414173,37.280809801749044,75.44699129865793,4.9085197980111435,57.90600688310832,blackgram,9.167367937891377
97.14608179895035,84.11717393762704,149.59410488859496,22.589615280130314,36.76036064939649,4.699930643989204,154.12664485056868,maize,13.040735580298612
89.01350803272338,108.34686562542987,103.02384722535639,10.865737400083736,34.493684019847,7.189615156339428,221.2609297496072,coconut,17.32966922693371
105.76300806977083,84.49742448750281,200.4077507232884,18.184680066406067,41.08611143704401,4.760189188472802,87.46870543875855,cotton,11.459064700481516
39.87440712922056,33.57022817625297,143.67900051967555,37.51136770463428,57.62234661628683,5.3992222341777065,99.82785982723834,rice,8.776924091058271
121.39280504225296,134.3903467140964,106.05107805018206,17.42034013430032,58.094360296696266,8.094320364419055,265.28920402595423,blackgram,19.212316730316225
73.50195610384613,53.52091830260909,172.18481460556268,32.75337870999593,52.48786213897388,5.01509597221103,40.106112724731375,lentil,10.228765703115288
123.59642178141492,97.37386484032838,149.24102499238873,14.519792146230056,91.82159745829324,5.335200818100092,82.37978997878885,coconut,16.144664371464273
109.73319659265209,60.64354959338376,47.084096748303644,25.638124206756075,94.49783116001375,7.698083662160309,68.41829933563314,blackgram,13.388389505243843
47.31326943701269,143.22395750949255,116.97723122534747,30.86917774129411,38.2881108899052,5.753279900207848,59.12738467801921,pigeonpeas,13.238138638198786
132.30867023837794,24.175117333301273,102.6482258866861,17.766662259115137,82.81663151978952,8.1081481800235,59.447833759711635,grapes,13.419209718039726
25.997925809306217,90.38512383370191,86.34482079481968,19.495844505939093,74.82874457785739,6.683072811008632,45.87790812689002,grapes,12.411054164221134
33.52374325259902,15.123480468190804,153.75346947470882,31.356462556878675,34.09016935982026,7.301350377984865,43.70932346795317,watermelon,7.946020837311392
34.5008541600751,35.97976922809406,70.45198903390646,16.54230346183459,57.39355938810111,7.298075028825381,211.7822895075666,blackgram,14.231947407150667
51.0368283964786,70.52852079136503,51.61001970492311,27.65931009148185,94.6223219919431,8.240446828515633,206.59945196169565,jute,17.13042864253657
127.36525465122386,39.795040281797085,23.261775515632152,32.500455376860856,42.293087403181644,6.35947999770588,27.919779921474323,orange,13.367806401018058
119.52961966979827,117.27248480630976,150.36372819044732,33.79938539199705,76.96876388886628,7.849166694081443,206.86130329770626,mungbean,16.32498134001217
94.46710345027984,63.78174272184296,127.65666936837974,32.85024716182551,68.1992111223064,7.638151774508939,281.8700880304132,chickpea,20.44200924145504
39.390500210968185,120.21728754400067,122.31788011089787,28.39117769417157,87.43929882593685,6.214598293149397,74.21735910645987,orange,16.696705656860473
37.40784735685082,21.896222722676193,130.55972954060755,10.003559347325501,31.28235398224806,6.447765678130477,213.57796199732547,rice,12.185006036397713
71.61419283292287,101.75030492463975,109.21923591602508,39.30794250391946,41.37221496857831,7.503336338528028,157.54685726628102,mothbeans,13.487918849464528
77.7261352971582,99.36366507765858,91.9968358340926,26.761702246376572,34.06324359129527,7.981317376502666,34.79090045555828,mango,8.629280794901165
118.9936315352669,38.190820257870044,69.73255620716006,24.4393113567488,71.76640348527371,5.936768308709984,185.896193296939,watermelon,17.018655870266326
139.50147220595275,30.00510730531139,201.4847534320225,21.284493526883317,44.0224340251675,6.57054541061998,191.91863472974882,coconut,18.89575079443572
37.35858824083722,90.57000636783621,191.65173351617076,15.870956179091188,83.51946026399713,4.61751211409162,125.13922757005388,muskmelon,15.14379596151495
29.36594340798704,92.54989622870976,89.78745117871628,26.698717547198076,44.92499369621011,7.940551996253259,288.7215129573351,mango,16.98886148485653
48.77740046826575,129.86151772515137,199.23488102799163,33.58890655258163,67.99414515118627,9.283984122543153,63.0780155028375,kidneybeans,16.207595592362914
116.29019446144439,98.85640474229098,30.331693183652337,20.393539220291814,53.73537938708205,7.328160963964644,101.60835694421114,apple,11.45200961532306
46.09812246355737,51.79449238199838,196.9686853477037,25.602698128175028,58.0489496870277,7.107110211741619,238.11678165189042,orange,17.712616512743146
119.43273603785404,64.57080259755641,17.358762148004153,26.704711326474126,41.99033882673712,9.327588161764613,167.54965843113763,blackgram,11.395612673016206
94.79090116077576,98.28274523796092,114.3027417402407,16.157725892088102,82.8600135081299,8.518759871520409,174.83316408488315,rice,16.401634402475608
29.62492493764712,110.15108714634108,33.16673783007673,12.996589539928202,69.31705449696904,6.557423560595792,220.22837485349078,kidneybeans,16.14270807453512
65.0048837888252,19.969584342614272,103.75977914314922,36.2199403483925,92.11037012441307,4.554829580282236,268.1628085303919,muskmelon,21.27509433402626
126.81265681312449,82.38464266353849,198.52941854656174,39.88440492800015,38.15812269990428,8.74771879777061,159.95023216960493,grapes,17.318927298126212
83.86039530274172,136.87446825880227,141.25112603737497,29.368123385338823,79.81254093235204,9.090556693802807,89.58383858202303,pigeonpeas,12.633660028104234
35.0361075687331,50.49886533690238,117.99999423638315,36.44424330088815,85.37798827410077,7.266668362113852,40.68371701409093,pomegranate,13.988519857512156
64.00503774706927,92.04040592853796,17.984724595968224,25.9058066350142,93.10252033012951,8.027163478487015,243.1815058375718,watermelon,17.602653802307206
57.20262154593229,78.9073759121494,48.185120187791505,36.534139407265826,35.97581455285957,6.721911811505324,257.8382354473692,maize,16.675606890257242
57.42681797653094,67.12335883756302,29.11289916440007,13.598205515726074,80.81255624085449,7.348597032667428,169.4477546177462,rice,16.048855024073987
118.86086182054326,32.92477615662728,17.153853679248172,17.114442197095066,59.82701077866021,8.152831352167023,194.81394743433754,muskmelon,14.795739039113988
133.46640125209433,20.904331726357146,178.62968745083776,13.87271985184918,74.30525249807923,8.100390803390011,65.03897948180003,mungbean,12.343492094459586
107.34270416601761,30.723449617939906,107.29735384176671,12.797803605424953,94.46203104811366,6.219803067917837,274.2769758369766,orange,22.337812242285885
127.97298014711915,21.541776992223603,67.13370118238933,33.35261834607111,68.02476909971631,8.661665703167916,51.24671005366355,pomegranate,10.782739178150699
136.9181164645297,7.404218692731737,194.5303306162178,21.060322715474342,30.706328351531706,7.945786158622541,294.55128512877917,jute,19.33320567661381
94.11432578647464,144.25788227747896,152.03678871026474,16.475103043907467,89.26508450328748,6.5736631818507,30.12274495156097,lentil,17.11232953153967
84.80788583410062,62.99875866258356,200.4365813189992,27.463641124595082,90.68115079594253,9.26646198183145,209.09929556242457,cotton,18.69420077361336
49.05187487916128,65.56039710046909,56.073125304059985,36.53253924533913,37.878815515586105,7.898702789281854,92.87929520620656,papaya,6.39110500385688
25.083431834333844,99.35222287022327,112.46696496861554,23.32432606660359,74.41079588178467,8.638397036017702,139.75401455253728,jute,13.989759194082254
137.10224952123065,56.38874379953317,46.53681907951952,37.353758210998066,42.23875025209013,8.672114229221723,62.06017073073922,pomegranate,7.767044491365129
139.86137926215574,86.0908049318581,13.45379884718691,27.602643900741644,49.22008869757177,4.662406610179474,249.83892531450573,grapes,18.58553403773639
70.13862234045435,28.212873044240926,35.79759805549136,31.22385970665564,98.22703268613795,5.665470354310282,236.4816082328172,jute,18.494897711804676
100.93292856402422,61.52262057469022,177.4760769048548,15.431886973478932,68.09657303272922,9.252751859718781,195.11133636651556,grapes,15.89120361000911
52.45020924826924,101.97902916008175,55.690738774072926,20.690967799631146,43.38952915278282,8.781500968485727,267.14165386946115,banana,18.279175676025005
61.15221390040464,140.6403069654904,143.99349212116934,22.039763318236716,43.480326814278826,6.280448368773735,67.55504132434942,mothbeans,11.704965530423921
128.80908470870645,144.6710473725663,37.82288791915806,11.635676766348391,53.081177500234865,6.8082959038070765,77.34994918123925,blackgram,11.056691957317689
64.99905739359076,84.17844108412571,172.11903272154606,10.545987764531581,86.15246696671305,9.23448012671021,28.978066015567926,mungbean,9.851502148845613
83.07572336004435,17.77507969951434,92.28967976462256,27.453737943331305,66.54514997961331,6.15454291539013,171.8848257016179,mothbeans,15.008111102728185
129.3712662623777,75.21898146488878,77.35993597261128,15.122484826634748,90.67508205428304,6.471231874202973,278.9670841149538,banana,24.24189693750287
100.19113246498094,30.546686353892106,127.69148532625142,22.358790396873964,75.76596565335316,9.475263762396237,282.58875026511737,rice,19.029997367396057
84.70392023927619,76.4721130744108,36.859218494219306,21.165606912042946,77.09413203103752,9.122851098433667,248.60993662971478,mungbean,15.24784114935891
20.22472927030023,54.09089961356261,53.29284563984322,11.86953175147557,42.56698047455667,5.122494491339739,276.16594657286373,maize,14.64984240377174
85.21873492503605,18.867900790238316,68.75967235011024,11.538109973894597,57.696893986742126,5.44299465635796,177.25710931962635,grapes,11.962375371882958
87.41065430532682,97.44946599597586,171.68136773606153,31.77559253015185,85.31979147609891,5.944083628588108,128.49926599931007,mango,20.00396876804732
76.46497832551702,18.049949624977792,14.186006445817995,13.348095983556753,43.10015220235583,7.020884101690215,257.7582581251142,coconut,18.543951486154683
70.59436375066221,60.20818005269099,202.2974135859379,22.93183732872368,51.40060995122606,6.32688687267467,131.13935857466788,watermelon,15.899872921686029
20.57597897808449,76.27591694844308,116.10373334051916,34.74815439452192,65.32038775249603,9.082341743330282,195.86337344000194,orange,13.270968753479906
37.79620817692965,124.74705824232406,140.02877088876969,15.106990973149916,43.28344907022076,9.132503095221107,29.020300926104404,lentil,4.684783073447896
132.87744120326283,111.61581673065525,144.24611870482875,17.167864512335758,38.30014031286653,8.85416310642675,21.646279415886262,pigeonpeas,9.112430188955294
53.31350035536003,84.85266804883531,55.101687177166944,19.336160779849237,89.50278984952355,7.515944117022594,60.79110765222315,pigeonpeas,11.380258237446682
131.89950494164876,38.16990061156552,143.72696814552964,39.25305703300601,97.35946421067243,5.674645965145716,48.09269489937924,banana,16.749710046490158
60.61565014901966,60.808806878374824,72.83472400044882,23.08806583346688,74.28663776728797,5.105640134988766,96.33654248290154,mothbeans,9.68009161699964
55.21742928308173,34.60584480696451,58.14927523733228,12.84491316532304,54.27999076502227,4.682849061814791,72.19587720657151,lentil,8.056587667641399
69.7243529487869,32.24876458609985,41.839305932647235,18.634588401284518,47.388392367279835,7.923977010750765,72.29764585809961,grapes,9.628788024915602
59.21843675020785,29.143257582705154,125.26167276294082,31.36563945938477,52.19516385541407,7.197532869921478,213.4577596199346,papaya,16.449397083028238
128.17659007371861,29.42251926673196,75.5755696664237,21.26523933286785,61.31040779108396,8.450829079654747,244.6004258686957,mango,20.800142462690488
83.90178437078241,20.994783456127884,114.85500162564972,10.040009184723761,52.66947415220913,5.599671569152907,291.941261189019,banana,19.23670953074924
57.57933714346148,84.81446081662239,134.68488367415648,30.339851126766845,91.77845201250437,5.67311133503141,93.46348388091292,muskmelon,14.68118842281926
22.404126089265816,24.737107178615975,140.7692770057723,32.42384810445262,38.07233232665138,5.638547752055985,47.693245030374314,lentil,8.184034931111839
43.71773373435384,72.14847386793376,182.51779814377167,26.99172161893292,77.70745001459295,6.195142748719549,179.9951900523856,pigeonpeas,21.340737331097678
88.5726381778421,39.370253543846054,135.3157855960504,34.967853120174425,62.15229535690424,7.897536624641912,202.5279186872387,blackgram,14.714518030194176
123.56323377795484,63.33381164889186,153.7730561776342,35.69122294644407,51.701144907529425,6.46375091769355,119.83574263273975,kidneybeans,16.40030931915298
72.35472311524332,80.5927518109938,44.516917165663656,22.92149864824031,65.11920889234443,9.005945609773008,93.03384558511337,grapes,10.18093513096609
97.30896809911783,7.847716349464138,149.92626737987874,11.066556326471652,99.81667887696692,8.863183438455989,103.25624931121278,rice,13.825626549807982
64.68053820624573,49.55871645672726,129.22668136966627,14.92790991161872,89.21869047122092,8.562012420156577,153.41529819947573,papaya,14.180539375251374
114.3040228047062,82.82195349551073,176.41943791197153,16.978944592289153,86.41878122801899,5.396563864124029,247.67298175131438,chickpea,21.671152494845256
39.285870186980674,107.64867269341671,91.27309127760039,23.37895811213217,51.60253771448056,7.536781917388719,71.84621271653673,banana,13.105632478791335
108.04261511310281,56.23816614039299,85.90384935012509,26.61114168666116,95.66196891551272,8.119999370597814,174.27698845894253,rice,18.340343585217177
20.870291361817337,143.32951187456098,136.76694007176764,20.962183927046706,62.93025733642689,5.832750602271435,116.56465943409873,jute,16.486152683728136
112.12520618690114,130.38000707163067,75.90884125286563,38.54431758557781,74.60958670861612,8.438509413494739,215.93533217480274,mungbean,17.86919832173773
125.47907693103801,110.65555292153978,191.69455838951157,16.603882625072924,88.54585051070605,7.949955981771531,263.53258987895276,coconut,27.110009149837005
112.5078085182563,24.993389609573743,45.99598864086911,30.577348171604907,69.21617841387838,5.519391713107996,272.7915632835101,rice,18.72384375440988
135.19137447002018,51.90688393138754,160.7091642845378,35.662484638935396,60.492454823667615,6.390859072264656,229.36882986113582,mothbeans,16.784220558731125
20.96699466746422,111.20926174791964,130.17732886609684,34.534699747613686,61.89275516718993,8.498703218564195,201.32311239587395,coffee,18.924439427557868
119.94117114402049,7.692438483946424,27.44027335312857,39.71695638270204,49.62759250132454,9.377715968619768,71.10883428242869,papaya,7.9545712113862885
108.06441046554099,50.06478795475495,74.39341512489676,16.251556097693555,61.19344844699525,4.759967157056502,104.10170259991183,blackgram,8.140820643257724
66.43988711051706,75.50144883802444,43.06062205424596,36.289132688774735,70.0587452205114,5.460538195997112,242.16364558419704,cotton,19.960514049152387
137.90770407025127,126.12090686799199,120.92789110680397,13.338869882711995,45.069094130277,5.897175851567816,87.48888661301108,muskmelon,15.04619232715075
40.090753729550144,42.174984785926696,94.08673505720603,31.367466755320418,56.31187683569716,9.13866139891502,46.44797435524137,mothbeans,7.422586978634174
131.27991382088135,103.39121037452033,54.0307892209487,25.169972292531344,32.26417015432283,7.734641705491234,175.20265922245187,rice,16.451818881389595
58.453991644971346,32.823132941821946,175.92724136373096,15.829964298212818,41.312670641675474,5.533060403404879,162.4754374765419,watermelon,13.11642727973147
132.57419967160428,140.27551901361255,199.76037065659978,11.173744144591595,96.23382685360222,9.487074663087126,283.8801506167364,banana,26.748455087718835
119.7361718484435,44.48592967055396,114.54748886485478,12.496531082202115,94.0676318821531,6.521313575325765,130.229331488926,pigeonpeas,18.830343481500364
138.09675764500832,31.18597593342001,177.96076174803417,21.712699785816753,56.695792514070014,5.813488159484509,32.51887687537102,kidneybeans,12.944658829807592
106.07488177646847,23.380161951569495,193.11630734705957,36.99679160898302,54.3653254530725,5.057666701758382,217.16333022088466,lentil,17.29539756717403
45.97317000940058,117.41017779239867,84.92769649878714,15.667415693010863,83.12905083104378,4.954494507372739,164.13486474112403,apple,16.301480401843676
57.93808301339943,72.7464890230578,167.81097446240184,38.61685191693222,46.122027277289185,5.765211029099481,283.1490924814851,watermelon,16.821290646320058
37.42794428916126,9.16931022492893,191.70486254332613,25.80249249642243,67.64864762045154,8.403589978532612,108.11291268397143,maize,14.111253436993682
96.59011824763867,129.00663717576668,89.65769768396727,33.21775170416646,98.02770972755842,6.294673801265241,133.4754796651663,muskmelon,19.115933089484436
40.365609967389275,6.338146060729601,52.4263204766646,17.05086361354401,59.54036755920062,9.101949157500183,266.1717769781474,jute,10.81646838169808
92.72120884965719,55.30692791421635,16.484695880449003,29.18985952139623,69.90843395805396,5.064516055303079,274.49471725263993,lentil,16.546899247870517
22.21210516408903,25.713663428355897,80.63096371214834,30.511920805316173,45.989291978235514,6.6150722312088135,176.05661812061072,pigeonpeas,12.023821738271808
139.97800632352136,79.6871647577064,170.31115935721957,39.707496037635984,56.22710228893875,5.7620479253515295,51.98533963581129,rice,14.54882660630992
55.78367577811153,123.3150218607577,125.43086122529085,23.617988852289713,58.55547597380074,6.986227400947817,31.322872739545176,orange,12.304090034337808
132.32882022353445,131.3836645528802,113.65560598362111,27.319348995050724,79.35120486824421,5.8234744821807505,82.13637435972473,rice,17.598754727152034
81.52837643422703,71.59113782322913,134.01948912853067,26.724236469269613,75.07596137351372,7.5642738698168195,221.37503694382332,lentil,19.59118732514143
136.18821482314047,25.18285642440595,179.60342198821635,18.525340011707872,71.39609390009839,7.23368473991934,175.94555721591362,mothbeans,21.372003828929763
58.29199558842268,124.39684024596681,49.019008054854055,15.407381119334293,31.092520565868263,5.552888910145934,165.18880132867835,muskmelon,10.01430814766507
127.52186275539468,125.6189997949939,37.8079894152826,10.778830550617629,36.29898894447345,5.932736992769085,292.232744487679,jute,18.676534919715632
35.42551491254126,92.12386164382288,16.191172082925327,36.55897333813577,63.72749347899382,7.987364159879001,34.62822583486992,mothbeans,4.702816466882181
41.52240311174623,85.25121405787411,201.76918456950915,18.72875291553885,85.60466304733725,6.952392036040337,31.145591302184453,papaya,15.108604553503781
40.22829732705354,93.40629939858502,22.132838809394578,38.40602192487894,50.42067210262526,5.632323458386974,56.15819313857361,mungbean,7.959353970271566
71.6243235761564,86.38101657079078,156.49523185196702,17.981557673180344,92.32199458244557,9.396124861283054,158.39682119371489,apple,17.76654196483048
20.13543470323793,130.19329614897396,67.20906395026111,19.34486274182806,45.96622053389576,6.085069505754509,79.77568343561782,muskmelon,10.58296051616265
133.6672432816053,138.5815217966849,203.0931464123153,34.2297880472434,43.17289184175619,5.559907603996306,115.26306762626976,chickpea,17.254572607383952
134.78332988936108,115.47035760343711,149.80175843231078,15.578896721743956,93.66678915536306,8.639351897530869,65.81971557181863,mothbeans,15.066880648418772
101.60682498258768,136.37302319176854,132.67430591412156,20.924745945516477,61.46361110724409,8.802626130360185,56.60168930602699,coconut,14.802486700299731
29.45384852046972,43.76623656373127,54.77967703863839,17.036323022441593,43.49280253209277,7.373778453277022,111.86897323571009,lentil,8.5021837895691
118.3125233772318,113.43057488974574,192.53985323881835,14.248077268389652,56.30090799437052,5.91071064360855,261.04363459530816,cotton,21.959710252353794
91.09345289484972,111.22692509826285,43.14345060094906,27.046250223624725,86.99476288680076,8.341238888231581,244.83776500280283,grapes,22.66553102181242
44.88784613949639,134.660404617882,48.13726278197414,17.669260879263256,50.79141601675715,8.34269048505708,139.72981648376833,pigeonpeas,9.14377289498824
105.09486089782749,16.866326258545058,153.32176678866767,30.802775260488204,47.55628927506275,5.764168915825806,196.08096389646062,orange,17.135296070180456
135.78595929966238,86.39388534711156,186.73111226807194,34.255398197812326,92.62673370198095,4.558133006426833,290.4528377224271,mango,25.26544223303212
91.60692047910361,59.45763422406148,182.95156299463076,19.059457392572014,60.24357192528332,7.139545989157841,96.4508732081493,mungbean,14.059873416831413
40.929265185969804,87.46545168516766,55.85048052290877,17.769953635842988,64.18367007967231,7.7634451967046285,53.96531727824581,pigeonpeas,11.111652486555181
49.66096935134211,141.32474997651448,84.43049998858407,27.969702718930794,46.907996890118454,6.952297625787439,40.753368828068254,chickpea,10.659502255442527
82.0340931602729,83.30121427034206,139.3535920912725,22.94334976924031,38.092832173469034,5.014101119024119,231.2214157715039,apple,16.554637883290695
35.37620483006288,76.69453976493189,60.812055435987304,14.834910636884832,59.839663437817435,5.155072772168072,215.71583028885595,blackgram,16.816839163122495
36.77259933121934,86.67816093641737,202.00194956588925,12.887517497131768,50.00119999960469,8.847295582689437,40.236163431466345,mungbean,5.0358537191809045
81.14159243490037,76.51268420485665,167.85890386951053,32.590306020628766,93.96149725769594,8.664508614122983,91.08571352558332,blackgram,14.993972853855201
25.32130550748071,50.14177791432908,118.83495823928133,25.535241658205976,75.81219249781122,7.137600876471045,84.12039919684963,maize,10.425991282224858
81.92609868101513,53.43614829298363,139.44507610943498,38.53098774245818,63.99258225977929,6.830951150777669,203.28374405360887,pomegranate,16.73286057039239
37.71631568963164,68.84940029592934,12.717240161635686,10.533939901628479,60.809129279166044,5.764802472288145,211.34102256454156,watermelon,12.643499898084514
127.44844694699069,111.49555189546543,14.64882462730834,21.14869031073303,49.11163462264855,6.430662249135806,64.82118451123644,muskmelon,12.865548027327163
82.67347835467353,77.2860211512098,143.31407555361125,11.437755278680722,79.69272762098566,7.411004503786438,75.47044010804078,grapes,12.675727435605115
33.02333486694661,78.45678779869775,156.68170601825656,20.039718613735033,56.538673749365515,9.170732075230562,79.64366352912128,pomegranate,10.425798231894635
37.18370046562905,83.11282380082727,41.9890674423464,11.168011218681135,32.51928802080675,8.657847491824308,185.60598080404696,mungbean,8.75105484051453
45.25794035511905,102.50190926525808,66.95591332955922,36.190189238666946,53.58396856140223,7.598479277021484,100.05971670311672,muskmelon,13.291814069345339
130.11598291060523,15.935356425161869,90.4830240375419,25.971960616807387,92.90851376615126,9.488481093306067,230.94867217755402,papaya,18.183079639250217
114.45213590430485,139.84836973599832,146.45414518889103,12.392902763532131,58.13441308948735,7.732986419012352,118.20118264719028,apple,16.69589792911129
90.14258185258316,67.44522587345405,49.55482805364343,29.603002577434005,77.9903803270778,7.925953035071819,27.55581004317785,grapes,9.085585309314368
85.42828619906892,112.14927914875153,184.13384252757862,33.69136027631647,43.66868546337378,7.498431571140297,113.00856866877996,blackgram,12.206305512566738
102.91461442031269,100.56150377796583,173.32124633170088,13.977082100354039,76.18096982834189,7.3756702720182865,28.651194319968308,banana,13.079354957705263
42.721726835583034,55.57399116574146,177.40354322600336,22.730144193888272,94.09839450361463,6.989690266978031,131.67425215513163,coffee,17.53840682188985
98.23684567075529,73.17169985349476,163.08305006384205,37.48812512030594,57.18568143700833,7.482050132923231,160.19505578268678,blackgram,15.271217236311346
137.7101273814598,135.42801847788152,152.38263972750318,30.81961209457958,53.579499785476365,5.02008625897551,180.64231354292127,blackgram,18.762216099010573
118.33256981519217,43.62915742953443,75.14046548614547,16.502731339659547,70.98598297367558,6.24047773753937,204.0700510585057,banana,19.111389516276564
75.61732774768014,89.79145805502355,102.88983973710788,24.66058585378442,35.426239685509,5.453870760083598,109.8723539771402,orange,15.341210512815561
69.08092840835279,78.35638837599996,31.97496928160954,10.779468811773409,40.696406652279826,7.634268106267667,40.613113229430866,coconut,5.671469950093594
60.54246628343645,15.901809002891287,43.339854232326886,37.338093669505334,31.35093925588893,7.76715962087181,127.63450065625177,blackgram,9.26435738280016
121.66513850880662,73.87165356530994,169.50720378269435,22.180376085646575,98.92798877406673,8.35244679250648,290.46605743152054,watermelon,26.769942019679057
76.84293587488406,110.7635333055361,181.05825260268603,38.92437387596674,52.718633422274976,8.493522869213194,78.98076733795028,pigeonpeas,9.586117638937036
92.87895107092712,5.033693764006317,166.09474693596496,19.906370101784375,52.414558890847,6.415314060672337,196.47350786354258,banana,18.07385726451433
95.4362655883643,25.54930102901093,199.03289290481715,31.888188612515915,47.51449750248681,8.120849540373879,181.00712775325903,grapes,12.807478229220239
103.3529133952074,105.68406919789753,117.54040107421352,39.238276325897246,78.22065390978892,8.975163758025847,215.82608240530192,grapes,18.972536269703507
119.23086907602332,26.8844109958933,73.76258072701789,31.749124146261728,31.098645473971253,5.946903618028474,199.60520557131875,muskmelon,13.620578736025339
92.32757606091222,31.16733487579082,113.40707710122363,18.474965105420214,52.642713431134766,6.257640207984402,37.729389152249865,lentil,8.836897613619385
23.78415537574689,97.74956224579898,79.24552955148611,29.38030872840097,54.93737771613087,7.868753231294294,224.18594265114103,coffee,14.722987614482076
79.27071745394547,110.84232154512549,109.22040285889904,18.56946612154166,47.38776261137566,8.294672031135267,53.10668920335372,coconut,11.871265526513952
57.83366157247071,13.477315873776483,142.36424319845918,27.03478274198752,54.459757888565164,8.025944894586774,170.4601697835256,watermelon,15.393040773149128
99.20031254895194,45.454094679700404,33.148672678230646,14.699025435715562,74.75736201321011,8.86436642883563,134.65895793675452,muskmelon,8.414233274411277
112.35394128257259,49.81750694325957,173.09850168314938,34.97156097147571,76.7456354964599,7.8289090177198855,216.0447137804778,jute,17.508144306331104
28.349814025229485,74.49101214528298,99.54137972725782,19.32110570674723,90.92836189594698,5.35216600939998,118.68957963178715,pigeonpeas,16.930493271226958
23.650677727194108,99.21305603449161,168.27954527231412,37.96803516514502,91.34076483440394,6.096920584168426,184.18195957042673,maize,18.335622085221555
92.26951150463874,142.05185370539283,78.01632664675539,23.74071461600768,82.66530096781744,8.463502252806594,85.24925493806728,pomegranate,15.188781494322757
55.538536191662956,92.82542573324399,89.0125339158894,11.834385431430587,64.25315821369651,8.566716645225542,47.65083123087274,chickpea,10.343503999984446
46.66486483951783,25.569223794084888,119.6269869308141,39.324228349017105,46.58533444202215,6.276680746775759,91.84050327721309,mango,11.950970604732229
68.50305610240167,103.25977149108682,12.760904806189028,38.713725870566805,33.23959156424733,8.906265909722798,270.42586765335966,mothbeans,11.628366912546225
38.780947889654776,39.98504728143106,102.70367078616525,31.044937016973506,99.047900353971,6.707533716445855,165.09178385607075,blackgram,17.15429231664999
84.73212265855233,77.48369199462472,6.754951012383565,10.05174466329522,36.836642268828605,5.007783017145894,217.3711345073429,cotton,12.970619371508644
111.46961180200577,86.58133768641488,34.842229592633714,35.129109660486165,91.81800009520238,6.830705739789071,78.49408096641955,mungbean,14.364512941093905
122.15466071570178,65.67137281755689,156.7347769373562,12.927375087288084,32.81713394334755,8.266182071543804,139.09947681203144,maize,12.920983672164088
118.05527386041739,133.23888019069082,64.57000225722055,38.493980603860095,40.61668722503342,4.909843887967453,140.85234486425776,maize,15.150312750584359
76.81053567601347,121.10013485427197,150.93736115886105,16.282851584168007,96.42171374296247,4.803905843147017,271.5183181122626,muskmelon,22.880272391807278
112.45253697499741,119.97852482006371,144.75095777650836,30.765392006312265,65.43674866180106,7.191646646299115,227.93688910768017,watermelon,17.203072657427594
47.78204818952672,137.98947534796764,10.537977351755075,14.183963909955446,69.92326983408736,8.189174193491743,170.6095032358033,jute,14.146092088831544
49.427594987801456,112.52454359557153,7.528520280003699,16.517397174426414,34.55960670696272,8.401134583089473,231.6447623299484,jute,12.97915301808975
84.0362757484451,102.40433476993874,159.8041845930162,11.288084646031512,59.959032054881376,5.1110579179268365,140.73610820450813,kidneybeans,14.391584093757661
37.504295234467534,30.931266316331303,45.8892734131326,17.161024140969353,45.85876939684039,6.475745542488184,203.06110223428243,muskmelon,9.431780120366307
22.36271743709013,101.65286002839927,191.90364368087293,31.41826239480262,32.5755607008053,6.38942820386362,246.6827646359601,grapes,17.26988511674102
138.42843997223068,129.17053548440407,87.16863549618193,21.147575227376052,50.779642399598956,5.2620346001894065,58.66342384856254,cotton,13.88773003198988
108.85575811336763,66.72335366660121,182.66216442982648,34.28495264684684,84.97947648535018,6.791234209671459,30.520408036490846,rice,16.610326109575023
41.94651810758632,25.043059088861085,194.01583956156637,39.60432045396267,33.14366475561121,5.251729373658833,138.58674584428633,muskmelon,10.832806019891763
121.43457296241556,102.48843385333932,159.2506224759098,33.77462266497939,36.44490319962318,4.77820386343869,244.27604317572604,mungbean,18.199968012046828
125.1715129810922,123.04787982731592,195.41168365944213,33.703285368012835,76.17177789411704,8.782922221137287,41.1805105840579,maize,12.403965856060102
138.71074863380704,112.74402118126251,197.4150756074446,33.38903068400437,91.24173772095008,8.032648161515954,232.94056123682714,pigeonpeas,24.086584496528403
121.26619587987587,99.22127413482733,65.9159894174498,11.06889386170418,95.49585905866812,7.430601744027484,103.48003192147927,mango,16.81767231915599
60.83978101270481,88.56310022706408,189.97445108668202,37.611290509644746,50.15341330782381,8.178104888799425,237.14534254666665,mungbean,16.973858373598272
111.40115425354982,19.923642976109008,28.374277244080368,28.16874407938458,98.84643647177111,5.7126973663289995,200.82704641433813,cotton,20.971046942776788
71.57812377696584,13.830524408015341,162.82879025858242,25.886892809450117,32.03271478618421,4.702503432409598,191.54718832705422,orange,13.593450401002606
33.20698405251458,90.3811767061534,93.66135867394809,11.739959633710857,68.13613847931839,4.914021373572729,251.76152938148226,maize,19.08093988658558
43.67459704604822,138.1526951393907,112.66789807000325,30.158684214847362,36.96231182165329,6.402879706890535,235.42616100968834,pigeonpeas,15.676629006315958
60.61830302831225,68.71255325489709,74.4915501157188,28.854035493604005,33.00279076955002,5.354526449721368,141.17024335107988,muskmelon,11.91820887396369
98.6278981491613,52.644436601746804,69.51184732665367,22.73301666572737,40.18974310567508,8.655694822176912,117.63541070125827,lentil,12.214912210538301
139.31039829038434,28.546709819955648,33.76853478957173,25.101338588327177,74.70506320241878,5.355300462666758,260.9205870647919,grapes,20.148567510334217
64.58877302194401,32.30423245048161,27.864622823825044,32.20914372267946,83.90213280910615,9.345064817514999,236.55709905350164,maize,17.172384366520586
24.288626207296105,112.34134081358815,139.1420456668151,11.487549115720068,68.07815052835355,7.075301728789348,213.6295830215535,lentil,16.237618364091034
129.7779170917977,141.2730874085164,57.432782081759875,16.385523128797413,35.63615910140583,7.30898926331069,23.809230726187117,mango,9.661346227321175
129.41556785100596,105.42145086027992,26.058571651189006,17.183202802011827,43.07943136173009,6.277308201278227,85.94482378162994,lentil,11.73684464799513
28.627930238899527,105.19432875974753,83.14051013762186,32.982399973546634,61.170634066264725,6.230012064861382,146.33751429947102,banana,15.801185943926974
82.89338494723461,9.596960071742863,98.68190900487174,36.558484872907016,55.31131864942168,9.162252105403216,196.57037206217063,apple,13.886174842782086
121.15474738821383,30.241364497549252,17.579651521371837,21.350662721880624,90.12477719714852,5.60412457938908,63.10805121051581,jute,11.942798867535132
79.52358731042531,53.683569521429604,84.9717390274431,20.824204787372537,87.84514471225029,6.760695275612237,166.63441302851268,jute,15.458599989526553
37.09557777045303,94.68944898481718,159.5913424701418,29.14328563611849,71.16383360927709,5.647059956173031,200.63837142939232,cotton,18.95914585678544
91.78326542214722,30.69880713678722,61.977727780612206,22.498955503582344,54.754650419807724,7.124386090027912,187.89924033931055,mungbean,14.680741065301762
40.86706100776938,84.12132265482046,187.43998009924027,39.05079344529082,75.93015297915508,9.418304020799928,179.80586971331942,coffee,18.03568416080421
68.20591036224653,69.17670742427401,174.72555974419564,32.759457782273415,72.09986096573604,6.23638617438135,72.36968399394398,coffee,11.280159113127665
138.20406140071515,129.49996469039687,159.2627266450028,22.345348086976312,42.869200882250844,9.207055907092506,169.05831542479893,papaya,16.613691639513267
37.20201848644657,28.53364268732538,37.858513505303,13.917590726839306,42.57068599563911,5.513441012891788,51.316864263337216,watermelon,7.485945707727467
70.27290104961531,114.10707714472818,75.98839289784836,39.476462846187985,42.653894351063215,7.454933424840674,45.115803162311295,cotton,9.280632312060563
98.93871918472345,34.842988334867144,28.35059343160171,22.46180289906395,43.060602764518734,5.012083588388795,104.65148531641017,blackgram,12.085508855445429
22.057778482203346,45.969275441104585,89.81043704289846,25.3170924884586,42.71042558680925,9.321100999190156,182.08445220021306,muskmelon,11.532564246297005
101.26281127721425,102.6926577892172,112.18719862581425,36.55686952633518,47.64103135753368,6.405738266805254,237.73991950975295,lentil,17.850273420000256
61.56791837154228,56.706223634750266,182.74715787732507,23.93110960546123,66.12872089417408,6.163818576678397,97.46758381014294,blackgram,13.375995937459846
113.50437641181294,31.70475691881239,143.80398916491308,28.078987638569046,42.91745355156509,5.866017530251162,134.51622104547363,coffee,14.934548827375915
49.41836354618377,110.25671954835116,8.518497598782977,18.04035196258226,56.277665445582116,8.911189808956909,286.12370471353637,lentil,16.105687627811797
118.68362165749167,81.47907467063976,48.687648997736076,26.272303860349258,55.97781646436117,7.987495180185473,153.222261685726,mango,18.504580688198605
23.49217415875719,8.233954279394597,108.30249252491492,24.52759168690065,61.00940770594228,6.011718809195044,296.2588415478189,coconut,19.346612725683645
84.61711719952471,25.424494507660217,115.60756879792024,29.46165640464717,57.31371770749317,6.992724391656466,265.18294854888404,kidneybeans,15.789892528886893
95.18555860972366,16.37927326489713,181.07392525182362,11.54500898396401,68.84600224757958,8.398557625901926,52.71372619499074,chickpea,10.05333173965744
106.00563315223121,20.432607220972578,162.8759266923849,15.0430764941554,54.181247006385945,8.306357148126802,287.18478009339805,kidneybeans,18.249368582630304
134.9442271853091,27.09212278359321,83.42798502322997,35.32421380076424,86.48099752882156,7.623978536669313,95.4231926567543,banana,14.7509736201507
97.27975443565683,144.23071459087822,7.401832616852828,26.227594398618958,70.15666182843069,9.07104394840406,161.6814937347425,mothbeans,14.642422880812308
76.59833615940664,42.6466026386074,16.205826649782736,22.259730466295082,33.681402986847495,7.252462347329589,106.04222010784208,pomegranate,8.441356136425188
27.950563634503993,138.98096849470966,163.61234418070953,21.94931103590714,98.76765375359382,6.227678751743131,124.19365488224804,muskmelon,19.171340875696607
52.9216863386428,102.80000791830258,35.57006079010118,13.240759580744605,67.44146052949088,7.277468411972006,49.86341949631338,coconut,11.230973222032464
57.37310291987588,117.03278995064277,109.64630557310637,15.644450456396669,37.19942804432633,6.653872061187424,114.47611843220157,cotton,13.160515524611494
116.70867764226823,64.84034996243,27.679665468981746,23.011811879380488,62.010985859782856,7.2547209692030155,49.56315961323984,muskmelon,12.24153163954772
56.16780529006189,27.296637207753214,33.16384362675903,34.80983829715001,83.30399804310684,6.988226705231708,96.96399986580288,maize,10.565926607613179
126.10333654740431,7.434424009560747,86.03642076019221,37.7868235061749,54.72080815977765,6.793644121001204,294.8315900524076,orange,21.568671533382894
137.36410266628218,121.18912381768867,136.80682661666475,32.07989464991543,95.55382736119526,9.298760522001782,291.3110764901588,mothbeans,18.969077681974227
125.54758851353374,86.20609774173377,93.92111984722018,33.245495396022974,81.78751440559175,7.190717150407272,44.45166431637135,coconut,14.83375170663038
105.73381927272742,61.34030159069087,42.59677441520677,26.225787364752332,45.77358380180296,9.371437780063001,129.29517592334716,mango,13.40253759684877
117.11375172457198,136.64877287382686,33.12116081530536,12.135303965910303,69.03933333346698,5.951487415220171,251.8553924313964,coconut,20.39346009170275
27.399944876888497,144.45107804695573,82.41535372031625,37.173855032039036,50.55099468969975,8.266012825702479,81.33865256746608,pigeonpeas,7.213534683638547
60.229740284039735,5.1847816578061545,66.58874153238641,18.35884999269271,57.5413707256545,5.1592599482169845,162.15147089782363,chickpea,13.67858818291827
131.7795072066858,68.11140308285387,138.95740063548376,18.06649336838003,58.72086747819151,8.049004660345702,163.56919971828262,coconut,19.43154987026559
40.98042985594534,52.402036071820305,49.834455349380356,20.773298289027913,46.12623756562168,7.397028155433273,243.48782473299667,blackgram,13.837126467285206
45.85827463315816,88.1174370342198,18.439419620542626,31.436251043500157,79.21969803012365,6.2748301549307754,269.9497429365725,coconut,21.973199555447664
123.41937569895234,75.56532106802602,141.69054868421006,27.638011991027938,88.96497514028675,5.922804198808013,181.13307780818218,pigeonpeas,21.00613666391685
47.932674029026,134.30310826458583,153.2157609085592,19.48304745348473,83.43373372698969,4.610699765169357,167.42691901591917,papaya,17.372712931500683
112.90586697996305,89.98401161383653,9.537368436489508,37.930668372129816,78.03632960675134,4.6709772496059445,249.273211779953,cotton,18.56796484684066
132.97107138023267,74.157883856892,22.104903515221604,36.060391532334116,49.51832209724717,5.5180135786732745,98.66248273582124,jute,9.58734497183737
76.14710337584299,18.000326212092975,163.14962371549524,12.264337432720868,34.8020689426602,7.186919212196841,64.83590725169927,mothbeans,8.623028103386932
29.22927664824016,33.71312552130539,148.0968359548779,34.26781921653374,61.677355082051044,7.032769079407089,29.143409686376728,watermelon,8.798759440472914
33.76547866246199,136.99276831854715,63.181361465977346,37.6900251816965,52.80848076529018,8.40920095586494,88.93246008915084,pomegranate,8.418442831992415
100.85769749164169,87.44355072841448,120.25611865673886,11.970425069728519,47.43537825201143,7.359196449282708,25.128818020403013,mango,12.181636843853521
74.9503000639545,22.8627735002328,91.54098292530999,13.81159750714012,65.17721789799526,7.306377574281061,114.5716132182039,kidneybeans,12.963468063433433
62.732707942275134,38.75546267593059,49.47828710240644,38.56521512368844,97.10016901905507,8.124156867621544,267.4628755414136,pigeonpeas,19.110789605784124
25.902678827842646,66.76010391167071,95.41870447807683,19.018957857450268,69.99460959948618,5.249885120757724,239.49546656442544,apple,18.953916003736413
126.68505412281934,122.01024110330802,126.66180562071192,21.65179541151661,65.22432690524747,8.343673966894013,265.71275191665245,mungbean,18.419299891539332
66.18275149916641,113.65632377789008,91.3303525187922,19.966832921988516,58.79258877762887,7.514223733931754,299.9454403574644,grapes,18.454082351034778
96.55752528718598,124.25752676079235,77.19429119725436,14.369562731930696,53.26360261542256,6.7763217368759125,169.35406504073788,banana,16.94731473004029
85.52655109238773,122.83880713121265,39.02024923763398,19.481538855066127,92.2025943304816,7.3022910227916515,183.3491637034802,lentil,22.614186356663943
67.835475397289,111.16279989186106,135.17669702477392,15.333950156957462,33.58676788024973,7.914807967710324,90.30212672821669,apple,9.448049319486618
109.60961270151131,83.77334929188663,21.660516622359278,15.567407103506662,45.35297288216434,5.789321268224224,178.3129497461412,watermelon,11.575911909077059
92.48215958902138,143.68793515721993,58.06533346853695,11.870244637283422,32.24916062811518,8.05343939779399,252.46506212556778,apple,16.396241008027367
43.130241249525476,101.37553868976717,59.4769158526579,34.961862902624524,35.860689317623695,8.365693364426388,47.98233383921347,orange,6.917113928067928
78.50027343443358,56.282440336727454,134.0883666366993,38.42568941653714,32.88888231622353,9.094264279415523,190.5428634058838,chickpea,12.848562976489337
66.06499441211331,71.05801647726592,178.7701503602328,22.44543909429469,67.42616967243595,4.600974615421665,64.40744163465183,coffee,15.071190140872758
27.90645671782794,70.59140698877543,137.51665287478977,32.978745139165525,61.767113960705935,7.651420197481715,171.08117627737715,rice,16.41144445185823
126.83710373294771,71.0474011609753,153.7724289771997,14.201176937930564,76.95036679949337,5.68163008804729,142.7466511994608,pigeonpeas,16.865790255884487
116.23568060270847,110.46159687687147,144.17272331973984,24.624094249466317,55.56518685937897,6.377933104824054,160.85974978760532,papaya,18.731371863481357
93.73055578676355,8.92074472614418,191.35770861023482,25.689619245751288,33.02562059924453,6.212499965040687,41.517849321145576,rice,13.580775576350282
66.04666096633454,21.681986375665073,53.987809138731265,13.004298632150533,86.52491121596626,5.176199139923613,186.70454263369018,grapes,14.08214227506608
92.68102666078065,56.17403156701908,20.267128433290566,29.659782141479578,64.19023023172944,5.184394333186285,282.0452714337079,grapes,19.42190714229964
83.14103848035097,22.922249128481088,99.9291446551777,26.744244802088268,61.21467719659399,4.847434123763265,155.78292856317373,blackgram,13.166476813417988
21.01832145001316,35.335794158460374,170.43734284906435,30.117401524808063,92.60728975889435,4.785898272651332,187.149910400604,maize,16.746208762703073
72.92417670147447,54.541904082753085,49.66300945480104,29.265382358509452,96.56380417034823,5.535567367747934,219.3014351715661,chickpea,18.97789681284515
138.18391284138113,132.55900781821168,10.798548999795972,33.12185845919697,37.72343416776421,4.637425974146855,96.63474447057769,apple,13.125664661877567
33.7357479169453,21.78377002188418,189.50855377056533,12.442292950807733,78.18949423702162,5.633791234722059,29.851895967653228,banana,10.820359629865308
64.82265244154745,15.862383236511056,124.3278399866908,29.41763534122227,56.14280003881343,8.214390378591753,157.21190564748164,papaya,11.164794884268037
60.01484246379767,66.81261751152111,110.83801974931339,23.480976148754518,64.52368638515505,5.992943781441463,64.51022632633656,rice,11.023183914574691
65.31918930647853,126.68437988662801,82.39054081755197,20.49517076520195,99.87707397042867,6.912360114950327,245.4619387197817,mango,22.62523342618587
82.8438063525571,16.08025355894932,28.5353025290598,15.275736439485776,84.23065153131921,7.0692867963456125,22.958794376844022,coconut,10.40078591579767
30.530726692399533,26.801641669268378,158.7735524983946,31.563375417541465,33.20835790440981,5.516420426720555,176.92749708516055,banana,14.853473989249919
118.1731741693001,132.80021659501423,45.44301749179466,26.288498138443384,74.58292805158362,7.109137371819225,141.5413903751375,blackgram,16.508564952439876
68.14577932535946,116.37887075031776,157.72087183259904,14.019960436170122,36.19633367941473,9.040769716137515,169.94234891005937,chickpea,16.67682742367854
31.7131997875649,38.662378914627304,86.30766277740263,35.97524426259827,95.7218320549397,9.463623097968139,288.574176208386,kidneybeans,20.621739729772234
25.725000974464646,25.66495468206241,74.77241935405462,34.897540929608766,92.48593367348363,5.434172031472915,193.50596245351844,maize,16.04866294344116
137.1808628360751,139.6443527386433,200.81700947531758,33.79037196308195,99.20133353184323,8.96180112637571,136.4611383690779,pomegranate,21.600357132926472
76.83569065815314,138.64643201056757,36.17207351741542,15.677128076357448,86.56103243439485,5.804155400125044,243.78358976162755,coffee,18.22667375046535
93.27424762356247,140.35931251424827,139.1468986615365,20.87978098856865,95.50270800300744,7.328176343505719,55.944271589118664,apple,17.50543148776523
119.87154631641785,85.33536968645163,98.20070287060258,29.099231060761838,50.857020027085134,5.412985655435497,192.64459465994898,coconut,17.568987659329867
67.51104886083547,138.59318443164847,188.33626501606548,16.997977057511296,84.6565353424865,7.6135019811647,63.18236695349918,kidneybeans,15.222229519905568
62.73669944179618,139.92747099192326,192.22939731970604,35.44083707971844,94.42101894009237,6.7456984422969555,170.2005111010578,chickpea,21.530585461536432
61.324026598190486,95.75065103634957,83.50086345916213,36.82848156051034,89.27293868965276,5.708121358811922,213.68879953105215,jute,19.98017874453219
46.22581538246756,92.56955719633858,83.42696582055504,39.68644357884631,63.51829710821771,5.641600868984714,126.9201350621131,pomegranate,11.941833034749541
131.74697110146775,124.05079027209906,18.534707331596675,39.801696362172045,78.91088465927155,5.311404121570119,23.47650496743858,muskmelon,12.240883574256332
54.677948509015955,108.42472406498719,10.918720711987158,21.428372880214212,58.52740661075515,6.925550698590864,207.32308692427083,orange,14.595705644444323
47.243820113872246,82.47494163216693,133.85763130555577,15.058846326552862,98.3361879690682,6.940779780436545,36.13995476727016,pigeonpeas,12.616554206362114
42.88592122757539,132.80049963211303,98.22290498789516,19.76730499447985,83.58719320833194,4.581733326180963,140.91880240665031,orange,14.149800604447968
23.752565329672088,26.296296421237567,33.37703186248288,39.65831514458566,31.551602912342823,5.335368281759991,292.7688624244351,coffee,11.421259464863697
94.66371755361597,6.699244164128073,102.72877941975169,29.326164455220766,94.27342412608138,6.4066790856114215,234.25325683468833,pigeonpeas,21.43872406270415
81.55156253495394,79.63963690549045,100.62138922399936,30.212217227306674,70.03617536849015,9.434975387271864,251.24175789184926,kidneybeans,17.847867369980563
123.39885865964578,68.17749135197735,5.80505577079415,22.049355316361257,43.07605887315249,7.622002437360815,210.22046117806104,orange,14.881459812974448
121.04465403266255,105.84539882569621,170.9915837910637,16.015285706526626,92.22215577595378,6.110967253239814,23.753347990557486,apple,16.29234179286696
90.136090167005,131.353155462281,170.82640592967962,31.503293645026787,32.28048676745222,6.367602091201807,196.9291082165192,muskmelon,14.47592943138748
117.03034033149174,133.8379676642154,90.49877439886404,20.951519623165925,86.15549232799113,7.14741441189697,211.64573356969518,grapes,22.15717933483794
38.34666147737556,123.27065044053863,44.155022282627236,37.968464322123424,47.53999039955035,8.169404866368708,99.70351017820578,blackgram,7.506755004828398
34.90157057954232,11.986548927525753,116.17427692915905,10.622466212211368,37.241228168505444,6.237821405808706,32.18565189961357,cotton,4.838513096093154
77.93809932204934,54.7962345852124,69.42251919382763,30.59259681992926,45.1106478361642,8.046953726255644,281.81237498940453,coffee,20.152736357977492
123.7372284341394,44.962690207981176,128.01023310571298,39.37336509234407,71.68518204009655,8.123547437321887,144.68949310265054,chickpea,16.561054375396285
63.847344634770764,80.99163312390326,196.41696348884375,36.96221635257935,62.9231061813337,7.979116155119092,182.52019065615545,orange,17.945988646031736
59.0911824713477,139.3060751527414,194.86726170498483,10.336626699323876,44.10080909456564,9.468850211721813,157.99102125185604,jute,13.919451615438028
39.9704222626943,130.20698522619415,51.25285992982258,15.689428900586098,45.968568232422975,9.098108513205045,216.79707800951778,watermelon,12.275505898027152
55.25624345786089,120.93752685996614,132.70500923833293,36.94777251024473,74.09185925698395,8.204088289660577,254.2048509526916,maize,21.355182675024437
87.6054749870738,15.66991586922784,135.54468791113464,25.796666706035566,42.89263230392385,8.911265616712987,116.10960657164811,pomegranate,14.042547143255863
92.72401430244541,34.62149883986879,127.81299694547967,31.679491070825694,80.5613030530677,8.575369953413048,258.99406382832865,maize,18.161786192901527
61.19205884868849,101.1971528503728,104.71725747824243,15.720278402643745,68.68966991166886,6.537178263830719,129.2107177432054,papaya,15.429953725493238
26.967600666930952,124.87416583682683,197.12016200250426,30.652280093671227,55.50578058700562,9.193001578973638,205.58486418520602,mango,18.68068387734644
111.90227648444112,58.07950420816294,100.7404401701571,15.583964631042985,50.44098703085139,8.390628306432609,270.3139497272703,grapes,17.599365469284123
83.36406593645926,45.3992790908037,167.9308901188101,18.701521368873255,99.39905323426623,8.581850945566702,218.23454038726453,coffee,22.822374474040217
121.77135965613456,79.89533879315661,31.087890906669298,33.92696657603565,79.68789524439133,7.137180424646139,164.0748655734584,rice,17.86116134469478
74.7617889284297,33.76079497405591,46.61603138194676,14.55048545100031,68.26546852123779,9.099832614318213,297.7034596128145,jute,16.028391973547865
69.89466818927038,46.99880587751956,14.706690145933795,32.32842817882492,82.22654235359587,7.853628700393616,200.21746067349375,kidneybeans,15.577619239876213
112.00069824033848,136.43142736540005,90.46596519480157,33.22470377491498,62.92853336267667,5.976141247777319,226.99424220323735,mango,22.36724863904325
128.92704117552114,78.81146522405541,48.883127711380766,33.941397485104616,44.95990823968053,5.8360363837828455,85.31121011031357,cotton,8.82207225962651
74.38080942726589,127.34701342992338,119.11057098999444,36.350068176627616,43.711052955539614,5.33486936836277,181.16159519555765,mothbeans,14.736769490629998
77.87317513838944,11.94578313267045,104.90908466474309,17.56778231462713,93.77458704917095,6.492462471365434,197.48428489458217,grapes,14.400733061847555
33.345989000265845,9.457844236733699,136.35880092600635,28.307469348694145,79.58512552270628,7.80193220135672,52.00251071986738,chickpea,11.39922332612778
35.24249237435454,46.491464957715095,118.9321397943849,29.70140104029931,62.363511576441276,8.51979558045473,51.483315276835995,muskmelon,12.57097636762462
102.30469462777282,100.33691008964692,115.52691636583877,26.907350283296466,81.49882537143776,5.850012405605977,118.77517043994762,papaya,18.703903287780644
137.6551005025493,80.33611756923302,96.03666946685235,23.86344768105257,59.98396732263559,7.156991534981611,96.6035949880238,coffee,15.418545803647998
75.58755648908347,50.35147682250021,126.74609651696973,36.28669879394923,91.86442207460107,5.042491725352193,139.9380794676822,blackgram,16.616161806525547
137.3138441028504,99.91972213396183,86.44928345241411,10.78173657956779,69.57696120694371,4.980379878191781,253.64598805737364,watermelon,18.670309199243462
99.58349904180076,33.63145187783367,88.14981050643317,26.218506531237978,70.41144927328234,7.512556687765777,199.2367963094582,muskmelon,20.195140515487907
37.19551897171213,8.644136974398887,52.40830178373601,33.22571475142974,46.80268931349048,8.145516417974381,90.53431430287802,rice,8.792804064923388
65.16447527579211,47.152205265129915,26.924997266000457,24.696824263924746,56.50834643331016,7.974435429036401,248.92647314643293,apple,16.83132466120624
23.863570650480423,91.64912987286102,16.07814600418784,28.49068970797075,77.95209644884319,5.488838138087592,249.4169216420959,muskmelon,19.05030110234798
123.73131542265241,5.472212097077771,45.250632180981526,27.713400647859284,41.371536949126536,9.42901961361794,149.97477427805669,banana,9.730243045993493
131.60322054657948,21.50688365483979,51.39699699673767,37.11174761121423,42.40653384406474,7.91114633788292,168.5296400114283,mango,12.90853950669054
122.2820140020601,104.05538854605432,129.3766322909866,24.880986698242445,50.9078788669894,5.096224556596306,134.54128967850676,muskmelon,15.538811765478245
45.32670671202207,65.54767262217237,88.72103713438301,11.328862929909771,71.23421074677039,7.248421279266181,41.86920512585559,muskmelon,9.230506323774096
102.28723412908184,103.98474432473711,51.51605452225609,36.422615141701556,67.64127995482407,8.785420889071153,95.86529295303728,banana,15.204455148555182
106.76413170209548,60.054505070885284,48.44669491848694,32.77272884188081,84.90062933521085,9.113474919771836,125.32623092070176,pomegranate,10.92198753598364
24.67896856459941,110.09649058842106,194.83677689455365,20.460438669549,42.5822830936781,7.200007815576926,217.37561990836033,watermelon,16.586982282845113
76.5899115313079,114.08871606344368,133.1942648244275,11.818310713534405,36.69645104931892,4.689584720368167,147.90857133776956,mungbean,11.350445726380572
135.5284293676708,26.44073171292604,202.1547330395104,29.640276417166838,61.7960340395041,8.940971129240797,214.45432774694999,blackgram,19.227936388526818
55.111573234873134,82.2506089011294,17.800016550477377,14.08683334955347,42.675649161555874,7.659910464916531,192.42114371443483,orange,10.421551622928703
25.73796232920342,105.50801624118336,187.1750417049106,20.409069951100555,37.144324959647875,5.664319948954206,177.43883795510988,mungbean,14.90405775135559
139.61151019836907,18.853322236114884,141.52836028901214,17.5850860922437,57.43867790348721,7.729670924004691,142.21645780615796,mothbeans,13.463711445761607
135.11886854098566,116.80582222928314,96.70975429588002,15.994627610240924,86.77112771838591,5.285912358041868,78.92942079976095,blackgram,13.793359754549119
125.64178350223881,23.450133608775438,29.446838570905214,24.81924964915798,49.34873787655722,7.343639708240799,146.4582717113026,banana,13.433684431633148
135.25247647262682,29.414357274946443,67.25995456380178,27.486147160856536,81.2676532100079,6.221856952022671,205.99251359923852,maize,19.667170648274467
64.73719870438467,100.15462144868954,147.5917631119052,38.060268441907155,34.54115464845751,5.461458616155399,39.187276527156676,maize,9.635215770491095
35.849453881678045,118.93230481642283,167.56467893379903,27.607580697702584,83.2453557704618,5.409403490757937,67.48408022979976,watermelon,14.969431882095671
55.88962539864936,68.33238478326209,30.53332699646107,34.07644910183738,69.58723138468403,9.007928131049315,158.73203765829334,chickpea,13.36319999368261
63.87705952450536,11.36691318284517,122.84018135277061,31.657719097868,84.14634331694722,5.249081430230516,144.3645402475001,maize,15.614125206407657
79.28329914402426,62.3832957603968,55.45831785226416,22.020832947783465,39.71319757698595,5.0762961451301845,103.9841119078616,mothbeans,10.022436022289687
90.57338845467228,40.914566465536986,117.74353590952356,12.306013101452645,85.9923912988172,9.126640269320818,264.84442869772465,maize,20.041113995760004
128.86888205328714,127.27111253822046,96.67982138902002,14.896662578337963,88.11992244537358,6.123000536398252,137.33635162566668,coffee,17.268251648663018
46.804572539284266,9.659976896883972,105.5687421286271,19.422713657007343,42.633810564769284,8.25042037474331,77.24637134510841,mango,11.109723427491458
61.911788701716674,76.65588649275763,191.77340797026397,11.120549044474386,65.01851552342234,8.772114801638091,184.63278954369758,banana,15.429870020512448
34.93289729131331,79.22446776739724,81.29381279876652,14.1376896929111,98.72720469753875,6.348776946400511,195.22339509394465,papaya,16.725221435060288
43.49900586261893,23.28735536170085,191.7908263590476,14.325683917184591,44.308264233587536,5.731328619903929,281.24416447651777,pomegranate,18.71761831942272
59.42809022205449,8.759273564779924,93.86225309334708,13.177190085243335,73.3412017263893,7.59793550111344,30.5725590875522,coffee,10.299367566370424
48.574648571329945,64.34010518369803,7.9257078410140025,36.3796497779518,40.820050603233724,8.807374061713471,112.22845015624698,pigeonpeas,7.08134892107685
79.24290259632201,25.061768022005527,31.96927250374477,17.689381397828377,98.14550285014987,6.400584294372821,178.47855471537372,maize,17.683871625304388
125.31180477937028,66.04689088706473,59.759598280382434,27.680151338516435,39.94748718828077,5.796958037104279,172.9494309288088,banana,17.221529912162662
112.63868843056291,137.7542350011456,28.16097786948155,20.039950299536343,52.36843440148846,5.255914596686271,246.88487845337184,mango,17.38964986818955
45.400499240540384,16.30126264160802,201.07706972888727,37.55240527291015,80.16421128357877,6.629865161099566,73.2498779467179,watermelon,12.359595685021402
85.38479411428823,73.25915085904947,81.23500019303602,31.566339411824053,91.87132783901173,4.5260625923846245,281.41262538450286,maize,19.095237537819006
68.32415434783567,133.73353913268028,63.62237582669212,19.68497168309407,34.61586216415008,7.575237242846471,257.7878620035349,mango,15.588551362340533
109.4087137509786,84.40289829965704,66.10623326897681,16.623940539292025,80.1020827300327,7.108944085686721,165.7679487048347,orange,16.702203429807614
67.21766607063515,140.07523756611468,119.3364652198542,38.1336289137637,30.531399132173988,7.363352915955605,220.812329123076,jute,15.79662098791305
135.20390450983956,36.595913068330916,150.07017438008444,25.91569274094683,45.02213966507138,5.474345411087004,42.703615554560216,orange,12.619304359951991
82.64580994055103,58.19385752063719,13.93200577544475,20.053728000886743,57.4005214155999,9.4496074563747,78.20804413742513,lentil,9.236659223681613
94.65014069679454,10.24047684342982,168.98340387573768,13.181132680857743,58.25875034727915,7.356284508151889,22.14234878514104,orange,10.257968005568575
80.64023851725722,103.37786459441247,154.15026599685538,17.604074237286817,91.29895610597958,6.799112154545895,78.85182901403225,blackgram,15.772184007590367
85.76396866659115,58.46204531283006,166.97528300771387,27.534097949338392,57.33934716989222,5.047989351675636,270.7246878546782,muskmelon,21.571048512843305
123.58248180416675,55.39461348364176,132.8677527002812,37.66599171507056,40.61946308527289,7.334752378194051,234.04120146365378,chickpea,16.773987815188423
128.07102807539135,12.165162993549322,150.00136488946242,10.69966994688025,42.21888467498755,9.437928707692873,121.04777549840595,muskmelon,13.340744334396144
65.13040554027225,122.60398311169419,198.08791202535485,23.066087302574996,69.15444342937955,7.643197449817839,281.7537446090659,orange,23.840383328270565
52.130199864745,85.0658554724518,197.93711128936835,36.26669963048819,91.31537478117274,5.380335180188288,94.17401417938963,pigeonpeas,13.19931033518211
69.75802133542447,131.46869905124814,77.55103224023532,13.75032460269531,40.081425063618966,8.954288072538564,296.64225199742873,coffee,16.02929457671788
124.52171448724991,95.36867548328941,194.23474095926906,18.440157581369103,71.67236820480265,7.950656739684461,130.02244540778588,papaya,17.616817200929695
72.68636479416742,45.28559367872544,35.4541371344595,25.836226236686873,71.59774970399431,7.343928413270875,52.63354176139512,pigeonpeas,9.328024724691259
59.39747282509565,71.08104749642611,164.7356211815264,11.393464518572847,41.09790749141273,6.489801882225574,84.37904579275697,rice,12.22196648455318
98.65875482396012,70.36910485892014,98.9109427987066,21.37066586398809,95.03496403891974,5.747256334762161,108.64644695473831,chickpea,17.895916143065083
126.64732742620576,58.279258612610285,186.70480610010247,23.24102680959369,82.24608723546476,9.15127159992528,274.12119710971456,grapes,21.182314178152694
33.391642400835835,101.01412326408625,66.23185849322626,14.457622828642066,59.597635402294465,9.321111390436391,135.2005613883964,mothbeans,9.5377077469708
77.444201826842,19.561441681939705,162.05893334453464,30.91424051477197,54.826957862721734,8.937037369844816,293.232929139158,mungbean,14.81942859942437
42.357154100294025,134.75428954997577,146.1375292904765,14.559000605264822,57.544486978302686,4.7813497210735525,141.1480294969544,pigeonpeas,14.223839292947007
92.20040261163126,90.2000414028423,82.63620020913582,22.63689201056488,88.3966900748448,6.881164067585813,296.57653299839427,chickpea,25.452684991896707
84.64402233096628,47.022382702436964,58.43690343413709,16.52842073346477,87.66109160939189,7.409301753423312,218.56400639640998,grapes,17.478818662350353
129.1482732013505,67.95263283580915,61.08597231471537,14.22500282959037,77.86353773444631,6.061159198103676,274.6707995757488,pigeonpeas,19.91966298342665
120.00027446063041,53.69589253005606,11.850914725327995,18.228411286753957,99.29619270530063,7.883343778329416,272.2393523935958,mungbean,21.12599823055553
95.8083412188093,112.05094562265002,160.70285897051147,33.10334956690856,45.83978391055673,9.37699238802613,298.65099377498285,lentil,21.045444042258037
132.3735707374109,45.522887202611706,142.85681635019296,20.143327622083966,97.74280263611851,5.007519291517678,159.36910874778528,grapes,16.952327609567515
34.808860167857176,75.68471399905455,195.35465688192653,30.957408143583702,73.22196062784323,7.374026124361404,70.27099061588598,chickpea,12.13287340409902
61.1028208840115,138.4304051110888,53.464046274145,24.145491141881543,95.6655554293375,8.445903262196575,290.06426699963845,watermelon,19.551160985465156
105.73953833412195,82.71193506619477,26.761478046013117,37.96390219903491,61.66199223344343,8.17223638899344,160.28576016437503,pomegranate,15.458095815600007
27.20261571059249,98.03188061751754,161.94648257280915,39.4578617305053,56.22629096588436,5.349407936355739,258.82125730322196,mungbean,18.209038147537957
68.27915081103934,107.54502708484323,77.29502506798772,30.79225338911461,31.002991881661146,6.12323695001938,109.33232877902554,watermelon,8.633450425328945
106.31453601827363,66.48690319557338,162.3593418129152,37.70428113455151,71.95102723114607,5.435542114586266,239.01433009300672,jute,19.480087157111697
125.09838104618314,120.54412002424804,74.27694340743793,27.004573701568937,95.25593887291242,5.8581839870604835,227.88747495455894,grapes,23.87525264665887
83.84416242000681,29.717586913997675,131.99901404418472,18.74959556184097,85.40728330668244,8.540551733071716,149.86048761149885,coconut,17.350788117308763
137.50796999566933,116.34554956114631,146.50736632539923,14.066346508345445,87.19562712091852,8.179971836993516,235.7210147123455,orange,20.480188553523757
51.03425255725714,50.59026877298498,52.24939354302293,37.25147642113792,65.18545342355975,7.780685220410099,136.33498427588893,maize,10.236063289918324
96.13760878081763,87.7486909268585,63.70559083358992,14.480453509584201,55.80036856866963,6.575988195709546,196.03161335888936,jute,18.565918572462753
49.239321505021394,32.12023191913845,105.45888173875672,22.891024211294795,81.0326336674132,5.71207956272432,186.4595424099324,pigeonpeas,16.430523887096847
20.778570053663174,103.95821004007377,192.49343756274888,15.608060351250293,74.58605027988152,8.232298796108887,279.7319858414558,lentil,20.059807011966416
92.13950452532804,47.30474239777206,182.86555640388806,32.955088289755395,55.87919054064997,5.335515819543068,23.219432271243377,jute,8.596412175281625
82.67473679734063,55.396292544733726,8.207280006129153,26.873468238142564,38.663246625880774,4.900206620457203,231.5397392351004,papaya,17.65802426041896
135.08101323304714,77.13575097576076,201.6032861412297,11.739927174181252,70.84706842061394,6.246635179879556,256.175097988,blackgram,19.63353782401189
63.03747180818297,109.98270364371436,194.27636949761077,21.33454851534715,91.04374019656456,6.468602032660975,70.25849562794147,maize,16.39084649470106
90.57113498167486,110.88128934045513,87.66251228022206,22.606978984043803,36.17977490094415,5.509704322559912,63.30908487581554,apple,15.763564579973117
71.47941327681974,22.09576699123916,96.36708606257815,14.000273909322862,66.63439460934065,8.173110202161165,174.93597694796708,mango,11.922807352598571
100.6725809161031,53.32204497903722,8.517983242504918,17.541220218712414,51.652874195176835,7.584191883921211,68.3240223337962,lentil,8.686033000262904
53.784213340825524,132.2031023082926,87.11705975378779,21.57764291359571,79.06502787546023,4.549416438877307,114.66506605650935,pomegranate,11.230907638913902
125.51917988189884,130.4308294808663,52.737776286259525,15.977256357538545,64.73646217089657,9.001385135638458,110.25942615372936,grapes,16.00307101267504
64.79059508197705,75.80966201680693,135.08765275331734,38.688148024230614,83.53861779719267,6.526283902860539,229.5171048312319,lentil,20.603482637532547
79.92566547849498,62.46957063720456,20.60373980014731,36.77111111952587,47.250399655555896,4.819789484095698,170.41697624550326,coffee,11.568238408170023
105.85411563789486,117.83011126232518,56.98329477154473,19.01861679566926,76.2807988803365,7.977925871517721,217.14791163128604,coconut,21.396693832447124
46.40119736743662,48.433159256573866,19.182694636013537,24.99723870087423,91.17465755701375,6.134233485653578,55.918989945812825,watermelon,12.142267027763529
128.80025775382282,62.204695901253615,174.3401446700802,14.74183900874948,31.5149256225765,8.42445697331925,40.94306143914301,pomegranate,8.724682539747837
130.45292437803425,95.10859165700495,59.19074631602145,13.697611244141772,40.48078949023332,8.41331463448054,184.67081492762821,kidneybeans,11.572080881658653
28.214380331125128,72.4091149969152,38.85724205455789,31.883319649796494,46.62960903684394,6.212362781179144,178.88299035405242,cotton,11.382572653451914
65.35857394519539,119.18704794565414,40.841969912205144,12.46604768445801,52.98504495931135,6.621883835069391,171.94459899823894,papaya,17.102551816374795
56.11838111141402,5.16291300591698,80.94890690979135,32.13296539327716,40.50169256125597,7.024010166036965,79.45001575820021,lentil,7.739415102220152
94.09423783331795,138.2754671224764,67.14084374358342,27.419374010798514,96.75223574255561,7.752416749973437,208.47172464678718,rice,21.54692625386347
56.245863858720824,104.95375925388723,127.40941593155112,22.815434872251153,46.731794576256846,6.345073496729727,185.790019771892,muskmelon,14.76606446276189
88.68254144331493,14.749084236508484,115.57387870515424,27.27216797478042,45.00379155400829,6.855145420521883,148.64362332462238,papaya,12.565157053324711
130.95211885060553,105.75654344634964,27.309981469371465,15.33113383590442,85.09860040576093,8.679256605899772,172.653432145283,coffee,18.206092709731557
135.43791440004077,78.11210126784599,115.6353412273513,38.24803116362123,94.48029963142831,8.92055976950209,47.438527768319645,maize,15.752293255717905
69.12115565947336,97.62074368036818,131.74194868462217,21.479234651967147,72.93004756831908,8.568741477837737,27.359736254529977,kidneybeans,12.131342366516028
49.06168618073036,50.82670760497618,202.07152195494783,21.045040007682825,66.87075115316523,8.741471329876092,167.67978711048178,cotton,16.0329019801205
65.96460205019142,26.775612810068225,197.7374331913302,38.40369330175477,53.52767523544227,7.6987385601883975,169.45092976626012,cotton,11.214362492280241
43.18453818582216,126.54053082201193,25.86701057381648,10.043001959410912,61.58022301796323,5.277166519628696,226.63618703704526,watermelon,14.124687914752837
56.28428405311259,106.41376956606726,37.98933215163764,25.727021136498657,48.84469433800787,8.645978895684577,21.845873494902925,banana,8.409113180206603
118.1448876308567,57.40718881442747,174.73373512374195,14.887483142958722,48.96202385184623,4.7167280996366285,122.03950717387032,rice,15.968594843362958
98.40736785834063,78.08020302128759,126.58401169297596,21.473311151624813,99.12196318720541,8.025106297484294,101.4819024261661,rice,16.889738839812843
68.35997108643227,106.15757352626187,141.7960665120379,38.90180135109547,45.05911584972754,7.258397818763197,188.4940437909314,apple,12.468515787789666
69.66184934866004,85.93328704435923,56.442735750325696,20.603096634713033,44.96846789669914,7.3590499730384185,215.2685172393803,apple,16.535834333615252
134.05306809081242,86.36070809625646,167.95373626940497,22.69354592643191,93.23202672963299,6.916591107761267,180.70469021618743,lentil,24.31504773698385
55.17686123096846,68.02892625611673,50.662085125035624,20.837851872111848,31.53793995617552,9.268846981064137,136.44925969941463,chickpea,9.056048345885644
119.2271880590708,15.65414781667073,74.69906964920058,34.67968368131156,75.38967522401052,5.949791609018934,256.69383416633985,watermelon,17.315115834631968
133.65398038836543,55.194575671778146,33.11582573261646,19.77000196834282,32.13382822179716,4.603839433551956,130.7461981503974,watermelon,4.805202498694963
124.56288094786493,76.60199674846723,118.04527623416614,10.178004902381694,45.08508090836359,4.623870634671919,231.2710691547085,rice,14.82887400859671
95.31496411076637,131.1171772395253,148.67204378287633,20.45639954810133,71.11685166880531,6.053808476862107,299.7618786980245,banana,25.735243662653644
81.52561779115942,118.82923289579361,104.4514474543218,38.699029685918106,82.6870224030356,5.355708248730321,252.28365198176076,mungbean,20.20981300439198
126.19923360740312,42.64247890781208,53.753898616545484,18.912729063409625,70.40415652881703,7.223440467169883,157.59585129440688,cotton,16.118971816087587
89.22930894780552,22.647365253336964,51.971738599720105,20.23366938142943,43.683838445445204,5.250669229150128,36.29537563648037,banana,8.532042118767256
44.74737649161865,71.55563206094362,107.84839358447448,16.248440758752402,72.59992365045554,8.114999797968746,124.67522407032654,mothbeans,13.878353677129551
92.71402076092532,72.37408375275712,153.27899445594994,19.85072056981616,64.52851038735744,9.080755134072007,287.5835190676294,kidneybeans,19.4443832058409
68.98815449863477,101.89051286714937,174.18635713184983,20.697264978486178,46.28371122065623,7.632465659176024,277.94022802975996,coffee,20.176375491761203
116.36232587592399,71.72500540824778,164.90250079241835,25.16623449319873,56.412944201155355,7.9837050010482535,272.1756424865713,coconut,21.165962482402627
130.0380076617683,75.05872941691145,114.09484654763952,34.99148893206973,67.63372205231482,7.084292627686587,273.42353057306707,orange,18.496960572166508
31.15735910153912,15.560629744489384,172.08360094484013,23.1332893317503,30.218704475316013,8.87385681251668,265.53788193488526,lentil,13.411632645870343
43.18831897818406,71.26958510659216,141.3810332921543,29.01558702650627,59.907303736219305,8.996832644604634,165.3937560565964,pigeonpeas,14.901584085882194
77.36219679914467,109.80423233730237,137.22264822887863,23.17501571662978,54.7737577278147,8.271796271780627,110.47953775275141,jute,14.870940175125778
87.72094014477808,124.83662045532009,183.91160057547657,29.462004473361944,80.77738723112611,7.246100499434318,127.64004525886722,rice,20.579864615561
128.99463481847948,63.335253260401316,67.88200527475907,21.653108156577225,60.47783411481197,4.867805144888581,159.56371532179844,pigeonpeas,19.236662738821998
85.84415067274836,125.05652259115828,107.83410934152037,30.504898512942557,35.267361237455304,6.745027896235214,46.57008688203855,jute,10.656206705751995
37.210233468352996,28.484216859544382,14.114504322764061,37.06462565958735,67.85377629791354,7.999797063569186,251.8703825951261,cotton,15.22023905303051
119.93560085213537,52.911702342681316,39.81022227300694,26.554305271208623,96.15153422746671,7.089348095905656,252.93540875346181,mango,22.892480699448207
82.19969444117979,95.65766887147915,86.3360368193317,25.918860672915812,65.51000287034444,8.045551814788865,134.79476941975915,coconut,16.184591193242923
81.31961503212109,16.08080693296187,122.47092622759787,10.940123820301789,37.47004803078629,7.249987427436789,185.59407561169587,banana,13.58735389846562
127.86548486951898,113.29095883213246,179.240207258338,16.421190753098973,71.69854470694978,4.967945660362113,76.63861491102527,chickpea,16.933236219777775
122.05427280347104,120.44840551847585,153.99303969217866,29.002960938458806,77.50389034917762,8.531976466674916,205.4995683411653,rice,19.517125456502544
65.11533225936248,130.5880455721209,8.42441715943238,30.96461743732846,96.83442866976507,8.031140849789868,298.29535670489895,orange,21.335394309845196
66.39974681624045,128.2301874279795,201.106774257728,21.783995713014477,92.04914714644626,7.048272081209391,220.7642105459036,cotton,23.98965862413368
86.8774366380828,14.82267106953866,58.72359141875987,27.00442977606036,86.50146364951763,7.304468219019553,282.13363151225883,cotton,20.113857811010963
47.276288868622856,40.59150421155127,105.81902293520548,34.37367851209337,82.06466511013993,7.454999795429769,171.03709397097077,mungbean,15.818956267245627
54.03236327115592,96.60890846272525,179.36711527998207,39.09428467529061,53.89342205818528,8.482768115506602,258.4286254804982,coconut,15.901007452255076
99.41951476137243,14.629292077672254,77.41117003449828,38.061467821983584,90.38124689389545,5.927714689347667,63.976487547758836,pomegranate,14.879500628229355
53.999328633395166,141.9414370917655,57.63005192046584,24.088866419270957,91.41555319991478,4.900318313301131,249.79264058639052,mungbean,19.844823400192514
28.54401181693978,129.20860399610487,158.16510939248872,15.908235197346745,73.43275812499778,8.473397842156078,269.0853795827221,lentil,19.23957994983938
107.24149456396688,64.50954430624105,189.95718194280272,15.009336466870312,48.7136293688165,4.816121696253168,242.7262682897245,banana,16.776845988523576
109.15823880447248,71.8533650289802,80.00825889898037,21.061720158273793,43.617098243003724,6.737057271434976,194.89795643268934,chickpea,17.55877791130925
107.51023677540975,9.999532863940033,78.03267113560574,24.375080421863252,43.049179864712926,5.1009577072276935,263.6850579799559,coconut,18.354504732543752
125.30981270400407,105.04168596946441,109.84733131263206,18.18451236290261,89.81448293769685,6.902891263443392,193.79830337381654,cotton,20.822028726749654
92.94555726482658,112.26469592578759,152.98625029408163,29.85464793967321,87.90938684103574,7.927033115201605,169.5206456092998,coconut,21.356416257193594
136.45009752642363,13.509457947853784,26.624521459212296,25.18250396937271,66.89768777475442,4.699638294025856,251.23951784064658,pigeonpeas,16.66904831164903
31.939929710793884,96.8626529022828,163.21714430560598,20.647535210941214,96.78966555686665,8.753653422930187,102.49312391177295,mothbeans,15.870517652637488
49.524227145707584,127.81923238919136,25.778270882862792,10.971056020165605,36.186477217263274,8.728215601931602,202.34426550638509,orange,11.745742065912799
99.34290796783256,103.48791546951932,32.35100472267751,34.38843105833864,77.49794208535312,8.945374583733598,145.81409664192154,kidneybeans,11.194367816472054
56.049183054415636,119.16611321236452,90.09828269030865,12.900951566390118,98.45380938134859,7.059679645727599,196.25398390945696,jute,17.45879631754757
58.33065184570454,18.05568176995191,146.51067118386396,32.02012763631053,49.98204042010055,5.988359896731518,151.2900359424595,mungbean,14.394039298106934
93.30063879019204,30.16973633678616,114.27369820522748,35.04802445579229,51.190735725475335,8.663257511263202,239.69451945559663,chickpea,14.680647533742457
119.92677173565758,19.7305863798554,33.20495772006715,39.3196091533893,71.14379238242627,7.0488483674952445,166.48369768035127,orange,16.064092032102707
103.45166257618997,30.369626431969035,23.210770061892887,17.533006711196037,49.945086386758,7.73604567247455,65.0473429677765,chickpea,7.699287843383496
86.52340236107281,73.73044231430517,91.93890286167354,26.99804040850573,31.57128770132476,9.450431872895411,176.10682533439447,mothbeans,12.091870118388695
23.95023041167445,118.74315844088316,117.36277606766174,26.382739758891777,97.04692279273506,8.238223062983865,258.0332830557113,maize,20.846789501440224
27.96214063855771,11.284377620792336,169.53125673768508,35.102127098347566,80.86900589291659,6.26372506258546,249.9512459688758,banana,16.94515463735366
74.9256861797879,94.99531635856043,25.607426195020096,37.13391275656986,69.80229494989541,8.401691238125785,242.44353625799027,apple,17.63192127876782
83.0445535741816,120.03943200757477,13.90377028231999,38.68497051664812,59.69117781041924,5.9494774602568565,168.909981259744,mothbeans,13.872159944598
47.75939747683499,51.76010063572314,12.161858883546145,34.94359702736065,89.4727830557756,7.663551549830963,118.70779835387837,jute,14.917462735166595
93.82104195927764,68.82451937879372,12.762396205369404,11.045977189510767,36.341160148446605,6.26540578700433,21.731226269844246,pomegranate,3.894775781732731
98.11622862889638,60.76974507522727,21.693859036391444,18.721145677131464,68.06087143811153,5.878176850080973,81.94589741701259,lentil,11.888070284585455
139.31595605648465,28.496412991073285,162.75434311309868,31.151334154766037,52.54924999714153,6.153695717829827,177.79444267078927,coffee,16.943404189581972
49.214762932639715,143.35460179663434,195.42477562617412,26.897941615618613,78.92318003259001,8.507151911043225,221.87955761257308,cotton,22.05269670561694
135.02648095394335,88.50385488301966,132.26053436381113,35.47806251314543,76.89236075008847,8.164663110087613,85.56723213505988,coffee,13.601449465511116
88.53111307835049,47.9307650000065,80.7349321413169,31.445287865350725,55.65620424882343,5.6388020154664416,48.514455647943834,watermelon,9.424631307246166
103.6390797918126,46.22030891292361,114.72767833911543,29.021109202408258,71.23662730716067,9.075968557122833,271.516346057915,maize,19.619481411667774
119.89736000382906,42.9164996475943,90.48713391025942,17.151773265670293,30.293801258139563,5.440243765734543,21.136964160325185,blackgram,7.54856678957262
117.13743009466019,92.67009872019634,144.7220444108857,21.187947056998333,63.56477855347818,5.485175432339816,210.46901739558658,mango,19.773167026164632
52.17760771589311,51.26267766661066,99.90928528963474,12.0805501305579,33.68712093438156,5.964553827690363,102.81451673518683,watermelon,9.658760925253656
32.38397742870033,79.62606030440163,24.58767307657119,33.71525143519469,69.66212022783427,8.119839368867584,137.1845882627515,muskmelon,11.133944757491014
65.2818147967775,91.54804800103817,180.6362091608619,23.4986135734255,38.56420258101282,6.387236429149871,58.23873947692411,cotton,11.985539610982045
110.18636676188315,38.37931806934978,5.401409167794808,36.17297072605435,61.06521869436341,5.694299398166126,93.58119225951738,cotton,10.126349590472643
40.439796124384344,83.6596557431158,20.464048934437468,38.48564128535801,72.23197331121452,9.015762556011467,131.40577825313864,banana,11.157193431487963
93.4085487010966,107.01929478654935,157.24230303309477,33.12318064631822,76.44110755472762,5.579055932093291,133.18601163505423,grapes,17.588962900008873
47.04726731801957,75.8134956927601,126.21786811130735,10.293166942584438,84.61446005408337,8.599410656297238,290.3430308790212,mothbeans,17.694534640088
31.59977205988053,51.92143996712489,106.3760888064406,31.982206430073774,43.865398404104226,5.59046064203233,196.84179534589381,watermelon,12.611977264362018
66.68728515423831,110.22687711827392,82.35404172059152,36.961204887243795,42.40556683145287,5.961737121075757,174.3745119557413,mungbean,10.061753924530711
138.71794202110522,32.51144043310863,122.34581568293771,35.28821919631785,71.05909925231478,6.361351290633387,42.46399756095761,pomegranate,11.749398926170372
34.52585314068064,36.02528635348112,80.93080317373465,20.811952153585437,57.42236613236482,8.467606323201622,110.76323282940848,cotton,9.895218406126855
75.31757440320285,65.67715043205764,104.1954933385482,39.61069245944425,50.884754145701834,7.576345801717938,87.06216833128535,watermelon,8.013202238308585
93.10098552555898,127.508254983652,168.51653756986718,28.04686206465701,82.72313926937218,6.666597451164485,173.26577097992896,pomegranate,20.79782392508844
107.07989164280109,88.5487234303322,64.07423654149719,11.551089995220105,83.73165827772235,6.262635633392108,269.1229274799914,mungbean,22.950434629435673
113.25834898753683,75.82967562890386,106.88037390619407,31.759317266221014,64.90371242863985,7.542455432818084,271.3767391114143,watermelon,18.73395503328335
37.40519260030246,7.046363804465958,129.9560201368127,13.507407165267741,83.92881456978913,8.829829767504101,284.52630127949936,blackgram,17.0981257314714
52.36604048990466,107.62444933242583,127.05169103804624,15.099888902440036,93.35937123909301,5.503218414785978,297.08438075938756,lentil,25.26958313176745
51.61800525714837,32.98044161838784,7.798682034092526,31.97103700441947,78.53980614697173,8.461754821774653,91.87559301007826,coconut,14.346657194271934
72.53909739612857,84.50887045827714,103.65843521751134,29.254841979081135,42.668570432419656,7.203549774580985,146.07825520207143,maize,13.109342477971273
52.15957385544364,60.04478442226406,60.985924331288686,16.834308720283943,86.3750369113243,7.691161231801011,178.3321968340701,blackgram,15.555633065985038
36.77323591257715,15.529230649278851,13.977137099344624,14.853885246707224,32.11006563584191,8.163211212212605,89.61195332608712,kidneybeans,5.741230341742306
118.72594565790595,21.052049513442693,172.11880604724254,29.186210516508645,53.942066022322216,5.089036065338421,45.61795525545549,apple,10.888621237671012
26.354696054158943,88.30117903753785,34.0552233907609,32.70196939376881,45.272248339458045,8.48988289669093,73.16695614324297,watermelon,6.8213962325901685
48.21866840101004,110.50706328181028,178.07486241856486,36.35864790422717,84.85715151137227,6.540070834991344,294.90624636099153,orange,25.647837798586572
137.6538678363671,103.55802906105285,155.67550904927367,11.973301102334338,83.43924699544702,8.373617146103006,208.09636338142437,pomegranate,18.26794790693165
125.96692750790808,62.423004105852456,127.8664953169582,25.84699698144875,56.521766568586436,6.439082713054656,175.53020165442837,blackgram,17.226008350797066
67.60903655152876,79.90408978762974,130.65864569631054,37.656363801080474,42.50850666004193,5.977762493176088,293.2210141763521,rice,17.288336639201294
58.09991451134828,75.64092040561206,32.14883689036771,31.214808819425805,34.92314144612073,8.285165284706009,173.11422287559625,apple,13.009975759408633
50.521892143716556,117.87446094203055,155.03326327529146,32.41570363317008,97.00649280388191,6.933085461509962,208.76705135586332,lentil,20.01015051713715
77.54437340516317,72.40036839368082,68.73095081347026,33.42477138481402,78.03370457798896,6.755699497505249,137.41426407164627,papaya,12.570408340981238
83.30311084095183,137.5284444351473,83.24564425669661,11.947200886440095,57.171301357222184,5.228705879369889,84.39709172160468,grapes,13.860414079197842
36.717101991853596,23.876781203309633,147.30116547563907,21.329241489289338,97.290858189306,6.128242432531691,295.3866420894296,muskmelon,22.38774773926256
126.27017473143067,78.05927222933985,32.13002118744161,16.074971488122852,51.78824635046943,7.450833689063539,113.0661031657338,mothbeans,12.124550155521437
90.93860055472871,129.91232039284202,145.00680819297108,14.460531770700902,90.74827477141477,6.007720066444326,147.14132040745568,watermelon,20.314340553113453
66.37881272702175,16.999413081359755,32.86117333455158,10.139224764940208,30.668100480766263,6.40143944751426,246.56586538537732,grapes,13.611961034609896
92.56517526648705,72.12247202318082,191.87513592808415,17.21646544643761,49.18172858269401,9.10368967846528,41.487063848671745,apple,13.238589308771152
103.30782545877646,29.185650441675378,175.52644655430797,14.200770684096568,58.05687110210248,4.876288006541029,172.65910206887204,mungbean,16.367582280904788
132.94659621143487,108.50706742544013,113.22058329083022,37.97851051511002,63.49057866286136,7.306028265494347,186.90758774762682,rice,20.123623405975685
115.04609485403495,31.630898573343867,151.29742637869143,38.66235082237088,93.47685050675139,8.446880386887544,219.4514720915747,mungbean,18.31690077362137
96.06838724577348,95.05835913344143,86.36426641853758,24.79046385102813,78.58199417222947,9.260507678552111,102.68573836348885,orange,15.723740088576724
87.44937650787784,144.08769303887493,96.14267303136567,31.41828133622133,85.4813798137581,6.970502078792197,259.95546559918523,muskmelon,20.548554584073717
64.23184342233907,99.65465005558218,110.80426811190482,21.463254109159806,61.547337803915504,4.564883353251196,235.74707820613642,coconut,21.125274614221144
94.04918360074716,82.48859027006075,22.691148137107305,31.88511479288151,72.14346804845457,7.807383844281436,271.66710604767803,muskmelon,23.05847837015067
113.70983025854312,134.80572764310867,202.98699029259993,27.438481958831787,37.6217131221816,6.795649538877182,240.52832100926042,jute,20.707314491186782
48.22026434740239,123.04889481355536,175.62067498600518,31.98357917093183,73.05925293693457,8.83896227375862,65.72167095931653,grapes,12.92672156484223
63.489277017596194,94.80824591278234,59.24430407682364,33.84490784812981,46.052326521535775,5.294188476910078,239.08303465968498,cotton,14.3900110677925
117.88320526933587,118.95366973224122,174.73758537658657,15.076477004184738,79.4120632759572,5.232516702527093,239.8274425062871,muskmelon,22.8151211892194
108.53812731043351,68.70022659391614,202.25269291055446,27.396814922478427,74.28055549542003,6.340817569256437,225.66564419728127,maize,21.634581407357597
119.65515085152337,38.152247808463095,49.21275101703692,28.266585493578113,87.25854934978457,5.748101689217879,281.03354234805096,blackgram,21.233557049307432
138.76677590656578,72.78299463488025,98.61632421701968,29.348913122355885,68.89443300434789,7.670440288070591,264.71983915061037,coconut,21.84503679738067
96.75220982157393,68.79887981884164,96.55587025312796,10.489177053595144,42.18448961851159,6.942568199978766,250.34296853410336,jute,18.97092726267054
89.018639495352,25.85758617739894,57.505514181858274,20.84018259308453,40.057350544833916,4.729811485055552,265.6047445650431,coffee,14.803210015786053
120.21513960118449,31.95264205477172,146.88055394386626,11.84219749423365,94.32543201773481,4.905374580736494,275.9847853763655,coffee,23.044081748524764
128.89652322062057,18.50441453056775,176.37118427512672,15.334097143302436,90.32493925763927,7.190109815678376,265.8978687835162,blackgram,22.689756464476705
105.34727377646028,104.73520227341832,28.093955035577586,27.107183273374023,69.78528277050422,7.912252100952001,43.9113537978227,kidneybeans,10.989120961711466
78.28896279402251,139.50385504201364,99.7203602989369,17.58488335586621,54.575336712026676,8.925420596867234,287.36725085491406,coffee,19.310756625533944
104.30576966645323,113.36046380736636,61.391665428529095,18.636667881395276,93.42136190435417,6.299160160462794,37.64430939398693,orange,15.58199450679774
134.36624866419692,96.71525590005889,97.9149134080507,14.565121483393888,66.09156636780466,5.288718364427636,131.56636518893293,cotton,15.48883504608503
108.28885398721391,7.169988336644943,180.99713831216727,13.024143546056727,39.83666069260601,8.172462003055255,262.1911966405345,blackgram,16.84249020084901
72.19870866952736,46.294738262925335,159.76515937846617,36.41982635324665,48.27892230913562,4.97548334674557,58.337474807970764,mothbeans,8.889478300953982
109.0139997067644,135.31718441838746,38.10394712098193,14.327539423497747,67.90005760134977,7.5721682741754766,154.44856372068506,coconut,18.82802726006081
29.023141724210767,110.78080733974222,85.29076406075441,20.29071318344171,65.63758326740052,8.044784018814239,179.4171444580546,mungbean,15.592261695939024
22.7707547218641,98.59351938245592,174.02112819605236,20.638812833293557,33.2223195299203,9.433877986927788,93.83551152629875,apple,11.810877610531577
52.41764965929314,80.9418392434566,203.44793274092166,35.68430794210059,51.30760467863976,6.0052293284894525,155.40164152145655,grapes,12.91346855094406
34.37340558602732,27.8651373600032,133.1466718614891,34.40246242962607,54.46321471707185,7.476553759217251,67.78020485058948,mango,8.374025060344799
79.0874150576623,138.21417709856206,43.139705957486946,37.468512762216974,48.097125288740614,5.01361686843426,142.94924527395088,pigeonpeas,10.457923470091803
106.07933444490435,121.76591750973385,7.626674741986745,20.633848608876598,81.99716834041322,4.889914164949917,178.85518027930198,orange,18.62873076837886
22.113980856932876,38.03658079672319,61.95839781334284,13.355798390389673,74.20758368198622,5.711989381259445,97.73345989342874,blackgram,10.379586976150723
136.5278998528758,22.864323164119796,40.0155890361016,15.017013500982262,71.02041671242337,9.08770540798318,91.43118840660273,rice,13.454143825373631
136.57724843243287,137.07983127503965,58.196507875988374,16.79014835312458,97.02433717148547,6.7931424371573295,78.32336246371369,kidneybeans,15.68604777646559
125.50988516933417,27.74708147276648,17.878589293247277,18.075593205150618,72.48617889867427,5.115439267016352,152.04650823750225,watermelon,15.577852648030492
121.84843911118087,37.18174276831561,168.46926467655788,17.04718783393716,77.37365788677484,6.653367857412276,52.110747866027644,mothbeans,12.777173606940414
134.31160988657734,56.180256690536694,80.23635809719036,32.29834776751582,61.94020189864005,4.643050717996176,277.5654837490675,orange,20.74563449669974
48.06412923648516,12.511302961356705,90.85117491916738,33.64615333214894,80.06974919290239,8.803974449300851,22.683152559683574,lentil,8.090766574132536
26.06668514448677,90.41112161837424,130.2512162264596,36.345725322279804,74.0340022165278,5.638572692578712,151.18454375702225,grapes,15.542198265623288
75.59079252734031,17.610340812564758,204.31228390277136,26.545919587968488,79.03342287830992,6.533711935956557,173.36039829018605,cotton,17.76792091650803
103.29720979515783,129.17808109096012,120.18763348235801,29.19089135099683,58.536976266199616,7.87380416858257,130.76181611491467,pigeonpeas,14.863184765324178
134.34434244297006,44.10988525370638,151.3051230537163,27.357262341496714,46.62336865039369,5.810857758708077,157.52288880692612,banana,14.822909397240732
77.77555011648619,96.6787287344779,42.85470003357509,26.005229875494603,52.2583234612635,7.132068051974391,238.6312333550599,watermelon,16.263589535220294
62.506481364113114,102.19879639114947,193.25799007885539,28.77007989774719,40.3887086367846,7.898543146395475,49.37322817780717,jute,11.061834502380279
90.55847739309661,91.08581478379459,148.26159641624488,36.46323271564759,36.17260428685971,6.184296910880434,131.35172330256904,kidneybeans,14.816573627402079
134.72095094194418,21.853265053117465,28.821535957756158,38.045853827570866,50.70403309678149,5.709072095185764,29.97440241114763,watermelon,9.517990112861298
117.04906748253437,42.696444305936865,181.4108808557537,11.648736239501993,95.86696348812544,7.303735389368825,204.45774997655727,papaya,19.55295933029821
58.90809516488994,48.438897008592434,134.56175960438225,11.836345209669382,64.25811096846088,5.1693648455637256,249.5267914593493,pigeonpeas,17.593942408556284
120.88178103410986,115.17435561498758,136.29407877738853,23.985731089868153,97.51214877956588,8.895159859382355,200.44053818409319,mothbeans,17.451398923657333
94.1626734417815,85.56172971429315,83.84839756698328,19.200219150642283,58.49075545661257,7.369557030166989,139.87775651910644,kidneybeans,15.851685744839763
117.59037888140246,96.0236854222738,119.00755775706983,31.108569820650633,52.418106515908796,9.121357617459562,52.28192017561803,apple,10.453861209008117
135.34816446706267,39.39871294785459,6.818836060483853,23.014241095549803,55.12793007809061,7.195445026033969,243.09640095955672,blackgram,16.835341657455153
56.60223786313618,10.020735783652198,34.77744052475335,30.981913223973685,55.67015504640572,6.760382853395603,63.95395063658372,rice,11.560208427515969
41.95972599225186,66.42320905145769,164.91206324844578,23.857578802319125,40.40895228082837,8.119143409114725,72.29515655560247,jute,10.126950131073814
58.49891070300655,17.571617250200443,83.79225506808505,27.933529288527517,55.727236354968184,8.025408154176677,227.60649505102026,lentil,17.55234677881543
94.6227302581491,111.47450829462109,150.13836978294916,30.7609208545934,87.50779026479564,7.7284533422476915,132.67717839195498,coconut,21.6010524811015
52.66625610077308,52.89075143594991,191.14787927248253,27.35535377228336,42.52732719945007,7.818475694561913,297.4134035510263,apple,19.259321004402004
84.40623528874617,8.369385370064752,55.724033826797864,19.32089973817516,99.09619765170143,5.977838692435168,271.04207767079987,blackgram,19.522176797362363
52.73940618971575,141.9548031444578,139.85830111344742,37.95042986862898,88.44965155433752,7.392992453390487,209.10861878875772,pigeonpeas,18.86786918445489
80.93327432834775,92.62125534615153,145.10139913577606,17.592532096642806,86.67054826404893,9.251622694836367,150.26700825038208,mothbeans,17.547201855231133
115.32120127825254,55.24296032525404,196.31751069590888,39.81144424778738,94.120037981709,4.92438372408072,113.29128353888751,apple,18.6171693153183
23.69035286116596,135.81243565355018,34.545661170114855,34.28956996211355,87.62469595264452,8.043526002745015,56.75341910600387,pomegranate,13.02426469883973
69.62202252543187,67.00016334111868,21.45437813524129,36.760767070899206,90.84280047863572,9.489546608951432,183.85127961955575,grapes,15.450563330895267
108.4528376483964,116.15934352169955,76.314608528812,33.01553843197422,98.48893760260559,7.99197122970471,136.69087144191093,rice,19.261080869442193
121.51543432351471,90.04697523043654,81.08889035319224,11.69543873164187,77.43716423376327,6.141008752688087,150.97735419608972,grapes,17.705777529908325
129.41294564289714,120.56116818469978,95.11942582071997,21.633494723391365,46.78458171908332,6.362133755879841,51.09298844173153,jute,13.250168598091767
62.336721111908695,81.58548010689184,111.57712732817393,11.06510106155897,96.5588723960378,5.876878407374723,24.531707300929533,maize,13.558268265863825
89.62338838975724,24.28997289451356,13.344958570700655,21.38879399238134,73.59328346381321,5.059199024208062,107.73179300236835,grapes,11.010765205370111
25.582219561408237,77.77695140171888,54.579394550175124,12.861214236940825,59.673881124134255,9.075703697586974,222.7738850631634,banana,13.991974400640897
29.42220676414429,86.5642437053314,132.99978071934964,10.02571872064648,98.59428231105068,6.532837874503555,164.85609764057966,jute,18.096255177869686
106.84152417113691,74.31294299904187,91.38668467269532,22.309168406797454,65.32372780521882,6.334478309326875,229.6565301101062,coconut,18.635631534460614
27.56827463169571,136.9499901822047,201.9074918268757,12.849325241495198,53.46354046204341,5.072103400780113,253.58407054331136,papaya,22.503497354839638
106.57587204300188,50.774178837824714,130.9118111990293,29.80358332789391,81.36152082084493,8.985652331554682,141.1180597951608,jute,15.6161431199809
58.271085851826726,65.50341572435804,147.77829386562263,10.393663766849006,52.10497684079152,8.399212905096583,207.8401569325947,coffee,15.8326840337556
101.1496174474208,94.72213284337977,197.75582728326071,38.998678304792904,56.44595283414307,7.449209559441091,59.58006496874604,coconut,14.560753199433925
71.9335846710683,101.58348151690146,118.55222445954539,22.889707665580058,87.26787827422137,8.472137360918735,224.94377542177318,orange,20.407400728211176
81.62928825529553,29.842460645624097,118.09725666683399,23.171297814083587,38.921013889908615,6.821663263090171,66.03180544907293,muskmelon,10.961382572103107
48.838732219024024,85.45928840146054,117.12858502919723,33.061876840362444,83.04693139859862,7.853438823318306,145.75655845017747,apple,16.612766431823808
118.32437815212303,11.20337357336567,69.11878141606356,27.15627149412855,80.5028676510041,7.251682488809708,240.1165182894109,coffee,21.06042627790574
100.1947263365239,116.93803280788603,50.512406063973174,15.008620171133366,31.372239462665412,5.640438841736213,26.693498699382946,papaya,7.729811101717991
100.56008373236067,121.44095683918853,175.52448749522338,15.16502936393353,64.03999006459426,8.169633618162432,236.71456695473492,pigeonpeas,18.816675104050976
46.925400071622256,116.40906022937405,201.67351207298904,10.764741670893024,78.30140961206973,5.819789168117433,38.59442028340245,coconut,11.969166809186802
31.62901216133733,45.670454607806676,136.9408964294184,12.955452204056016,69.24597974504772,5.099429354120021,79.25229165782682,mango,11.14811850280699
134.74398440172848,106.19958515454958,170.65660903364946,18.31881690719428,77.86761192174522,8.812190716889983,154.23522417104365,jute,20.6320291474628
139.18052998328528,64.51439210199862,40.18865546499732,24.158051583589387,46.464349516841196,7.306269103972506,55.22315788262483,cotton,10.843604163264976
30.761390799125614,94.98269633784261,36.07407118736643,22.4314950806883,74.03792004363012,8.411145002360616,211.81264919841348,banana,15.680082148542866
49.32385895512604,108.56749028508933,195.12875698892174,14.112233280564187,65.77203457160867,4.784209753407913,77.86508202460035,pigeonpeas,13.276611379182151
86.23690343261356,11.548801026615862,199.8544481055892,34.859497298878026,39.21158539360571,9.108988782517544,146.1927208094528,apple,11.343285492385732
128.4479042823431,16.455265792420377,138.72151845336612,10.422438565146356,74.09359866522071,7.257662446652969,247.32265362521895,rice,16.5218892162535
40.48784913356596,126.84586311865688,88.93898469991943,29.637295425224156,65.28497026996712,8.136767585379797,154.18786501101255,pomegranate,13.743444159763058
58.952384413511766,20.297255589685633,88.397720656701,32.928616955116496,57.648249968116204,7.750896111091336,232.41233553424087,orange,13.674496239377453
60.67108603636515,40.85498846446385,49.48923355197301,15.997124371745178,81.59868509693777,8.937546305284588,84.58157277188099,coffee,10.673464587965649
64.22241106712467,81.88471548957062,153.86099313503905,22.254355934651457,99.97863819598363,5.9897463011775125,293.9095385243328,rice,24.09097710567182
66.10269824647762,81.16172079083537,127.59717241273769,24.045516880863012,86.70886445083714,8.338030097291158,161.44421721588668,banana,19.18032931412371
134.76809353201,42.30537176928837,58.52963247336984,36.6685676707192,84.05584613699756,9.132727707178137,37.67644489084686,lentil,11.563739195330285
97.51663459357172,137.62828641046292,25.07918381057221,20.090203686374092,63.710465735582886,7.853478969269946,158.72647360359377,coffee,16.17555655474741
33.63871628793611,110.4893786072782,148.15753926925885,14.604910054771153,34.123606274596625,7.393589277199343,198.00687296748535,mango,16.004023714132543
133.54355407382786,33.98011641812632,202.80784835115915,34.928685326695394,71.22808122134396,7.811858121981245,201.67124542017194,mungbean,18.670150271079955
21.251267280016947,33.656996141617384,160.24501057440455,18.273178429060636,64.94983808141372,6.059993072045919,278.0275197913112,rice,20.140959626996523
46.868975784933724,69.0849114335079,27.947192252182937,28.09846958351765,56.281578404004875,6.2658673110485275,251.55352562186522,rice,17.974990832968913
122.54061107818406,83.95245795764286,134.81905472748426,19.217267522487223,56.03684704163898,4.911837235764879,259.9566925844965,maize,20.0716475287147
136.05968661632625,137.99452612276482,201.7678017081549,35.993463419027925,93.66861135425708,5.586393893835682,252.68190091713686,banana,24.472259670826073
126.18306757800066,39.60082971189128,185.88098078088964,37.284132077955476,60.39818321308048,4.9719310021008445,223.436774293067,grapes,18.62196040203562
132.88960676931993,110.06921382931351,5.248687773220402,32.968398520664955,81.78564948605012,4.548654800777615,123.48920333185407,rice,14.265397449517991
111.7834384624925,30.67983818574389,139.7469854981303,37.46612199791349,52.67496570960388,9.00205819044309,161.51785942739045,watermelon,16.121248505016638
43.06784054324767,67.99434069160533,36.43256459835,26.770196169576703,76.45992767641357,4.812171420140054,263.9169939030071,mango,17.902590378588904
133.8934464473287,51.073686256374295,143.7878255965635,35.79816240200456,56.632495620800526,9.32429959384285,94.19798154175147,pigeonpeas,10.9377047572673
117.24919192820362,84.5697064381269,26.729755826586093,21.183311373678603,46.988607891901424,7.087327768268632,256.14111608415703,muskmelon,15.53139325009505
38.370178260968984,141.2856455092635,77.86587694571895,28.847212778267878,62.8031214349995,6.840904898824225,216.76842419352198,banana,16.351651868079355
125.82691579377041,109.94208061075418,112.4691176826001,23.861794056838907,42.942817665623956,6.0286873700731185,236.70902395049885,mango,21.640451134959658
81.00165152163638,95.57519576298321,108.36969126158519,36.67680674754961,99.26942972803978,5.079173291706849,56.38737314153788,papaya,14.764005151635914
71.07841373787262,33.031351657022924,168.47248067455686,32.32598574581849,90.17927217433207,5.573593637714461,133.35301483795382,grapes,15.245092357848653
75.43769907996919,131.10948002637957,186.30612642389787,34.65752141766285,56.2708652761184,8.086495758437671,130.68076909949076,rice,16.806685146755175
61.148317226105796,14.935048659974967,71.35550180092945,23.822266517835146,96.8836626346581,6.067052931098125,272.68699097754575,mango,20.777262299023395
100.70136431568872,11.2065151123194,49.21317300944334,23.67050999503949,53.170303518822706,8.063105396741609,163.1249668915687,blackgram,12.13508315793368
118.19210817915085,143.08615163718756,61.33636672963367,19.459760661404378,93.20146007404506,5.670395296011398,173.41226795639054,maize,18.90356326451193
75.60601830395836,66.27133106141912,176.09350582322108,11.50506530496066,91.73736994823079,8.760349189142785,161.78255099730094,rice,18.701438640964973
62.07136067313614,132.59366526592024,116.3335372674008,17.96489691515607,96.99394075362169,5.7215794598434115,273.42789395494,mothbeans,23.956587979742864
64.8480220197761,24.437829956717934,181.24254649310274,32.48863466690929,83.02757507580606,7.76128258886772,161.9721903422787,pomegranate,18.207350694065013
124.03321951302428,92.74772464609303,123.71355134980848,10.929428598335857,49.45260784885248,7.010288234511591,184.44880819771626,orange,18.864356843302932
58.411173089066175,103.05391864006108,27.748603882744867,34.872059386482725,83.27051031301397,5.43153459087137,221.36602689808905,papaya,19.582280668522916
62.55953021179509,13.460294801369281,98.3291601502751,39.838878639746596,50.925523978553855,8.180729858341254,173.38073377772199,pigeonpeas,10.56576175716849
113.82242473882927,44.062824838610354,33.860496482370635,19.938950213820192,70.88300665593832,8.017315821449996,128.4621543514824,maize,13.895082205866704
95.925814916119,121.76096783027401,39.22226666748593,37.92619278743561,67.14816987437106,9.114638825869843,78.16442301649788,muskmelon,9.065298015185226
107.95636012659858,18.135822920635015,194.66531660723248,26.29459371119295,51.44858764534505,7.96695615440713,32.5232285480685,rice,14.348488912087094
78.31635769565708,27.676539887309044,172.47756318837662,33.904363560407624,40.69126761175963,6.319136467816888,48.12027585664862,cotton,9.596411711148232
58.86463400246797,48.403642305093136,154.4604507497178,32.426987025394695,66.24517193363985,7.788084746631572,163.26569526022786,mothbeans,16.08016400533307
116.41082829177954,73.33168680760025,81.28765962980144,34.94128851143112,64.31410209893868,5.7318569931399095,162.05618905022055,kidneybeans,16.30431545634895
105.29927041218467,107.4458452222,40.41153935651407,23.01087751024707,73.42364638106596,4.6303330346629945,133.2857132528472,watermelon,13.771406495582784
135.3349282222061,31.823292955819223,193.67594379895021,22.04314485996595,66.98792883810407,5.113696597721544,171.23008289810144,pigeonpeas,19.693907364415384
111.53081849738942,21.873500311685298,157.55296222423226,23.191859129906042,89.88846433048697,8.194654299930733,125.42549939501578,orange,17.132824224491912
94.16609700024468,17.817243005174454,27.631801317935253,13.253308532537856,80.7049854380885,5.208576041237862,150.96503591205172,pigeonpeas,14.6778016411353
102.16670446655985,77.17278822801273,97.8669747220771,21.934467853667762,90.33369638130657,6.154259024363225,92.62242992689856,blackgram,13.145718700158275
109.47307141998124,67.48895301356765,140.72038460953343,35.569264896648704,67.50318596629523,6.179777703641462,235.47219288426973,banana,21.455588818958788
120.25623693302536,17.81780181793315,16.22739608196315,20.897708120444825,96.95845481323796,9.417430270958011,76.57974027052461,watermelon,11.71596273892248
62.35439978657331,52.19215772335033,156.9185765475949,23.319970622401783,84.59185100141593,8.24356548512523,181.92692043525852,rice,17.744543905842875
31.29295624850713,35.63771437310865,105.71170926510449,35.42596010386053,90.33767293099757,7.581009292786483,279.8892629385458,jute,19.92446397408707
126.6843252959842,68.56913588648169,60.445001484376455,37.49238754301283,57.15545529752085,7.017020544222309,112.08097710858962,chickpea,13.8611081063748
86.41819443011936,46.28965873834377,31.734049772940427,33.15454636307922,45.21917839786797,5.618376060274695,97.02149983861844,maize,9.606889687546332
128.82925181955034,87.67496155548358,152.6521361498082,10.94139064050559,52.07134301393022,5.8372270719770585,285.8865986806038,pigeonpeas,21.12077073845865
104.08068138153918,123.10932179841122,123.96607547179734,33.533844006801374,82.43734729798234,7.3586865558016115,107.41130071002307,orange,15.787106997477164
119.5841266573635,68.16430113560236,178.17721814594668,12.678587545933917,87.5938371055135,5.298212595003871,113.47565641941581,mango,19.483717222335507
132.1875738221089,143.47428203550473,91.67572198698439,27.844758678213136,84.40599640011604,8.181948950250224,290.9804137413658,grapes,23.978856085260272
76.42545453970868,22.75081170253752,21.06738699987296,15.725479991907543,47.867921355813635,5.881326895657124,200.67502522925318,kidneybeans,13.481363002874295
138.29781269762188,40.8878419686161,16.226317604214465,34.46627312257022,73.41610367743293,9.298494002755021,90.62698134154662,chickpea,10.972619244446667
125.85115744987928,64.45592218611569,89.71558580069242,14.83368690147501,48.021429148981355,9.128317881604456,59.490083061856595,chickpea,9.461182825719835
127.83341691610669,99.82502231460641,128.60749611235485,31.166895710825113,88.01755799737673,8.888346339258804,199.93910778620742,pomegranate,20.772794888226773
57.54899996703641,104.1011284203881,149.7044713498305,19.96321034613389,76.83844784967326,5.7933762013974714,223.60864334780283,chickpea,20.745636859285845
125.85707770710331,83.91352631306182,134.3878898161277,36.08850995349607,84.3127957672429,7.650469247277058,295.03263420379676,mothbeans,21.386830993459164
52.56688205195843,107.3752320411383,140.0298838897949,17.291723218141236,71.69814144776436,8.46878826553877,29.346596933692126,pomegranate,9.856404714391122
71.47084492881913,43.464304541603205,120.87272346530946,11.758861012677519,40.47742538993141,8.22898851709362,72.2201633533451,cotton,9.952362457077182
115.15786828698053,18.062164970015502,92.49476455416819,10.69190160991681,54.27651795225327,7.994907013053773,45.22891832082393,chickpea,8.051253286908727
69.02274749166351,93.17339799885647,71.43584998066265,35.10152096423868,80.1624392895535,6.250807659840163,225.6067066504093,cotton,18.505598528809536
31.17151982516205,47.854554422066364,97.66518782333866,24.93970383264306,67.95369514202515,6.003134532693243,206.83270087505775,watermelon,17.870942659101633
118.56825722184887,99.05887566411319,103.2671238348461,33.46808051806683,64.59997179833944,5.057549521847844,52.57526250834974,cotton,15.4206612519671
45.62756101494514,119.22949874307669,54.34108145500571,22.923402815704492,75.8463678468701,5.294335864479521,226.4290167418857,mungbean,18.625432134012588
62.53874609390358,118.81341771060885,103.98646486784723,39.84070389893576,61.998440198763085,4.840001418237887,211.12187838522317,pigeonpeas,18.543147547303654
88.86630408510707,32.19314612093087,123.96166315597829,32.66164231916575,39.68835020069193,8.584533550472925,175.50981011392284,mothbeans,12.40200384112524
105.07701751272067,35.64158892613656,157.19471290633064,31.62865931451017,93.28571959789157,4.669108208595996,145.30019533288632,muskmelon,17.350002370730763
33.7565771596109,68.89396844420261,5.057294878582059,25.193877541110176,94.69707540406536,5.4955114519908665,199.1402560546423,mothbeans,15.3572996224196
136.5016881782011,23.15105606875801,184.19979033618267,30.73721233409831,48.12972513097429,9.008345728161467,140.2025770010837,banana,15.801304724362707
125.78423576140179,53.05495671278294,176.26746496714148,31.049691062345314,83.63208125080267,6.072722472694614,83.76830315353544,papaya,16.981499875240132
84.3646428468951,72.41853548882844,105.29941910721274,17.43060635339804,77.96128404299303,8.02131643410173,120.23099115670635,pomegranate,14.910450887946102
97.28278599626574,104.82549853620844,60.467983587787884,10.018349054667611,90.57629284714767,8.612121922899043,54.493728651992456,watermelon,14.127281993711588
99.20361327560275,36.08612864939526,198.08879737547002,13.738350293909999,63.61450454050054,4.925141081776747,26.346289899322795,jute,9.05662504424647
83.24527961944173,123.97231651232951,16.98094020067275,16.82374331418762,48.156599665482645,6.43345747319394,244.8025842713129,coconut,16.3590283593447
30.175761949561597,125.21036540274775,36.36609113932101,35.936237586926175,51.79330101430489,6.133914229846092,40.70563316351635,blackgram,7.788921195241707
40.94124828690435,93.20698628518214,133.79351985070446,18.434545102439376,98.99626702197631,4.820831090555425,190.20416307762514,coconut,17.002407549639134
127.57249228624839,86.9658040632045,191.89113735255629,20.374784913570377,77.40014561304142,5.5234583731089515,193.13528883838353,muskmelon,20.75152563033579
51.57938301749286,97.82404326211251,193.98818128540273,23.506417928697314,82.45936537808333,7.730351296357291,152.42372179168015,blackgram,15.855094250587165
112.82033234565944,139.71761543477112,56.24338643311801,35.073799827336614,72.54049829833784,9.407518446516098,284.96874477182405,kidneybeans,18.691620889705902
69.05736948707784,49.45813954675586,34.70903030199619,10.131210373029386,97.91645436996144,9.217496148519635,155.42210616931786,rice,14.783468934149145
127.79235795606131,67.71188157953405,14.705190315338609,15.64841046691966,34.66003631117046,5.4436992284925365,134.9492194076455,mungbean,12.323057600352305
63.70014354592553,103.34918277274853,141.51438406135284,12.782313853723881,93.64824958176942,6.934871258008407,130.0245829106351,blackgram,16.687194471152775
122.33673333090823,75.89553865134428,158.28100471368845,16.462657108218444,88.02038012172862,9.119233120963479,197.9352443530167,maize,20.31074413647609
127.43537769876066,115.94828183181,155.17555530289798,11.101845667177466,85.927376767988,5.189755052341785,82.26812933512875,coffee,13.846922547186933
100.16733521944622,138.57589822367535,70.89068719150808,22.229414639760904,83.98028888760278,6.66168972093843,279.29197501929326,chickpea,24.07855858985439
75.15340061283248,45.18002507105579,75.82612726953906,10.867354697996719,98.70862165420544,7.623999610363741,160.1975653382879,pomegranate,17.57813598387119
85.61673554173821,49.43454030865814,153.6771617471919,32.376842166494555,65.01184604288945,4.7257917017774815,41.56629624062693,pigeonpeas,7.519287493719035
118.81716511858559,99.96056480080551,172.8137150835366,31.584624110728363,92.78542343562412,5.251991363066401,128.56762793152456,mothbeans,15.710637154340944
96.56578413764132,57.94155551305045,130.27310839525157,19.149865549080573,73.25427797865937,5.878731302925182,34.27217926928918,blackgram,11.777964004818578
125.98462422481546,140.91174089817406,148.30543524428094,30.48163533205909,69.13021490523815,5.129712081762613,72.98588706579561,mango,17.257165134711904
92.65578322667464,104.66771582655609,69.19514673288111,30.969518820251036,66.87543368959686,7.862399747912534,254.0333130547552,lentil,18.27918457791831
93.62610924029116,12.295586005377121,25.423017789807375,30.23782707206761,34.96563562658236,7.476788899069869,81.60352762238793,muskmelon,7.771805377719923
118.55501417831935,94.44297678491385,194.95195894257094,11.462345660612659,85.4688398028848,7.995385916397122,93.04984545531009,chickpea,15.471783117208902
42.13854525972773,56.97289082637673,109.4486503133768,11.599923695157669,80.04092874741696,7.216466801855376,252.10852481898854,watermelon,18.486338048740436
93.00838731464603,110.41992656070698,151.9241720622313,10.593961903544717,78.11907331131972,6.752770240494634,166.7451909152481,banana,18.83903095020544
107.80635405299185,121.38661770516381,134.25218892644722,26.917216624180035,56.16384783688913,5.189391096159738,288.40175086056195,pigeonpeas,24.96489276829218
60.43797469295007,126.15191221014813,13.693679864742965,22.867871770507524,83.35405410482576,9.265912984554426,295.93311172124106,chickpea,17.69151116994946
86.10470946167494,105.58276567577315,29.37005005168458,30.84649316431866,61.467299218971505,8.5577646533891,169.4049030264843,cotton,12.624781325827346
95.12533645588599,27.228680080216716,46.23296892624142,39.75869112409456,82.71604761089304,9.309859348870354,102.83832625937235,watermelon,8.937707659437987
69.56679478562039,32.521154651444846,195.84336336694136,27.94353635606607,82.8048354783984,8.069043248383895,264.6330217492234,coconut,23.48641287601459
131.4469037590453,100.67972265852052,8.52628178680494,26.11222647709978,74.04532804620294,9.473271114790549,298.8987474545431,muskmelon,20.227656301758433
81.52035838112025,106.60235251082996,70.2722576449234,28.79163387437614,80.32810575145109,5.2134039074059375,59.21904153904586,maize,13.022400810684557
122.91409997219344,10.313068076523408,35.175609364920895,13.753484789484567,58.21528798901596,9.484934504454309,68.54022045918715,mungbean,10.749481564383851
129.80668757313853,128.4870723752352,11.448073999310889,32.55117880537945,75.88259910335006,8.338704049263544,158.4606873428582,cotton,15.65316092475766
130.56408832394226,83.40061097081623,14.022199104078776,22.235888902769858,59.1543288658349,9.327454692188924,187.7751854859103,coffee,13.19099301647274
105.5903637501525,112.80550419549725,132.01021404049783,17.115830534018066,91.18321400388149,8.16059900205315,227.72373582714764,grapes,21.429095840944694
122.96935081119156,41.64940757689227,143.62464243534149,21.997258898813218,58.98946001977072,5.904070156044564,194.8302630031707,lentil,15.979726681506508
86.16853698870807,48.81848554914265,37.11737414462517,36.87651511202641,71.68188378954918,8.624669188203974,172.69659552043257,watermelon,12.251186352694896
20.6759934057659,142.993243223431,201.09232702196613,39.884523715904095,63.361172524374425,9.319044848104998,130.76777091795165,coconut,12.300682443948336
30.2650000670676,94.32151296989228,61.485453268534954,35.98282394096124,55.04572201737844,6.973169315099589,37.786551301673036,cotton,10.295315499372695
128.25277588619753,101.36944793563197,199.20582624901994,25.296329642812196,74.70974072340121,7.381544099445283,155.59292024505157,pomegranate,18.63756338116398
97.34301628044322,117.1837170797662,162.27278732048265,15.73135481965886,75.51144727623506,5.49824009590667,183.32973390825583,blackgram,18.25924099360747
47.584236124804306,45.69817649705069,189.01030137669775,37.33150452141314,41.804153518161364,4.820959279617407,102.07306890634565,apple,9.85277799017191
107.65235532244296,102.80614284155692,72.93526770913377,21.397155658546787,97.06794702295234,4.819023720489675,236.64488634258194,cotton,21.26571454293863
75.67366277171449,39.50938224100778,107.27112849770019,21.545552114555193,44.76232134306939,8.25595894778657,62.10188929403037,chickpea,9.289088872366342
90.69677790532683,6.781819436588876,185.32883555406187,26.369308549729404,90.80390858356722,8.913684194911223,144.59066388582477,coffee,13.016725110670297
123.37908556623502,131.39761798337221,183.31465620774875,34.26220877698982,87.33224145854611,7.363839514387798,27.904694825739078,pigeonpeas,15.92216102621021
112.28737680574051,54.044453622126,79.36986054079178,31.722292653712096,64.99884721233846,7.35285354565194,219.6136213021545,maize,17.072964053679023
125.14492716651677,78.6149478782368,178.3567555876692,17.876070864877722,42.06351618276984,4.590083238100648,46.28210472342204,orange,12.951457618226302
70.70400258619722,44.791619089255946,185.82158109152715,15.542949652640708,77.69559029063917,9.12322356291207,170.82758871192127,chickpea,10.880926987152968
120.14910379939437,43.71984415996197,98.21315686374712,23.775981501861608,99.6698382199211,9.24589010057883,187.5761097992817,jute,18.08820220363297
51.03152463568126,55.926617697443014,179.6423319386859,15.118973711901328,45.382284163967356,6.246923458349135,279.53485282294736,lentil,21.42243209172306
42.622653333016004,36.192075237187225,165.53424406317583,36.80446114959515,64.51529591252014,6.284972637296283,246.19383822763345,mothbeans,17.47566000404668
24.904877298275977,54.103725843593494,141.43459564720837,27.210394608729317,98.46471161923559,8.830576891126451,36.72675360475308,apple,11.405382114486525
94.06695033096756,75.42703628055776,175.589910867911,31.260695804295036,92.26885801514047,5.908018745515246,117.47570688648858,pigeonpeas,19.66750649775009
31.771323948917775,141.5686697663478,32.70135556503184,20.226571734075534,52.351022422873,4.873397164083548,62.632836431325465,coconut,10.071587857234114
100.66894320758628,144.7228720748732,32.74758224535552,15.739765080713703,40.88595508060823,7.4453005708298186,57.88430022552563,blackgram,11.338478866656512
48.75825596193138,135.52926570617413,201.3042029152588,34.44093538360046,52.03486710689674,6.517437376402524,87.84559142659798,grapes,17.287929977805014
98.30419579291573,57.13756016202177,71.3492983362125,37.948099678218256,91.0060003405059,6.861793100993836,118.95607806007958,chickpea,13.947642494297694
57.74029706651393,21.716452515355662,67.03044246030527,23.028879463516056,47.87879631878957,5.584068629188614,21.719245546115367,cotton,9.991231376483068
46.42963285176462,98.17476002380195,184.02914736491354,30.560163457640687,58.94439040455761,6.307777479351308,226.62544231932972,orange,21.635746326857035
94.12474656736075,77.56967068318562,157.25316721969068,33.178941656324255,97.19546776514102,4.785087720092694,30.917037549103938,grapes,13.622680047063938
110.14762266896986,44.46512788390654,48.813364371919896,37.783985163197016,70.01967563709253,5.023447841418273,74.05012542000989,jute,11.485824787952078
65.02342301214546,12.466170977552022,31.70579466242802,16.953891713678633,60.07209899173529,8.074185989683546,57.15281131123685,grapes,9.693704963187367
131.78931836222918,74.37546179958817,143.8448978365451,12.078779483999265,82.16061574687501,6.189980156559614,118.38052401289863,grapes,18.17018628331666
126.8978176833902,121.34647463266751,100.88436682254995,17.8372399267487,39.59699627591831,6.939900775416296,222.39684509612096,banana,20.09871291182882
74.57957269263797,113.51998696634743,43.60774825875551,26.870089821753343,35.223333889809574,6.240445161258416,83.24141085420769,papaya,10.730894546653147
30.64893998301369,38.43928495154798,182.53166569245522,19.98821081266574,43.42596902196145,8.077777478975475,109.339531363232,rice,13.441989647491042
38.689971175873325,27.990896244339904,19.177101161825224,19.597409054209045,63.145601141874515,9.489489263771084,140.67813577908748,banana,9.933151818646474
44.75578846937151,70.5558272348901,160.9283644832777,38.17885820850881,76.44490412638628,7.03071624779149,90.20495370336691,banana,12.701848279056072
26.35745519631163,15.974379775836189,9.152817944892195,21.125022537819685,82.20607341362074,5.363776969953614,189.63883114749083,blackgram,13.792192685841934
70.28660607069071,36.25211486053064,37.62618299635427,23.71046107817445,86.04742050111048,5.956762023621948,163.50633898458,maize,15.211977796026972
100.90521924651772,101.07304393621453,135.50199855735062,22.468044005940037,37.011970504100326,9.055847922575106,162.1646699234267,coconut,18.247201243255393
63.21678393080075,55.62798430763677,60.15404214344735,39.41890375439641,90.95474240113384,6.083365024786081,105.46413250195397,rice,16.021998897462556
33.46382773646769,121.69483939529601,121.80383597356918,14.384960614355117,50.80045230822941,6.911807082323698,213.52960048167844,lentil,13.00309286566536
93.481981040429,56.434765427217094,56.56389541736357,11.192991106888492,79.45964381741089,6.36078714097631,249.95116585805414,cotton,17.00568996297
78.73599881031845,128.885267884195,123.0271513409104,17.219344405431293,69.77902980100234,4.52000837967351,107.47126492124137,coconut,13.075589978920615
100.86782454328642,97.99051611904353,124.5364256055615,16.087776571059646,59.97754901819322,7.979473257316894,170.43063616093482,coffee,15.548338267639094
101.99834906152431,72.77645434023097,186.77495524738652,10.886583728248556,54.14544551606737,8.616918587520294,195.92091848388998,cotton,16.993552664563776
27.63959998892091,14.217283903002349,13.548921304921798,22.274362656221115,80.2884394388852,5.518612309652577,201.01118572083385,chickpea,13.037856738230092
102.18420080322169,70.32590719229759,72.34331945601902,28.57454654722982,98.44929611296398,6.634207046844891,129.6858269598339,papaya,20.251822151835736
92.00053622111375,90.473157808316,107.36747282955365,21.647203519848752,62.02206291434823,9.44770878560041,229.90718058948124,pomegranate,15.37060460242264
129.94985639391618,34.074450770274936,112.85965276685225,18.33874471392955,64.55042070705275,6.683156604470801,95.33429542253599,cotton,11.168267129557968
135.7324079810002,29.15069257788501,53.33596314143453,23.910392522647236,85.81861082387587,8.157877388141667,68.85048493202913,pomegranate,14.87595257097808
79.96287234633444,78.99212396236646,143.3804628167242,31.336214822020676,56.434035609810124,6.567702613717444,124.63520752614245,muskmelon,13.096067810179878
120.75261910819691,21.656592320580604,27.546106425905798,12.406533966020564,89.35029028333314,4.903524474640815,295.36936990763274,rice,18.437977085091187
89.49502222446311,142.6890488119685,88.52104946047936,16.361300865788788,66.50790144354598,7.743993122894443,108.25003474444891,mothbeans,12.489149770746625
137.0137408454871,130.57483703948637,63.31707470243905,19.80171049433795,56.007885711471204,6.472763891968227,48.08945977411824,banana,13.745914581364868
131.23287477441306,8.420383303076335,202.70061398564124,31.300681945005536,66.42745581950736,6.447638041862767,165.1850771307196,cotton,20.211501028484214
92.91655936209582,68.45245217500005,119.45387046835549,16.062473882206117,78.23520339048954,5.434403560252776,176.02933138191193,kidneybeans,18.175575367984354
113.0399871907055,28.454268362598715,36.23929574676501,25.743940411597904,71.74385355770721,7.661705203664541,228.78873176665792,cotton,18.530129866529357
44.356329699702,125.7209541375896,73.50843313187018,38.39525134875824,35.02235749579996,6.931043442599213,187.19482560971377,coconut,15.378262233610393
22.173132474554667,90.17160269747302,103.29564688368929,15.880876051105231,99.70237589416708,8.985810974138076,101.90215460813778,jute,12.368583695257481
35.10768244459844,125.15453778390884,55.12239718262643,20.84360975151902,74.28505454129373,4.505146577826833,152.36961202888278,pigeonpeas,14.809738461736838
100.69212823548116,41.57278814255982,69.95857415766315,37.961375087158686,77.49708918058596,8.633185738855028,95.9112933419203,coffee,13.239719790255059
116.12911042993926,137.02165934904326,51.46175527643632,11.461575145472437,50.36326041182485,6.495696543141351,195.0447458684026,pomegranate,16.20901851880005
112.96121220481449,125.26537173648194,145.19640120436537,11.324681473351937,41.03439622017724,4.854945955756932,22.76628985977584,mango,12.18404294381587
111.14667242081995,86.632984084965,15.915218389935255,12.531566440283452,44.22095417329932,5.21576311424513,112.22401710044393,coffee,13.880862368283696
105.93620757842835,107.71016913675932,191.71246232054665,16.27213855901047,99.61958977460037,8.367406016892708,223.43979833178224,maize,24.643009656984916
33.79432607809676,16.85718962213761,173.16673818281717,22.810474493723653,61.595359264066225,8.738965450065152,194.00066853702072,papaya,14.839220228084152
105.28041127298778,72.98563218922791,194.99278256740635,31.420384037448038,37.22068625365967,5.3077072996963475,160.48290109933126,banana,15.386367512501478
92.45609216146268,79.16149255321344,201.49376915733876,32.43015310240474,70.30333186013618,8.754063332350611,63.42639584099865,watermelon,11.611494818792654
52.595914587206714,89.88164611458913,107.74945811415148,14.345563306762802,81.74893456962397,8.518921892629653,289.65204627038,rice,21.71559031341243
58.50380540287637,103.91851400521972,179.04833164940038,33.54319609427153,67.14460796659566,5.012210581163267,218.734839503635,papaya,17.98082350158004
31.088171903684596,76.16324134584394,92.67113070406327,15.221509911596893,42.23655256426303,7.630545368596964,128.39397491735212,orange,10.78549537377356
108.01297925727897,13.840888266960885,123.66873143769435,38.58460185350745,48.346572802596754,9.044136070484669,286.04713541366624,lentil,17.47982364325027
34.37989360476538,43.51783731310662,166.64228953004732,37.02053644862835,77.88971518611399,5.024129247612464,166.43783753333074,orange,14.139459648464848
31.035748078101626,85.55343850539187,200.61962386314264,34.688509600666485,60.5087747254187,7.183104514274793,98.2678079153093,muskmelon,13.496203410557985
36.24815212660725,66.6655103369999,145.47474802120817,14.059282080629131,71.84895469964842,8.494762562084528,186.75369096097785,maize,13.585129280851765
69.7160494197193,75.29793340998748,109.4167618324553,15.822836178688156,78.264240942887,9.014883618087282,65.83762907875732,mango,12.614003726988761
35.910331568595055,133.82567642186706,77.47331637428813,19.200918111609948,90.05744023993036,7.522014158554353,67.21811125965561,coconut,14.25293069303018
124.22907584449446,7.822593496505172,53.70125214771895,12.700238213378158,60.94581120325444,8.949800608076592,150.91127343472337,orange,11.911586218915655
107.38666512890202,137.75411986237143,89.92237215734055,20.277040738344375,77.86930456921814,8.537785707388952,73.60468167859608,jute,15.76182180899604
128.1246197280828,127.78540806606263,14.36279144684551,19.1109540738684,61.03240045353561,5.361324071778941,224.3995270771917,apple,18.05682026478567
81.81019312611613,113.10459579951394,132.5561304636995,28.93177994554513,82.99672585818239,5.63510412776756,205.22539890707702,watermelon,18.12209030532312
28.370418238440706,33.29996487407394,163.80074784097852,36.87792094241371,49.79752680698638,5.4518046900284105,27.482861188648947,mothbeans,7.653130155810163
59.17931931959019,99.2149842356542,111.16158561808324,21.56272534259933,40.43628381101016,4.61069581471073,81.27370972455392,papaya,11.78914547078572
114.25340370226873,20.749714093943954,149.84564746136724,21.56976069328248,35.136487282064316,8.563650247157929,182.29655966625174,grapes,14.97121737878945
27.29795742197597,43.94154835705882,204.8965408047705,12.98606983332448,65.44879149155125,8.746668773072885,104.1825244414459,mothbeans,10.811894678109981
43.48560979139182,77.24865513053679,187.04543985648945,11.306397335301261,83.60628616216215,7.3623661396935445,139.12575263450873,grapes,15.513060500473946
113.17583173717833,32.289826283738336,146.96121778079802,12.253853249314554,52.25740495407754,5.079037551577917,285.9839299285112,pomegranate,18.234617373393267
55.209309202327404,94.55299735057787,88.14557985590608,27.83795361846934,59.39900589191652,5.264978933390872,151.43949046450837,muskmelon,16.308299382870228
46.24044756856017,98.70569778830034,62.19213589508949,27.987869867804722,97.57439126734151,8.466214910006169,113.21278530046169,grapes,16.44671949659112
82.98683393061808,34.244744794076695,18.413125708275132,25.088018112497465,64.96935091544465,8.034504508378603,228.53019405453338,mungbean,15.090441752162524
25.082318106542733,95.73135047419849,28.54061245502932,38.39208475066301,90.50370777772785,4.6116441527669165,238.99688284819976,coffee,19.220160221485397
79.44430287612549,89.36882814534837,140.6500120926275,36.5337242668154,83.71503627299218,7.376889096649952,250.89238500860236,papaya,21.821872754055704
90.55306860659175,51.336649721245976,97.41692092497935,12.343642923692325,55.014408416521476,7.97914257681076,286.90048854173216,pomegranate,17.225014783306307
36.006606718053995,129.82180360650358,83.4252005602735,26.78219237073692,66.98044735898164,7.579895872052225,283.7945278521011,pomegranate,19.55257880575315
27.57262698304141,15.470343030401125,55.35175975775073,15.340478416645787,84.20100824461056,6.108420233335172,245.31481981115311,watermelon,15.074339602950785
121.96598216254637,96.96754184607563,174.026705104099,12.479651853694632,74.43749222708874,5.582610161175026,52.49782218218873,orange,15.189253091772816
26.70659219036903,37.6623202581608,131.6042439076037,17.796388793494206,43.31679186661593,6.79401157679146,191.80745925543522,muskmelon,15.30334184282514
105.52118775310323,132.63582099898383,182.0121752407229,18.451887743489827,75.04748348000116,6.468527114645022,167.15224620872152,papaya,17.802784731186886
45.00107215052134,90.07049365660605,156.79196308855214,22.892236123698236,98.43760617428481,4.786132037057342,184.96499088922005,lentil,20.60883807293338
124.47973731425071,8.240475143788933,68.1585432671645,15.54083888482616,95.20775311102726,7.84740502445014,275.36847180638483,mungbean,20.419796715417185
43.24745434359072,36.20864063601768,146.71866152440057,11.213371843690021,33.59527511229004,7.540714711915751,199.77600108647383,blackgram,12.842223266305949
64.62566055063095,117.83228441998145,111.72491754532352,13.163968900282583,85.79695149471416,9.265338931352291,36.81016764066043,coconut,11.8098187438836
96.33737701270783,80.13637766078821,154.82970473618587,17.052913458122568,91.48641937869196,7.157076202040272,188.97980259207623,blackgram,15.95284203177804
25.68180856958832,38.69974016951729,74.08872189210282,34.99435911587276,55.64748667003637,8.273108913828032,143.04383876273653,rice,12.113812204284594
29.556439653600087,130.70137047188,84.84297487728223,29.59167723985201,42.99302834944774,8.619585139137445,70.4541483319648,banana,9.931712644004598
59.281464967881995,120.80867201214294,158.7968000352813,18.449073800603703,31.001524285596428,5.0908131926697475,265.6457332873761,rice,17.141509723770312
132.52849638745064,114.079215951664,126.1157354061523,17.280140509954137,66.80235398666824,5.667559292966323,246.2431976270966,kidneybeans,22.079889717223
130.0757656994735,47.680566708932,49.299629068597255,30.954424291845665,89.73819055266148,7.661393836717621,91.25517114758885,grapes,15.428161284889512
80.93840176289628,122.5151559567877,178.15254597936553,25.66781213587048,94.90836280555462,4.8236888303824035,51.70322183034091,coconut,18.887858291580354
62.48790341523004,69.99152326648783,70.6158435794333,22.14175934334807,87.58524430024096,7.467380999271523,299.25647379937953,mothbeans,20.20464036795454
33.10036421051466,96.59289954644684,126.40000019563384,24.183299369405496,49.47642358648993,6.519782499965147,245.78956412909315,rice,20.22799571357725
46.29739618790964,125.76653424632028,183.7515016554093,17.68393272886346,59.43572506535726,8.672978693141586,235.8820828107679,apple,18.691458094685544
46.88991098936039,98.4719012821771,187.60692761649537,23.1098972721445,51.22487291560325,5.853709067447456,26.637468011929613,pomegranate,13.78481715709465
138.5883235825798,119.13328025950513,184.49494363305166,28.63492288826518,63.70124873379256,9.452285037018758,145.20539097887712,rice,17.956248439552603
50.29631570255354,44.05094320927628,194.8264305833329,20.77830747293679,30.252296792180104,8.408406039798098,215.79694269390924,papaya,15.429970225077206
138.1885098961895,90.12871994271556,105.15589818812029,21.466578028686733,92.90709288945465,5.719817407092816,100.01529206157252,apple,19.042446102344044
59.37302733278229,66.4603104486008,182.32262857432423,32.021713129906004,76.75173569509533,6.856301054408667,20.51238520191136,mothbeans,11.412711051197995
110.97661538111451,9.722215044080658,115.23292029473053,39.0857968191966,98.68712204776735,5.908762891708703,143.59174550249952,rice,14.477581859616604
37.48463029870446,5.576774434973782,193.17142737348067,34.877574745613735,35.42328900805713,7.496878050335116,85.21150574378521,apple,11.533698593096144
122.80325639918773,69.45332255963685,170.29987246020156,22.693164438289898,47.66149985310466,9.41707557633214,105.08851903183012,watermelon,13.323962178451538
53.23571370106487,51.678757372148674,30.261985324410997,20.348203132652266,77.11985579977286,5.860775075481339,21.9110030147376,mothbeans,8.782866629559983
74.3808834762479,84.2898452388993,141.76502087160395,11.853530326863103,62.88263617096088,5.831812313420092,285.4314783524593,papaya,19.459786887687837
94.72318911439706,37.31364239039288,189.06671233445348,27.24737752533701,94.40110438972047,4.7320217928957735,115.93118372921255,kidneybeans,16.5977159263738
67.8185226967202,14.28558558732946,50.83698218555705,36.4919742426605,87.71361863784264,4.932662644119585,82.70564254282743,watermelon,10.870658780867947
61.892493853949716,137.21567730141982,146.85241875590003,22.653964578535927,59.85253601589385,9.093420889716487,181.3933141619097,coconut,19.655680259812204
99.1545642170625,51.21787631002803,136.35167915159357,17.343383939822857,80.48447463731469,6.297947869599645,241.33475585520242,muskmelon,20.41632689862702
126.93237730012433,50.0010043429824,86.20115465641517,34.252068993926834,71.65819915772227,7.2395722183832465,279.45975090936463,mothbeans,18.770523885335574
69.63541017318249,93.69402040453703,175.7062886199608,23.99915091859258,90.53609582727474,4.96899167479525,202.8635821580677,coffee,19.055129018515963
55.58413152257749,121.74717234943269,38.16599520789876,11.594487765188436,43.41223502629726,5.838686093872823,99.04709619917789,pomegranate,8.290434986689796
115.96579094334655,34.930337777228374,57.329802648920065,17.174290675044606,91.9198821903579,8.370651905309252,40.880586509994586,lentil,12.26788089348719
94.73827074298367,25.59684830946185,113.74779123278573,21.582038003551773,60.97760510441054,7.118002865296187,55.95092810463045,jute,11.513335865278316
27.61394730519243,142.15353825913587,28.70560576402523,17.755742156348635,92.3905048692378,6.913550231195709,57.97841642577649,rice,12.552294565841837
72.58729934589199,117.92905704153637,122.19383573997911,28.190359164538354,44.040882105826824,6.219469216261833,256.66778907543295,chickpea,18.46350876039721
74.1264806907749,21.37236600903126,81.3039720611981,17.00479834929252,37.037208555035335,5.0514353421183245,238.41999158113396,banana,15.515054488430456
106.72889213259457,139.52405809149633,85.9891561597723,10.758742269688993,72.20274376124848,5.948480102993859,141.22519393471262,mothbeans,16.43310923794278
32.59071743295724,10.685024023335046,199.7158715521092,12.405764843347132,57.03370746371607,7.749853111252774,266.41586853354346,maize,13.258994920741316
124.8679241001739,109.90510402165285,176.62327663984934,14.854268784315977,78.46883712582388,9.375508677094286,191.33588970643385,kidneybeans,21.294180560536507
139.49364733617614,78.96530141817296,173.01180365524942,14.48084342291294,76.6267352430545,9.063088491019318,168.964989351343,lentil,16.308764937883755
62.58610435122296,104.39371473217614,40.72428140592039,13.183145671462228,57.085767872362815,6.793268082045689,195.9478146209014,rice,15.244862376086298
96.8829521140041,13.77409885827522,197.94751192039357,10.67864671381302,71.2972452533262,8.38183730899528,240.61096765252242,coconut,19.018519117874874
99.39258579450916,138.47405015434012,54.57255931106073,17.377797835947515,43.03625433349497,8.119933749868752,118.89298668797522,kidneybeans,13.603913199174556
35.95427249191603,24.55942669088217,14.105099959948703,26.239865778094114,85.57774082305451,7.55205601846833,180.98736795479974,kidneybeans,13.243940492467525
87.38588873634541,12.855606992763626,126.3777363494415,25.904915317042867,66.45361874972801,7.920821935288902,32.44785203947171,pomegranate,13.13208885574097
100.73488513592362,74.64113149322228,148.6784803567692,34.723123715656655,45.73121509201886,6.180652402415728,82.64320510091949,banana,15.219917582164289
111.63022551637907,14.846309575821543,101.6619022419666,32.262125730987414,43.47860187482896,8.354578230177117,66.7075019392081,kidneybeans,9.054658227675626
76.27226875302051,100.84936646083494,188.4812916738377,22.25264570841201,46.3070268775941,8.835820483088384,65.25266146933788,coconut,13.634224263359943
67.15281533808805,103.2344883778673,8.304545957305315,14.384640468226408,88.07799980894575,7.727868184365856,121.97451636172752,banana,15.52984993990052
132.33040830952717,122.94872096494537,186.7636525603373,18.8347814501062,70.1612080675533,6.107247590211787,91.94558324263734,papaya,20.095337056613012
92.47139412623719,102.1147851032691,82.8827085098208,10.87262855766923,95.16810399699911,9.245638404582031,285.76285493745434,kidneybeans,20.921116891713286
105.51937235764439,19.093294112708023,93.87750632242846,25.099023267748855,83.03648545895422,5.944123252899131,93.97280031414758,jute,15.936283734579979
31.18537649298435,51.785737932565745,75.19066494547592,11.548076293269405,38.33660311307285,5.465826055608855,254.58836542683161,pomegranate,11.347829228446795
55.84410816132647,6.424500362497452,144.12554908060494,28.609092701301392,75.14875834371992,6.371913923573094,78.31498995491933,cotton,14.665998679343659
40.65643681898363,108.78205995872761,155.634694349925,39.168958381040085,43.31305688371349,5.114633940763225,58.86109744608403,mothbeans,9.928527878831217
83.41620074094494,141.5296048163812,122.8862966001214,25.680641969399286,77.13493612687097,4.8696519537907825,248.2991575621024,blackgram,19.382415955460928
121.7540689672899,26.15402228444381,78.42581788738399,13.747117159726088,58.33824937896577,4.698306524871352,96.31383061726072,lentil,11.738287561856108
76.50308204725268,98.42090544192112,196.28141742198338,29.816681338036357,70.74671525977791,8.737797458327488,196.98047095877,banana,18.561159349670792
121.41348956853932,142.56229361725212,143.44677492908414,21.346687165181407,49.66024666753086,7.816589218372405,294.628643098685,pomegranate,20.88685126898357
38.585192455305105,54.071422413546436,163.44723344885375,12.541024440439468,72.02370608583591,5.1781580292213825,141.94908363322895,blackgram,13.455285163804188
50.64768489973342,65.98677378779291,108.26319776982358,12.901595006533887,82.06338719770231,5.046769666774865,133.3769597432656,mango,14.08046718530122
76.10844339359562,122.88217276059112,73.37626441122299,38.72908881995306,44.66279022636649,4.6913207249465065,264.2794320373172,chickpea,14.934106593357718
41.234356315982446,112.79553706310064,116.09392420206781,18.105833784909827,95.61670825958026,4.56386855002028,223.26241991994095,lentil,20.128037979220206
74.30655943382814,10.14456272729758,57.087046684700496,16.39368400316675,90.72049216247466,7.4943498861342075,233.83126812592369,coffee,18.29695388099861
42.352061877547264,61.4633843190076,99.15988298716161,36.86084628557755,69.19583073256734,5.9609049970900845,227.93759920290583,mothbeans,16.904162083333457
62.31739058685178,51.347514992615345,76.1880950799503,11.256580913653062,49.53123786357565,5.974281563501178,262.4441735770855,grapes,15.417958729849019
63.23284636796127,37.96255557723302,191.27594385419067,34.64667101373978,74.67929335941012,5.183916719602597,60.57447531372845,mungbean,9.076525119735999
26.033944442537425,61.604353906056204,201.79551548157215,15.470404176331684,66.93937045070805,4.542606981607893,54.168824250003745,muskmelon,8.535264732661423
26.91101944998183,28.670052357947103,155.91943971155845,30.66679324097342,39.32530158280863,7.010322910007838,238.62809670388276,kidneybeans,16.210327318788067
32.4306385558435,131.39179265064035,57.90348199336987,15.118108231384804,71.24792510318721,5.375155729090144,210.316425703931,banana,16.025989790704465
102.3220083175946,89.36627877085672,110.0412138914177,36.71249422465114,30.22171198968802,5.910558030517988,170.71762707255243,watermelon,13.295160576295196
79.34811494457709,72.87846617894854,74.98234164399352,33.68025686175415,36.96708486647929,5.52509612436045,20.44877529718189,mango,6.203349741437535
102.76264167947492,72.06377425660273,65.35151145004616,24.03497018115227,44.674092156594234,9.125433162430703,35.11233711425564,banana,8.614267015379639
49.992930154227125,119.32713126132272,98.06256518156172,37.551865793771505,85.240392161381,5.935540899220034,256.70140384254364,apple,18.293570238222443
45.04404993701712,61.7834694610129,71.8986668023102,20.320411248135674,83.23195075519064,7.421314636363968,30.66595924506799,banana,13.910399276948423
129.52149834942472,96.6183133392817,130.03236227361964,37.12586908203305,93.5085556416134,5.177750603132447,60.62114111436283,mungbean,13.724917287312177
136.33502801848493,133.614244160915,81.15351443154397,25.46267344020739,62.62835934874313,8.91099889308735,212.80852536851108,blackgram,21.119120421326716
111.2651581586968,138.14028173726228,134.19613563915365,30.326956773246284,37.202037172543584,6.871099735819504,268.2915137043005,papaya,22.037075009894462
99.16933139233525,83.87082665853774,18.889565210880185,27.875046907021673,30.952990307927063,6.124937047785431,281.0419212444868,orange,16.7284515040328
55.959859436595416,101.54104184373284,89.84418439054822,16.880097157152182,60.11055270816301,8.856484916112862,39.20985823118977,coconut,10.76824147091272
43.556935987448966,128.79342431185182,85.1726358972761,34.98271167613113,77.01658848625866,5.37970816239131,277.05331956680556,chickpea,19.48589796934754
60.30198417080055,11.285036012418894,143.44321236889547,34.5672134061238,92.12247464997641,7.245640904846676,285.0226715303623,orange,22.68868911951341
114.15678973627189,96.39597575108027,91.72401706255317,13.363304625652589,79.68160347678648,9.463686522377435,226.29296652498797,mothbeans,16.472318221096117
79.55119736502064,91.05052854760655,142.93484022056862,31.591775068021256,69.06759088515668,5.616801663671201,283.8161852134331,kidneybeans,19.375768031610182
21.45357393198698,51.527678402125275,83.70288402608996,23.911445372918372,51.11789355721187,7.834611292329367,284.51858264322743,chickpea,17.932493431393098
99.72720977708201,75.96376926019501,170.16302528833188,35.0781156357569,88.07011369737864,5.289229689346999,27.12105558134325,coconut,14.750793494229324
99.90278528694526,107.9483450539883,59.355754841660264,39.79024108852493,42.8215958145721,5.572469371946912,100.89811290843711,watermelon,10.800135243918028
117.63485877658896,14.996878290810614,22.401353462126234,29.794303444041887,48.13756047147109,7.7876351734855325,60.495250407788404,apple,8.621071550300128
122.56695129421227,25.97968888194121,194.18557225921515,25.224230639902224,94.84897150085884,6.183963943629065,220.46849315903117,cotton,22.63549475830698
80.52469917669826,140.3961864319906,143.42107956278343,17.53956905878946,93.67738453335592,5.970148690775522,124.04942780423976,watermelon,16.721189577532822
27.951209967309403,49.096108077101775,68.00415064293816,10.260374750129825,30.670671056924647,6.153791436002217,223.7345477437795,coconut,11.821803964872263
48.682117604781084,89.38677130410396,134.4755191118983,25.67709768474997,66.49477826307756,6.348739365313197,54.55042185090629,banana,12.013811404082603
122.751220251993,57.5525230776539,146.94705557993703,34.354911324894054,44.82260596115573,9.008250884398592,39.72458269022097,coconut,8.711558853390512
133.65059897032341,15.466098541049245,13.616843231372862,14.696520247835672,74.88071902021096,6.494964583351235,251.15466623695215,pigeonpeas,19.95284728621518
113.59055798429544,134.6307393322338,148.31449172056335,39.18864199068444,33.532792975712866,4.686113425446976,270.28042969810906,coffee,15.885521238585351
90.63291028326265,41.095597431031564,142.9703257492603,19.270804378612944,89.08551140675644,5.586925521386371,24.144958389169958,coffee,12.083092101947384
139.07204398201992,72.28180448555864,132.76157365287568,36.285156960443615,30.06754732904948,9.37991213798154,120.56460740765408,coconut,11.121459624613273
111.19800431585013,59.103897960080324,155.6553454262607,38.700266112384725,31.636430277681093,7.189573500988693,81.03952522876169,coffee,8.816307319694028
124.36764021303851,85.17157475959498,91.80228226212576,39.23142347773137,46.0170833199279,5.813590088415916,43.73550334361023,banana,15.155432130344202
104.76322506051385,6.693592248796145,145.8628055158075,22.12408333341077,97.7284784214739,5.886937510811965,218.88017483989154,mango,23.391636592030835
49.44927105049538,96.69668522868365,17.221415693786607,23.102100333839232,93.91761508436846,8.456424144627004,105.52250064256002,rice,15.670398804593841
51.08649789957388,122.1294624369753,37.6439931900143,10.668472842132118,93.57042009096813,7.37694479027303,39.49961742716923,jute,10.136508145366918
76.3496844022191,132.6202396192777,6.998754971714156,33.475169078480775,34.02687486002579,6.891110574415589,198.6043932605734,mothbeans,14.114966350408428
81.2904340551608,130.669697065685,96.57150474762507,28.79098461554472,97.32260442865356,6.756949494169987,177.00381149395326,pomegranate,18.632151089014265
129.5230848133299,7.18226186855095,133.52675469717093,12.209513038160258,30.45146100752906,5.253272443303169,138.41385691909738,coconut,13.141760532712127
53.81425959254704,92.5942497344262,87.23132759106133,17.029953758980238,65.99729799980011,8.487322451863117,253.09786361572037,rice,17.256041418590815
52.876321565072345,29.537466789629406,82.39795736727777,38.94682370433446,48.6359506906977,6.179833220234922,112.18776938689659,watermelon,11.38620259265781
41.130530992304266,141.105658533403,128.0530735941946,14.930218036848032,31.43657581987607,8.41632099394888,42.31732704472854,cotton,8.5845338069785
81.02049531360308,67.9913609854278,148.17488338634172,11.528532573809905,64.83943759632592,6.162356134616904,196.59777298548238,banana,16.517777711910416
102.35441151404513,100.35532981019634,49.75451381704132,26.05390600959079,69.37659905232061,8.000647812279764,299.1100059709311,muskmelon,21.74654760936813
90.0732072792517,58.68094254623087,33.63388427692644,24.749833766146708,52.67959371676638,8.820941812774178,237.1749742662736,mungbean,15.119257807055627
88.95154996451954,22.347124283572533,39.17408676769509,39.67221929103542,80.78956381316075,4.746393750145448,217.05868140970614,grapes,13.380460562695255
105.00667617312428,77.6316482494607,173.06080831562795,17.63274415725087,93.51458900618083,7.683879275179836,142.83849241790722,jute,17.415303690855332
56.1170618492491,135.70812216462897,67.10591386840113,20.81378161320255,63.12155337638501,7.308466874257373,246.4384205498083,mango,19.8960717764103
87.64560972689122,12.939903528635499,137.79737237340314,17.222234143468594,38.331860456014994,6.54747924895739,150.46589538235784,pomegranate,13.20446493230581
30.862387753905587,102.94350339448289,149.3540554635619,15.17595102061326,31.97332208475754,6.541417566115985,183.1612365972462,pigeonpeas,15.179021478920868
62.24897275347763,56.14843022496576,46.879165148998254,38.80055254077567,61.954114966219834,7.351960670283814,146.88706584439194,papaya,14.13219526895574
117.24951357691843,8.985971622754963,143.04868601833874,27.828184317980572,40.09964554821244,5.329525221503447,204.58316461224342,kidneybeans,13.860151214757723
125.92063223607744,119.77820924160272,98.20682390000738,26.018692257416873,46.95933357892818,5.364273697093931,250.4403289695765,cotton,18.42828997952868
66.84732476832852,6.577722466515761,75.46928236560188,24.967722950778615,96.43033506709413,9.205171518947724,70.64473070199524,mothbeans,11.315545052575557
20.722644844208766,22.804807746862828,112.5919263288198,17.426862006602967,36.46495207674835,6.299390061669172,96.77812941686854,chickpea,8.46795453716436
114.96354488661909,25.322919170578174,191.63270230997605,24.632762878831848,74.02180709973806,7.710930280173981,161.3874351658442,mango,19.491759144338584
136.74292753816897,80.24834139678683,104.69804540688285,15.61955859105731,74.36517392351044,7.452186403894574,202.54125665321016,pigeonpeas,17.88862543841396
77.31152225916696,131.90259846516608,5.450596522584745,17.999159591272367,85.99013708036594,4.549304169108033,22.84856237288188,apple,13.60584636094937
129.4481671865982,109.11886267767017,84.00233400273939,12.857861968763677,47.98885637412377,9.28384108607425,106.90174524754222,rice,13.099848319724273
42.750671731726044,117.95908415942715,60.12884604845547,19.907747451065667,59.00436759021386,6.668641398873048,135.17542131620607,jute,16.1417760314756
115.79757605160162,19.15747747630825,164.93576065496282,13.607553204597304,38.730663903658055,9.239313858174803,249.43139651755158,orange,15.808127593332896
124.99642453734346,143.5110499572608,127.12841332635551,28.386953109445543,82.80989204119496,5.660694761826663,66.79496122526382,mothbeans,15.408574945385894
61.223953349778995,140.86819268918902,121.63234228674717,23.848342529973323,76.04302255183416,8.579195855888468,130.37828335820979,chickpea,17.762159609947258
105.05675575644936,138.8633498296339,129.9973300552676,15.6524343563642,47.376977252677726,9.04875359315687,23.79738676925178,jute,8.027667902711322
26.484751081748282,79.57488172277499,43.20709555201538,28.97601306413319,68.65300174194536,7.428801791854456,104.68750635268299,papaya,13.137298593900308
102.58076384320196,13.644958583488878,12.852384207314822,26.991676887310764,92.09423932090455,6.116257380002955,89.37611209260716,chickpea,15.052868067821178
41.115358239318276,44.4502886293634,46.36778693638738,39.14334235139308,31.302771144931015,7.63028169214662,164.92767096512273,muskmelon,12.087329364990044
126.51064545247705,98.82276085549951,204.6708702646453,15.059678779794561,36.150748510748016,5.19698633733172,95.40147092368696,kidneybeans,14.797347260111795
86.74040816597041,94.47611797457245,47.28260315518082,32.356603800745546,75.23843639285093,9.116446341181433,67.30717652039027,pigeonpeas,10.81234565801686
112.88255669204273,86.33780285076004,177.22755633576978,31.534552362945313,49.716487147807925,7.372137986286381,23.66061348952524,mungbean,10.163201133030263
25.16809115673166,121.41765634542087,172.6184453413903,34.98598037210509,40.67979687128689,7.652032592805225,24.02286057134909,coconut,9.601720437507105
83.73844770791032,107.28280063352639,23.864819330354443,25.85967496530569,50.389354427151176,9.363097316114864,259.9930261746925,cotton,16.94464327487064
57.29479125220766,39.02884681175166,119.41986521005141,34.08398294517776,83.15880128208168,8.133745661417382,125.07416520596405,mothbeans,13.734123520225518
45.270026435431916,108.83484435076657,34.506867811912656,16.68840114800563,59.71868570114438,4.860562153437315,79.55377701563634,chickpea,10.573744197033463
124.36077587630088,88.92073007828576,174.9411846449236,36.020460656120726,71.74614714671864,9.08847076697512,183.92552161569444,mungbean,16.78062553818553
116.59743256814522,48.505925148498086,43.0188179376163,24.264514185498605,34.83240917583666,8.006395030648534,165.1403145645414,lentil,9.932003008511169
64.09515597565736,76.00686432253838,51.53383400545299,21.82135765566457,67.62774430970327,5.456696015006703,91.87258923672258,banana,13.600971393888655
101.86122004394062,9.522267808148783,31.740536421933992,29.068841675070853,76.38203520161994,8.233257164187975,221.66871221699492,mungbean,18.065190391743254
122.01805972527687,39.589021710550234,40.054120448550606,35.48235409704485,44.90467176601976,8.2309767464979,116.48346250469707,orange,12.255235713543257
128.91755191859963,142.42938038022103,76.96189545372668,21.025775039216384,98.69714157493982,8.807640651490193,32.62575213518585,jute,13.051462618228253
43.753973965874025,17.22871838740009,148.54557345092053,36.838608072042014,95.57404487809599,7.589993642484947,34.776883127798904,orange,12.441436592319818
134.42887494870598,108.00035859469128,142.66726967597876,32.6470323784347,52.575433229147386,8.146261347016182,85.19933040513646,jute,15.118910494936681
69.71823803028161,42.355047343468335,44.71792329872188,35.15726264417537,78.75490009914847,5.063163602057409,158.44973142033302,rice,14.391929932276568
126.16655273067455,101.80708551382108,138.23666657011802,20.959586894945303,34.158208172353966,8.650365491027888,67.85306264942784,apple,13.927697560216592
33.093517302269305,18.402369020032047,193.07546216733198,29.37710378982303,37.06411884880936,9.358583695330257,61.1880029409232,rice,5.847949243298977
24.182163396750376,92.43585162757361,114.34077442057917,16.240114312759033,75.02022999042913,7.585264965886942,243.53848032991348,grapes,18.432618026332477
130.25174524330714,20.484805271693027,178.35655742313142,26.32733862950844,32.733932517150734,6.822380728586691,248.88586405336417,rice,20.81386596281189
78.65389012216615,125.40698315747039,29.07295235604594,37.298231601771064,89.25088459383441,8.04138412828618,249.0085677960498,papaya,22.943440203709
64.58977254220413,121.36179163784169,159.01712992409665,39.135987037482664,99.71818409602551,5.703722734856895,272.12599612862857,orange,23.887754729660365
46.41192652106611,47.04356196915878,194.26423553290837,17.89453710202636,77.12245084124412,5.390642539316281,46.14919371973653,mungbean,13.807361564758976
123.59674003735375,29.388211214707603,8.842106614702967,29.55985421990717,33.74487456620795,9.39970119286223,190.6936794636867,coconut,10.305416073271317
108.58451643287468,114.06161308459856,158.92127795610492,39.93601074740717,35.001576124094015,9.411266423164996,286.05309275927164,chickpea,16.8154953511835
95.66203822567977,95.7876678618179,121.73931656068311,15.504496130800693,72.2400900946337,4.782554704622599,190.58673956013826,pigeonpeas,18.81829480599502
89.35486345462932,96.87475893919604,61.70200713032201,36.149065117684195,68.16405146074945,6.605601421457518,169.5988886639289,orange,18.24281334864915
25.88598659238653,122.26393945080784,102.93117157433966,34.43820053124763,51.90427894586536,6.488249291615064,216.05228188334092,coconut,18.90365958954299
21.041508991505022,104.46804956053897,63.90245108755339,16.251924406485095,30.84965977717312,8.982953103127386,275.42957160180333,cotton,13.990575494388354
43.280217729825566,123.5474079337329,119.20567825009049,29.008973117983402,43.1235531582344,8.643309022272097,263.0343362831293,lentil,15.574705690908571
95.34461371233263,118.44144387748842,123.15361191529657,22.741410300301588,70.87428649796205,7.598560283736736,199.20969470379663,mungbean,17.191940911457877
100.31094604488402,133.2335718960776,36.808849419848315,38.87396601269278,52.356062821136035,6.456570217284001,63.03063070287451,coffee,12.448717562839288
133.73312377609653,105.94911502240423,21.476250404255666,30.119132389793368,75.28486885759798,5.5939437290379175,232.36507600212119,mothbeans,19.35548145942953
58.388359220687285,115.30293423845549,25.905076204019892,32.50695996172891,55.11897088020567,7.258455230542178,98.5562728083951,banana,11.464479639617497
120.8487986676457,136.90748743700217,140.32558856126,16.388963500043026,55.20630670694855,6.886199374044656,189.29493621663104,papaya,20.425107731785225
52.097766301855984,37.67037921693092,25.88290969469555,18.00420025934983,67.50545832709287,8.663581457187803,98.06407354413905,pomegranate,13.240268058810805
41.61644325586475,52.895831044873105,51.73800712760918,38.87956420682282,75.61157398796556,5.984854786757852,280.31529962632476,apple,17.2278147696054
43.93146299647481,140.95035975721507,108.45929917801465,36.88170062493954,54.25498397117934,8.80420801548738,35.08831755960591,rice,11.039494988865656
92.13535907554889,12.116493794777261,176.9525989178686,32.83923996267947,45.13795354595667,6.918959530648589,146.50766195505776,lentil,12.723545427119676
52.84830306198064,70.26741273318589,199.8984432321278,36.43476000863036,42.69843008015333,8.116379702453855,282.3111324441405,mothbeans,19.533677033724302
85.37307148064286,51.41387674440957,40.045502603406,33.05443687861918,57.99833043609995,7.029204312295295,200.51508113831306,pomegranate,16.023961523949
137.04570487608942,112.25908144198137,68.16425125671182,28.581078492758497,33.47844584519425,5.831974583104849,221.14933708901205,watermelon,17.704211506631403
98.90658510000065,37.174858873506246,25.986843702880865,10.817113077526422,50.46660789006846,6.478854160835191,174.58147495874937,cotton,12.711919498854687
55.30922913011298,71.7329599467404,203.3713590495417,27.290290389447957,54.57524339630966,7.637444383200665,70.40624592194365,blackgram,9.728987453709536
130.99096576568203,38.4880057637063,67.15787584314882,26.313317259092617,92.97848341943245,8.407244448595073,32.259497787564975,orange,13.720454029664904
139.70030041774365,113.46009692156676,85.86221960408785,24.83296602486965,54.971192967861384,9.42787314952173,218.17288563111305,papaya,21.619890620567247
96.06102378259475,8.95039970329163,73.23638228167323,32.4255069024252,86.5584494379898,5.7645970665698405,171.0346491583962,maize,13.120466079763762
133.44415697744031,107.11879905559594,116.62854568813106,27.72058439146756,67.72944063643726,8.03524652461494,137.28450347469868,coffee,18.650739491214132
34.593453794864125,42.19734291860773,172.2006077617259,37.11246792230173,67.73057662922098,4.658178086064662,279.5525998216951,apple,17.417824728637093
71.57298013296393,70.14749174248713,182.36197313188035,14.832527407513346,37.25683948375657,4.513643722565079,107.92010517139548,coconut,14.540053247641573
46.39825941657334,6.57345757315277,50.43908293754064,19.981347457971218,32.20972474869169,7.539520621485739,179.26409768745222,orange,11.551101443499324
21.677658210219988,6.8065875796522075,137.26217000987873,35.41712612366794,84.96914762597976,6.052001509665818,151.91580779914725,maize,13.761081005794352
82.78930871708681,97.55172741763965,154.8111224416816,17.377091276898,52.523939917394785,6.041908534298676,121.56632307384541,pigeonpeas,11.978241015586216
46.662701144996085,32.30377790306265,163.66744438559115,31.11607386818849,85.41713524043723,8.409670705140398,49.12018923252899,jute,9.630347240388419
100.13702862866384,13.232634744362667,110.89297039429333,11.349434132365241,32.04335883461277,7.5646242526136955,104.9339070705964,pomegranate,10.546300198783573
96.96091537879958,43.94434878254532,41.16506623047477,10.657032277791037,45.640866478254466,7.521870684461365,273.178887809902,blackgram,15.931892547933968
82.52956353248197,143.67211616302976,106.84576276962221,13.475561149041027,62.93298757525213,5.411643812775356,187.19737586087965,cotton,16.616292957366916
60.95475000319605,112.04776474389128,132.535071495363,38.73748260521178,59.734961668898336,9.461548639416772,227.310328402204,rice,19.11322459962137
88.10448410425023,134.14671472933716,130.45532811930286,14.365289369359633,60.544592677423246,7.773812642531253,216.07964097940325,lentil,17.42364102640405
24.05186926645583,77.23841799592002,123.85366120601756,20.730830876590186,83.38033386654917,5.178570385005027,265.8913547665951,blackgram,19.667476918424835
121.12659920517912,75.85472084702668,97.28112676770334,17.160373206231434,61.31275287781456,9.252135748150687,79.02053750722743,jute,10.853163166797907
115.5990048619805,87.07875877874659,55.70773250383507,34.53539329181291,33.83315702772147,7.995916874951477,142.94822560980703,chickpea,10.83237923307142
131.2953536292112,110.00477371256655,93.39307106227648,14.529270445416422,86.44456830638036,6.803527634606858,41.08745056799634,papaya,14.251212157913205
30.815424832181048,30.132058319703876,200.0326759829537,16.401104714658832,41.83373311171805,6.31175809354734,275.7397353097693,kidneybeans,18.871697398198215
112.04140328221057,34.38983981912902,102.92476628203488,12.678576967538074,82.27249177607433,8.737280092816762,50.29226405090497,mungbean,11.969880896392416
100.7741555782761,56.7822954059149,20.951408344205696,14.144661698576039,56.06654318737775,9.12251214923931,126.12847326087449,mungbean,11.424781131740609
122.81166650473557,90.35825650121615,186.55199824809452,27.46994866702027,41.97856953863966,9.067812779196515,210.8556995407375,apple,17.690615774158946
95.65117576563885,117.95363572473006,198.26214177848254,23.637883208641604,85.0352761449823,9.085257960201897,211.33112111004772,banana,20.8139445760433
104.17389655815435,21.387904255042123,30.39402989678654,15.625004390409549,36.84225381977217,7.626962602151534,138.16134563760465,apple,10.57289189549765
42.93277257121747,63.87680387680724,122.91685755067007,28.11451656904815,50.43832060658951,9.103069489751741,276.2279741302016,blackgram,13.831360655181243
56.24874809470037,86.48480861149427,194.33120617716892,36.63951561949335,83.84696654228193,5.881048163326045,87.6366620205924,mango,15.30658502493917
109.03600463771515,114.04231075583476,79.9464026906243,32.93907982854921,30.45614209843127,6.885249688584411,242.29323203715342,watermelon,17.22273287900567
133.1452576584188,68.36399369127959,105.01303837738334,38.8388356342275,62.09157426644141,7.017742364881289,113.03120909302751,banana,15.38318317716961
64.9373477905505,84.16198269211657,164.4413143412065,23.143143689427287,97.20407930353414,5.858968763118375,228.4788146588886,mungbean,21.04445345060287
111.39823867618009,85.46867439411791,145.15969231160767,22.53452355343373,49.54452772749879,7.230629761844672,124.98352097874115,cotton,16.30367595384781
91.00273684917306,100.37899424407199,202.16027014970433,38.27770642830735,79.87155352983842,7.10894705622233,65.22669824379315,chickpea,14.216057211940829
66.84841804366319,14.974823307454987,120.15620296508007,39.31155578362706,98.20195809036997,5.13232689081234,235.94626665299796,apple,18.276968107310115
126.90379484429313,15.644768863208828,165.30167454669518,17.007126941402113,62.79009583466755,9.079782977328389,184.0624243125019,lentil,17.250119990405516
130.4535948674943,64.80014951539697,122.39709660135789,23.79796589876166,56.49066616339147,5.61639563466201,212.13362013568857,kidneybeans,17.08504504759718
122.54422403620154,133.89451347354824,37.242482783673985,19.11771050839799,90.2247343252587,5.49270101413947,20.971168588178703,cotton,15.399131808377533
27.479060286089275,58.02320061646144,22.15455121745768,35.83952788597522,73.51638908425308,9.28190872416943,25.531772172026006,papaya,6.14508967018467
49.2454035537423,92.36818198882881,94.37883201131523,37.31548029796019,64.41471012798348,7.058974583505956,136.68251871808022,maize,13.855670647734689
50.07693418100999,135.97954390725403,57.2777361602051,22.4058549695078,91.45465285633291,8.43088052462124,260.0965160226459,kidneybeans,19.387121366215066
117.27117930524115,23.04670754342924,149.36394744210884,12.469458948619863,56.271548941994446,4.815130349157691,166.21983029576288,watermelon,15.11497161959976
79.79207084009033,104.79755634090205,126.77065004444046,39.510250190434405,43.306215451494225,6.745223631232408,277.107340639955,orange,18.79401241088699
135.50874633934316,118.73533384444657,172.43511672789754,10.455189525155044,96.79672043228055,8.390451119243703,235.030899022212,watermelon,23.12044023246305
47.908224928799754,139.71663311930587,105.13541496109526,21.935740547117682,88.79585720028396,4.936702070569722,136.7437645558966,jute,14.618105324368123
123.96054763502623,62.40874278699987,29.808699846872862,10.307830852134861,80.53647224321674,8.072505462839251,136.97942796770377,muskmelon,12.728884443838488
64.59605750872974,87.58354312838432,145.7885883613682,12.347196773028287,68.94152294302754,5.880620392240688,192.83456039741992,lentil,17.768833985119223
84.51087921623811,42.550117186471304,62.31140482902548,11.381013446840875,50.02482596089544,4.819143447953289,289.8964213640323,apple,17.357926953153033
35.13319776041676,73.44507363697356,109.38317413646372,16.057064601998178,95.493354943006,5.637378233231456,134.58372634354737,banana,17.114883832128562
116.78581221932696,5.5634456235644825,44.47713383104669,24.885578031665084,79.37163423654466,6.925140974698191,65.84047476424561,grapes,11.983211730544161
59.43981573265343,115.35019539523057,183.28266691952254,20.393481330659995,89.17182469310733,8.053868415833987,273.1986342653617,apple,23.382278291939535
130.6787673774403,101.95895881200657,54.529223409131106,15.549990925059383,46.125736439737125,5.817819445927587,84.45137757352042,mango,12.887723173732363
67.94171576561793,62.41594364872202,93.47295983263845,36.06278160183304,72.78781544959303,4.602165830357625,165.34778769341145,blackgram,11.903507658375617
89.36481339545603,78.19283295412387,101.22480467394298,19.435371111178394,39.64598404307935,8.21188191436319,266.35989527594324,mango,14.409658857270708
27.034276473629653,108.58721962244361,150.3006918813925,38.41328842436768,47.70402161484358,8.210895191475782,35.29536085461568,apple,6.794604151418911
63.77852506610195,78.58205297790208,28.480812472719983,22.507208956704297,55.25602752814184,5.415617298922589,270.4540149346973,maize,19.859804923051612
39.94187411881032,28.503399972766406,45.75691090817537,33.89886136201912,49.04021391518324,8.479679190271773,171.34668050287772,mungbean,11.0270339096956
114.23210732106638,16.90454349027121,121.55302268870888,34.63426380696039,90.31132469407495,4.643158523668207,282.9645851154334,jute,23.06186199314735
58.19081331597448,144.93253839816342,121.01289079687787,12.76165963292387,66.3375028591145,4.749809823359199,100.82257352763044,apple,16.14951849824451
90.48634289105689,27.573153180850383,8.044494298298162,31.024074439058317,68.50977723777217,7.753985708600398,247.6917076558868,maize,13.470453524034095
99.49848752425503,50.87846883831664,189.6264638681145,36.505602810225064,80.10777231558262,6.3183405671858655,241.7309814705438,pomegranate,19.615647641459525
101.69805079442432,62.181134764887915,116.96736057071794,22.47502150804089,92.18136066076532,6.912496874328731,250.58794527474922,chickpea,20.881346534970252
117.59059413462788,73.28551933993701,155.79149880242005,36.03223176015084,57.39730185289997,4.56784784952008,91.37943848585452,blackgram,12.894250912396016
39.10908728118713,110.13625635339481,147.17133469325623,16.1145604055465,89.28463926768566,5.906473977641225,242.0359633281853,muskmelon,21.776984713849195
64.29938530762377,17.840746144907705,129.99270341864317,17.158727312391903,86.23189294689266,6.4707809006697286,148.39637504138256,blackgram,17.8779249852729
34.72891357507794,76.96734374109667,202.01910466795954,17.058083135401205,80.55946693254447,6.6748568791585035,202.688281576627,pomegranate,20.476178952759824
59.74718195539562,14.869172999359508,61.709204905162956,31.5088510445755,74.43298436918738,4.90697044003947,52.11428979213923,lentil,11.592936117042822
128.01161737557413,120.77703584776432,39.833536184224265,22.39819532136607,83.93842864854975,9.40031157693642,286.3183730037002,lentil,20.12390935647448
72.37213297936967,98.79942229409899,13.217556593485043,21.68354989073051,75.25882458401159,5.916611576821987,185.69028186596316,pomegranate,19.04630486603438
72.81390890921284,44.48035971966826,157.90331220722638,13.20070211647814,94.22256578883626,8.976635899719556,274.45190874132066,lentil,18.784972738780684
94.23460224896667,14.603088657105406,81.1322202256402,23.521738273136137,71.98785985494175,7.1263598570723286,149.21802921764592,orange,16.67589313123856
31.299657062339577,128.74915587457676,113.75546176797708,11.204051513048281,94.39314879619282,6.946509869184343,263.2049596370805,lentil,19.476149607658485
117.89019049485378,13.596422701349852,54.41332908484177,36.26643617396292,92.92937392364657,6.790344311844031,143.21161094317665,lentil,15.063103277737445
43.66423986212399,89.90491592457909,153.25023414329738,13.925831989739816,85.83350602791738,5.5429666000627895,157.66964201436878,kidneybeans,15.656841052334988
79.34234755643413,62.6325547237981,183.06590506847374,10.277617606508905,98.33888635230666,7.621963821479213,62.51616478067718,pigeonpeas,14.52518275438903
68.75367310747403,22.949253278363518,49.761985019106135,32.08617930565676,77.41978634490229,9.336036508028453,24.056830566623304,blackgram,6.874976194725312
29.74335089843892,129.56345667225878,120.66132988954583,38.5187340781095,40.3698852405663,9.467824996766577,200.3964024715095,apple,14.064099108675657
132.75670298594937,95.15922619958776,23.325296899858245,10.628565108835748,33.554854746572595,7.546978817161204,191.92431617048385,pigeonpeas,17.535916613458873
99.05817178496642,71.65325026544915,68.56618928358229,20.80822900371601,53.41364256868397,6.122327456369449,214.4950012269864,watermelon,14.784486434531722
56.26055159663454,127.98801868596745,125.61085358649635,23.59376220710815,45.580117790204454,8.191960826430714,273.159409693204,papaya,20.063501879939896
41.04684019683351,102.47106810068138,200.39463254510383,32.49865303312234,49.920651733335426,6.599777120738928,127.60893792834408,coffee,15.584838100648172
104.18041492249885,17.65229531614775,21.183882435135864,14.089725905018295,69.37327348148966,5.2450115241554665,97.73283889643479,chickpea,11.912060277750198
60.47945322003105,139.96290121401194,9.388293519512798,33.06132726302243,97.58899600348308,6.194541016418614,201.47096458147215,pigeonpeas,21.31819576450021
102.43531459842136,141.37734408845483,174.77977948231336,24.49082245571622,76.86942033579005,8.5605359776965,181.8899748655345,rice,21.08061207028581
76.45355766483573,23.280266310129587,147.9693550420341,30.418867469128063,99.50357344364794,7.644049008970539,244.03862386750367,coconut,20.494466464553735
101.00623019503854,45.62150889439644,178.9547599167044,32.42734358427926,59.71063228006254,8.052645863249811,262.9528856107198,pomegranate,17.706701031434434
134.28218047508665,50.54589574697981,89.33874274363635,13.286098149321138,47.328100091263224,8.91210604243475,121.03797935822051,lentil,13.68529981843339
41.936003629475714,47.67383884602097,94.66726829163612,20.945231837148206,98.80336630017828,8.674704016068562,154.31229129373608,jute,17.369601594169744
55.40087134926284,110.99864684057209,51.11988697003662,27.60667952276514,43.6217264976482,8.073993038665478,195.03401545072708,muskmelon,13.855932732072276
105.92163691194123,96.5489917896052,157.13392763351112,15.345058480685148,71.09723485441262,9.205724736019398,191.01959554527056,watermelon,16.174241169610127
83.8214100031015,85.30065228528225,204.1834829754768,39.82388144349318,59.682131191810086,7.674734148014823,154.6247021944309,mango,16.626368054931948
118.26502045267296,96.67885058863722,61.03696025484346,33.91898974545981,59.89931134383001,5.101985877406475,298.1565800372266,orange,20.634844767530613
109.16913617392112,75.2017045998174,167.8119348896684,32.35655431588468,31.433492278707952,7.651190785530808,142.2399145264055,papaya,16.466040401468675
107.23291327263875,6.66277870381461,28.301356364548198,37.71433809873565,89.41035302493299,6.930822328741984,192.75391864283242,coffee,16.584834974257458
72.50783901765712,37.96302038777203,201.8522588831569,26.268704170341007,76.3691022256811,5.894100681233484,110.10313440453046,chickpea,17.92958374282097
132.26661430390206,98.14592736125303,51.930373860614964,32.80631566577473,52.76933464691917,6.70240844649207,96.81804587950352,cotton,12.307578853846374
101.5180838788034,20.485478582704168,26.041385798603287,30.51310036264426,84.57068167422253,7.257333423561825,70.85948393889032,kidneybeans,14.768624492189762
128.57237617063416,119.59703516722176,150.16410413885694,28.2948014632738,70.58839635692541,9.483641070397315,97.83928152558262,apple,15.293684192373487
29.178772790495838,47.901486729258856,81.5444320854592,24.803769811658213,31.148450010886414,4.911810659041403,92.18669996434724,coconut,11.825705233524836
88.04298952671327,60.612597561872306,179.13890045123074,23.793176297747813,50.9476963926251,7.6466755742602865,213.7921990441665,coconut,19.236698166564395
31.295780028405268,123.38384486511265,16.309584237061586,27.760590011263968,42.859656981457434,5.6446314562208855,96.53350872613072,grapes,10.81180834791426
62.74365967027137,60.8985537621808,154.1929694956519,14.022483158649496,51.98102971713844,5.092704684878242,147.3682057403928,pomegranate,16.837940750853576
55.09801317259115,78.05380302465286,107.08370196723315,20.833164383472166,80.22827378018337,7.498182409316572,162.31756110408918,cotton,15.522246578644625
29.516296970406366,34.28277568051711,67.37753684298954,13.492230593944583,61.98293496401434,9.421545954312677,164.09158154657325,pigeonpeas,8.644355828376947
101.95253572392154,123.98760091289931,48.14469809312189,32.61478785079085,91.69486682140246,5.3575491149012135,117.10462154064105,blackgram,16.862279363987597
89.58871259388194,112.20454640480328,59.17481106420012,30.012046547553624,54.77483365310674,7.369274164511156,127.67840984085491,coffee,11.740594092170037
118.74266283742887,40.67211542678889,90.46727798201013,37.0433105754774,61.815252068782144,5.485317670221581,64.76322346639299,blackgram,13.397156021059462
112.89723436898764,21.18286045478041,116.62781975840383,22.286699241869545,85.64549457535556,4.72331516928716,135.00259958947987,apple,16.537677801807778
130.59370679365335,15.60259724432658,148.04859142422717,32.070662460106135,99.78376225084409,8.344276353449068,127.12063762836988,mungbean,13.908787958401359
49.82027930027282,36.081474798404926,114.76306603264258,37.1848190359568,93.89086382618783,4.773818887629128,42.371832266530184,chickpea,12.282719564311211
133.18088613902876,35.152769038710616,107.48122869202992,11.907641273973596,92.64526650660748,9.399701272824021,60.961900761933165,mungbean,11.319064942094851
24.70622015360175,105.16443733446465,110.88079267134538,31.749407379965053,85.26950192056748,4.946214330894168,181.86579382210303,mango,18.944829900166503
40.3385929904068,5.13886102574779,178.84001761296142,30.14583363442203,36.92599754353664,7.820361838419278,191.26125316652758,grapes,9.765991861332648
38.72583172781589,40.60685989084398,183.37735463547023,39.05576894533657,96.39913003260322,5.466778429216955,272.2503783058904,coconut,20.225862563199566
138.41479346840995,102.60023705745392,155.21075824270676,39.484076191150564,30.489354977942185,7.670241882181825,226.91202894692108,maize,16.827359075065527
85.35668667414296,65.93811344095178,95.2490106730897,22.01214211630111,94.2408066363865,6.2958517558489495,259.7435436936633,mungbean,21.98182681744732
57.66830638006488,103.17335890659186,191.38425284776181,23.769535208040068,47.09117593614353,9.088789310401236,152.23390992104015,watermelon,11.431055804639454
100.83894250188298,65.72074781082156,69.84477771184403,32.30912996679159,44.20799989170773,5.5096686232044405,215.00195023370787,grapes,14.300259261829336
58.97534034360424,123.47883214620869,186.07864658580107,23.556474809527963,30.63441687306511,8.462655294532352,99.81927533224166,maize,15.459185466435919
94.24857694611592,135.78722186719753,37.923178807887595,26.290726878909876,34.06970199762243,6.294625239410595,61.467579944337444,pigeonpeas,11.406229456674263
132.17536640726337,90.49555394868331,183.43162663796286,23.305605531722488,71.83503426643684,4.660472560964632,151.46062503681355,cotton,18.083579611293313
132.99264042871937,91.93529988740221,174.41422753822738,17.39820291040707,81.7589022578573,8.405153521669595,131.28187626838118,apple,18.357961455773523
32.45215593975448,30.00987032858338,169.72064664307854,13.123742873121817,62.68491717682272,5.476365605896106,65.44956138380337,muskmelon,10.60522897284066
95.15627988880838,119.66804379370897,182.51600971791356,17.784269487154553,89.45881115645236,5.473968918188009,135.7358339616683,orange,17.10856155462548
60.83657835175779,19.493994148222978,41.72876997367949,20.371081145521796,86.448521800457,5.368778481149117,50.70598201798353,watermelon,14.92999710744381
74.05607932457093,28.653985754184603,70.27484106367547,19.0914024495576,37.56923806375626,7.234545096326141,233.82161749551514,lentil,15.554997667037622
119.15496379248228,22.859596610160384,92.12237156444478,28.282453109742974,77.32010926593351,7.9789315321171355,224.11031958740668,mothbeans,17.159440978205616
57.59368752668736,73.04869740521303,124.96972664201621,38.03706840131366,46.737963155187146,5.262144955542792,263.4447929197083,apple,17.431648105825204
113.48538442369185,90.75005290009318,20.790965386313637,31.802173951888825,79.59930980073653,8.377840739047159,54.87550875185701,mothbeans,9.789386711769279
55.399153638077564,6.259200994440359,131.6715823946191,13.398072494767671,76.150403095175,9.128047241784687,291.38886157910525,pigeonpeas,18.94611665810698
117.11038731807858,54.49745876214165,185.09141454959646,33.624687058881214,35.174520165203454,6.535684969386386,114.44899128270875,orange,13.595628981419761
61.77889281729035,43.14275068483815,50.2229260471239,17.634727230898925,39.445334007222016,7.483891138041768,98.6312992251516,rice,12.063445809821594
28.17611165317804,47.29103189828955,69.04600819370437,23.03337853659636,41.848532550079334,6.9810293997500406,205.7000116435677,blackgram,16.669270613379343
124.06533230184375,63.59713652334873,84.72019108818087,27.38612284095384,52.16867908240274,8.045866265797947,89.63486338676132,watermelon,12.254765151360814
52.68240957601534,143.97816272067172,68.29249486552852,36.36478415965593,57.81491678742401,5.7302742101546515,83.32571012889946,pomegranate,11.512092824346412
121.69050651519869,59.10716499824419,112.15981311312903,29.46825807856998,54.34667547101417,5.969893153790341,153.07137273024802,lentil,16.88418217651403
123.76706834215871,39.97524983205636,21.89283297057489,34.61084045187475,84.00907104707004,5.973335608457358,45.23891583433061,kidneybeans,13.03530319561214
117.74443530351108,92.296936918469,43.196406108040584,22.14386217585215,67.7070749987136,8.718049145687209,36.91535767445837,banana,11.300591922406976
54.770106653474436,60.78169728072292,173.13582223091618,23.14823747640383,46.68885762564429,7.237721604471486,255.19753478199493,coffee,16.91832887050058
32.57166292173426,116.49599842789044,55.47449530429417,11.756242658502337,58.086042668642406,8.59938455913039,55.43820666791451,kidneybeans,7.9711708238712555
23.67628306473719,110.24386313083203,173.27499322719922,18.311821762532503,45.03000586638686,9.074104467931036,233.92047473460283,mango,15.859971306385937
42.10262306280457,44.378983010235515,108.20105843475822,32.05041425382393,36.62580662755474,5.983483488140431,279.4539776001382,mungbean,15.565053755064076
109.34084439772636,77.82927035388407,50.01945007839772,18.686479692468943,69.01326973255259,7.508512450728965,291.0893931282544,banana,20.98247172370592
20.995016978197466,23.17318456312016,44.94008321325664,27.91598057977414,43.62795044101307,6.326364710176536,87.97833899978227,muskmelon,10.056389205778805
105.6449722729189,97.75334745371855,6.2571091737182405,14.264299401411684,45.63082843714467,5.859779230194248,60.999431661692,jute,8.676766551241208
114.52649447553259,85.39733654412574,22.940975408393566,36.70249508640274,97.59450800956802,5.511817801608947,217.29914944340152,rice,19.72980888371167
58.798771943209864,71.99822011124937,107.4537501568904,22.019111325640836,95.08897455435944,8.21941555471251,87.56445983138991,maize,17.68093733760138
78.25637849428571,116.8567646054682,195.23636216994092,36.68722403429398,62.01356760110658,7.682455506854761,84.5949145656228,mungbean,14.824698879347553
60.12973416255348,93.25824397867659,18.736937243877744,14.354190797984218,68.23916747078815,4.8090784692222694,266.65445419750813,jute,17.5515468093491
35.92286980133153,27.030144535634914,145.23574367085416,36.12159029967832,74.87464476647514,9.143624856803765,255.89406261593174,mothbeans,14.770242090251497
92.87704915055303,91.18611531443041,162.8439182855189,38.472604474581196,56.37013077547357,7.385585786129756,44.15648416539277,orange,10.27188002193245
20.592836600594868,115.00790076218017,133.26377603263765,11.398982882013767,85.31169960716542,5.622605175685655,94.42975140233496,watermelon,10.708536663148363
72.00904804561716,103.62045489066335,95.8927013682939,23.799349405337974,76.88635288668237,5.771944041415245,230.5291416597537,lentil,19.206446242220576
124.22530009898753,18.447380742537604,7.636007549890262,24.08192732015916,81.1889715385534,6.787685022385203,34.394969956230106,mungbean,10.379579380725461
101.78356773494659,34.56834878886693,164.1396818290398,24.375046352444002,67.54469674133082,7.229150048271245,100.30580237993628,mango,15.449509553799492
31.009286105597273,50.00841699062672,130.64201543324955,36.8343416676046,88.77238156933615,5.763371059787884,57.54327981545315,blackgram,8.02577386306092
131.45494607477187,52.15606046413203,56.47374597564669,31.78259510712612,79.47606219100496,9.185620289266936,77.4892147853195,coconut,12.922937840411397
127.1138400906838,126.62604042470781,119.87101406077558,16.65326529342672,58.23498802165126,9.378165326827528,190.17650268567257,mothbeans,16.53009068118171
58.25862753272706,115.967486203116,77.02181771832852,19.7010926570306,95.92271965381092,4.708153593572506,234.84069477975524,rice,21.54860526525593
57.9295662415406,117.09680490039996,148.06940425749482,33.72752800834387,95.57376933604716,7.616853801104487,271.4260961469725,rice,22.943043331254277
100.75644847158722,12.552646757055712,36.04135583585668,21.995019929279493,45.173970866899026,6.023127847581653,299.2975250453294,mothbeans,18.53422521792336
108.68484649981464,69.81631312039971,124.508874905444,22.475199442917067,41.3388048850877,5.390147648026819,41.71929403339766,rice,11.756613080023358
121.83660775436711,7.917155676691332,18.2479004176707,23.72400976908731,81.64045153177325,5.2885382235597564,96.06236947377428,mungbean,12.543812454054562
62.31184142537036,106.99596381267219,127.20184969083783,12.435451161750787,74.64219663720024,6.885385857796067,281.6783609179989,kidneybeans,18.509993577017262
107.1399703638992,107.32051522623979,49.30015620183747,37.096708749128084,64.38282403007221,7.8944168344465115,60.83955648738127,watermelon,11.882373676825498
47.394207454328416,21.809787524324136,54.4676314102789,33.94527815385385,39.2780873587553,9.470828161467669,111.58737730738173,grapes,5.486473285731015
42.803969580265594,31.305652792216243,118.06713660861476,11.518002547140338,86.0702028344915,6.698076253340269,215.77501253879927,papaya,18.96936856254799
79.82691683381312,56.80868880179658,165.77527542883988,19.614689117960868,62.07858376777658,8.10642774298913,141.338337940579,coffee,13.479120879362993
26.959090228394583,137.61189220453855,195.35626873967337,10.560653649390515,54.9821282648504,8.90018184129131,42.638569251093124,grapes,9.573866588239925
73.42545464790305,15.324183119762493,180.9043185172175,17.558206372273403,31.557508784665764,5.179035527845961,204.55212773193324,muskmelon,13.582959365585298
78.13102344703269,23.60858935618941,99.66804441904506,23.858022185795726,91.887714924396,5.981052199000185,176.98268841947367,mothbeans,18.75110301980297
81.33082413877023,13.154083388005976,117.67778611936625,33.925629979540275,39.25093381130259,4.863556071722958,72.58617771611934,blackgram,10.581406617802838
36.919207803917296,90.63409086825885,49.738428666412666,29.174660369508697,98.07423619636856,9.232529976987287,84.70884690031944,apple,13.769237153494263
99.47000856567803,108.80872963815318,125.19146213440084,13.352590111589883,85.31105793986134,4.89758592262313,25.59795214081378,mothbeans,10.495049880469711
78.2988040581561,94.55633430036006,5.5960261564661895,17.59669922540169,49.5098472622862,4.967465058272154,98.31460373995347,chickpea,9.025786413818857
122.57798774829415,127.92811339085672,137.207406531367,19.143669990207396,63.68758976601004,8.052553247655457,78.95782291352037,pigeonpeas,17.28469832916598
85.77063405116483,18.442441639698863,116.45726540003345,12.003284146374499,31.001509953263543,8.948138349536421,157.1765112492585,grapes,7.85062773576075
35.54986015159073,31.693601342964254,168.5398623695212,29.80351288375462,74.16938079495498,6.59101392171362,130.95854510702392,maize,16.17366802825685
35.3859785854866,18.933137144370733,168.3883997340042,33.90208116673668,61.408519587442754,5.048555844300324,164.51448404874648,banana,15.339704002951654
88.22172960690669,106.79816059186115,159.9719807301717,29.469465947135323,43.92584305324749,6.485615128025596,39.94272804600206,pigeonpeas,8.421229481879209
89.54472121924705,56.06973387183471,117.13956349285321,23.15503744823731,50.06308909148093,4.977017171025793,269.7147680565391,coffee,19.040544696702483
52.826376868221345,59.653254620139336,97.02544333335885,12.47515254210648,88.93994159664295,5.10770534662097,155.36875604836686,orange,17.57397943133334
38.60716656948961,80.61307895368003,21.12225769324351,33.0033527359973,70.94447663073808,4.9308334670070755,257.60413297600155,pigeonpeas,17.617867095373395
130.46093473838988,15.889928028065516,29.191552350904686,39.631174291485934,64.13205749790941,5.691070264145738,235.50605677962423,pomegranate,16.7906259222896
132.21400921989888,62.654660323411285,162.9415347937694,29.6253807710218,42.57946661199108,7.17757450838577,229.35348255601835,grapes,18.95073003860887
118.388051598135,77.42682978712932,51.156784502735036,29.893862147325613,85.81199008606376,6.096858332191308,200.68566012492946,mango,18.377478412128855
136.72964365058507,109.14652680822722,18.476794825953476,15.026006529180236,87.50157720718235,6.173977704868294,217.65707096751697,kidneybeans,22.572174251824965
114.87528072596926,117.68396971881401,183.47542291865994,11.544001155279073,66.90082127064437,5.0371224396853815,76.20781128640813,watermelon,13.653404713803099
98.91579225372485,144.53724925366257,178.7366423970224,22.511766422575676,52.88837050793185,7.484248739980402,248.93817403338107,grapes,23.977469645418704
136.50695108697423,120.78636875999615,199.9246233615131,35.368143852951896,89.86370643378851,7.385885976856713,165.1106471956988,muskmelon,21.03481655568247
118.1713874055056,30.489465718923444,16.24498316483864,38.43681468054025,30.264472964243396,9.38414660937926,224.07894356465442,papaya,14.1142158358196
66.20368174793903,101.86715236250605,31.95861727650406,26.224539335672844,94.51929578881595,4.639679022286917,94.9160612835064,grapes,13.43579815493412
83.97457753956976,100.14994496998554,16.555838412621867,12.10853261921654,90.87404349242337,6.781165742837541,149.6264478988214,muskmelon,16.355549777785964
124.04180941664106,48.43449945626548,20.88473992651529,23.3512632253072,84.95653145485943,4.653904158767616,184.04702859708578,mango,18.51780297721053
131.4250116112858,45.10507440030305,60.76732264213924,23.214509540190345,54.98404310300606,8.181729313446635,199.69058159683388,pigeonpeas,17.06561551214067
71.71240781415771,142.85763452601694,48.132162680730545,31.430954858419856,67.38065221150325,8.584502973424417,153.49574576979927,orange,16.041664675107544
131.62024575772136,107.52119725961222,160.21885724366487,12.015262937975685,44.34703635625964,9.371518702517967,214.09236106047044,mungbean,12.897545701238242
126.82181391340724,129.62286285942645,69.57575293102786,37.4170785784282,83.05888269535569,6.504006154310115,112.82156755907098,lentil,18.14138864292831
105.5152355733573,58.03339366796802,133.39677759616103,27.145785971121068,66.71780158927726,7.723509494059219,170.53537021050133,papaya,18.991462891312615
59.17409245010036,94.73917625766182,5.416302469984053,39.042198425912275,46.245536173161554,9.085493842915035,50.524128469661676,watermelon,6.3747164787887955
96.793392212576,78.76816242531989,113.48247856587253,33.84664989403744,43.62925776003346,9.410377549837293,142.48830364320776,pomegranate,12.123529690141567
74.03737655877633,99.63092293927583,41.7249458768373,22.01885598521455,34.7866785475202,7.4905070849500675,289.5508756049544,coconut,19.121973622887197
39.77862595882715,34.285842988742246,136.3746604518718,25.323448540212425,46.179230243792205,6.514548081808263,124.49136876183088,maize,14.593205943201122
115.60680359712377,84.38502785065025,70.17613737326691,22.328935492013013,52.24204533334573,7.409639524903607,282.63415396782653,lentil,19.277884420090466
137.51175176398618,68.43873882082379,192.52739406331614,37.43090560734285,47.763382864149634,6.509097035421637,200.12469397837125,lentil,16.603816149833413
130.609130042184,6.776215592601627,78.93319549883685,17.7179435836314,69.76228121423063,7.664311384068146,299.93685372954803,papaya,21.106320592523538
60.48570145797748,79.39150093498743,144.47670481752937,20.20027800723716,34.541545266575696,7.027208283589024,188.4580060305342,mungbean,13.678340144067183
55.26115025115983,43.66573401691053,178.86986876261636,14.351519224042788,64.68220932206522,9.26412358468068,195.00370975249282,jute,12.94354815154188
24.085925786427502,49.98415824368498,99.90370670282798,32.07486091151735,52.79629278448178,5.472701328288717,84.57353539100951,pigeonpeas,9.457927584650026
73.65187945853545,135.8160605287937,86.61842726093973,15.33048801417452,68.43209504479364,7.438533014245339,197.93700491651552,mango,18.514864102221225
95.89226995283484,80.48672190115444,35.123712022647474,23.83607416396408,68.1384608282296,9.253748030211293,122.6309352345077,blackgram,12.823888436157453
133.52187263220344,83.92841920135383,177.76325889368783,34.74660777045632,71.25945643449701,8.418187766835269,55.198952463492,lentil,14.116666454898295
111.17433454404856,21.660754700556758,99.62017229801816,18.586693030771418,92.58682695923204,5.406462360069563,148.44533159828777,muskmelon,17.94201657157127
47.774380558356846,57.834755459316774,163.4168593147905,25.842142352104144,58.14821699535701,4.647212573724158,230.94791872437062,jute,21.02846411183087
104.84209205533892,22.004716693727453,120.83932268153984,37.29803343825362,85.9979391918402,6.5899020378812505,287.41803123109395,orange,20.879418567650127
138.55428418478778,76.44376167768557,90.43495793460187,18.602190683178847,63.38029042538921,8.864357390614611,31.883123221687555,mungbean,8.707202363235782
86.9413790046935,120.64660611521447,41.77920450500278,32.54697961130343,83.26482124145573,8.113227197904342,161.67112777405282,pomegranate,14.4473740123855
79.74760430994456,52.38072139232976,130.0939368810643,35.1103378150905,34.305611881779726,9.360684788857188,47.06254308293321,mungbean,4.54906565572835
127.00825532693524,33.65365266315265,176.77551525174638,19.030782611250967,95.8699249477568,5.905325744733676,279.5175920855493,jute,23.55820655633396
136.71330018809113,104.70309717250855,191.6322959876432,39.74736384338741,59.99018009628801,5.251475066846385,74.83821753291383,mungbean,11.733971893612622
31.71538875302293,95.22333098306358,41.148061307844316,17.72214665438097,92.1679558626264,6.133778376660076,178.66108113916675,coffee,16.124100102601595
68.9681843643117,130.39815426761254,69.89013072926791,21.377233592862034,84.80277380706342,8.29478325605799,243.51987746157744,mungbean,19.401613609564777
115.4668998073741,62.06514845050473,169.30170337961837,25.26023896269815,49.439982276299574,6.014585340655062,82.67586879775153,jute,13.820835588933482
126.61410379188636,135.34109335087726,122.3540784987791,35.21468669826055,42.8499771857203,9.008369126134927,161.78123669654232,maize,14.586295760108323
105.03852856872624,75.483097160285,119.45753878885145,24.171765217772133,63.806250350141006,7.356368096024826,275.99336172929054,grapes,23.717327876462235
123.12289742197423,59.187757764292115,180.12360398813848,20.204260622432713,43.79111157305135,6.148194121638618,190.61978469983785,banana,17.697354933206988
100.74725647871465,38.171023119147534,145.19857879782975,20.423150897454,61.91078601213542,7.28872570221448,212.14300089207822,coconut,19.831951741240204
121.45050069758109,119.93008685481875,135.07128039717225,31.52033555189376,85.13726265003467,8.16854654748816,146.47044544024203,mungbean,17.40194065096946
71.53900144374126,62.21975318353264,148.98792886949204,15.771495436727495,87.53099484095921,6.130661635080829,144.31681555125704,chickpea,17.891188322968045
126.23080973583721,16.130501648859326,90.20882069285238,26.023599430760264,38.68578099309532,8.543153136215626,61.63135618565865,orange,12.042628967693906
28.26946159134576,78.44303231421,124.4082893669368,32.05530550482039,53.76230420780671,7.452657498015904,225.56125510493212,blackgram,14.39876640111903
102.22142938162636,117.77232801562874,80.69435296273068,32.40540924681932,91.86151692952383,8.334018326034787,29.575015959833237,orange,15.263506589904448
80.1683799396285,92.22106198743457,32.49991083148482,19.57126728730471,56.18444621695505,6.072488846898944,262.03656739778216,mango,21.323333780058686
90.42557501561107,48.347205009661884,142.07904918190772,34.65958983057163,59.43074254956758,9.000689756465018,42.35490077811206,coffee,10.791048226767067
119.42877745271588,50.079145485747084,64.74303742492299,19.15284943460538,86.79755986410876,8.658267438050975,112.32228847174693,blackgram,12.730232165732607
42.41425067078427,30.826249437313372,109.5177742057482,30.193634142932606,35.27905365865696,7.391606993212505,88.936460165569,mungbean,9.360426775822411
22.024061808183042,106.45825380818478,133.81893868723714,15.341963149741963,85.38014758794503,5.995977530658627,57.798759412577844,mungbean,11.603633594773788
74.64897367775441,102.82192959830898,18.576942373139754,21.569078812618766,50.699753915669426,4.584971247935654,74.87234514531282,lentil,9.589590335994858
92.28779818334678,67.81136502708326,12.89625895467696,18.251207929375507,31.36337392654498,6.2906758994723795,92.55080496883339,kidneybeans,8.004240872050365
65.11840028844863,119.16996179449269,91.15709370575347,30.056875766863296,51.578059265337785,5.547261875126701,128.65372866567066,rice,16.049901483662076
127.15261011446721,110.5538621615539,191.15129439243034,30.734055643772376,77.21341680889111,4.517322045487656,152.8912280290158,chickpea,17.574277450454513
83.10422338739212,77.65737549325902,120.00943328879004,32.35683642493218,97.99307901486239,8.891293457195733,53.14282708116285,mothbeans,11.618798839658423
43.04423288418414,9.50336945251734,70.96392773578226,10.723350247869973,64.92206446701888,7.028053214137044,34.90812037791606,watermelon,8.566229706612244
82.4382329892606,53.6678922014592,55.73523031902602,17.300635597548467,36.983762369556445,8.58613209546546,44.264073510367936,mungbean,6.115232274442045
65.63178543359851,124.71370748724132,20.605732857113598,27.278613964088507,79.07580643989753,6.907036066411486,91.44912420985025,cotton,13.843215924749636
136.8773714104694,53.72574986283107,12.829102721803306,11.096973337273253,83.14493906475026,7.261849108045634,239.4059440768525,muskmelon,18.718424404556032
20.927016950404358,53.15663966547995,155.29771147419123,38.812947379467445,60.17594480193293,6.326955061667665,144.86838177278673,jute,16.0920080658084
98.67438565339864,68.92412938881421,129.04096638817185,17.18814468758637,60.40764257141485,5.551006072262601,265.08544389190445,mango,18.496585393750962
46.99776986885745,10.76921740381648,140.14773293070837,16.43934141969267,99.27075346231449,7.168501867075858,100.91355894944898,rice,13.481100025898861
56.988326111593025,143.3546825354273,126.02895708905872,35.332334468279896,35.09708287048956,6.241497086930941,226.49638412652192,grapes,18.317809926253798
21.603874439814494,66.38539127907463,12.99102971470862,28.286678257592804,72.58862096160483,8.994697239587241,73.21375592101985,mothbeans,10.375918654674724
135.50835048531587,26.630253609342475,187.66094299175526,22.85419294469746,56.450619409320545,5.656599004524244,198.01177362290534,watermelon,17.671620806970083
98.61252379498269,37.52105375974599,199.7808771111222,27.110644574536934,93.48145827779948,8.795465671034933,113.27512894633125,banana,14.362249561016561
74.72812764767586,119.5738378903232,8.406292217600715,27.46323049540667,91.65404761086822,5.58774715007179,71.31164211293742,maize,16.650556507883415
30.706545342582245,36.98440631387977,45.74686821995564,22.594763351791055,52.563574919008275,8.102341585548352,215.82356656841344,maize,13.09360834264217
100.50018805955247,60.47118361856057,31.565220888443065,13.817964757345338,52.56244748948228,8.236625143180978,27.14121411682011,rice,5.68895642728252
98.58842387421682,15.849443032643906,16.605925418856145,24.555608086265476,97.04506452770711,6.633979680315798,119.8147244249543,grapes,16.604376868155022
66.30329760099221,32.29432944469147,107.44461148950779,23.165650845040176,48.95567074431894,5.302700433008799,107.14688322691504,coffee,12.074348206517898
26.9999926741762,26.524164001753835,194.53145339381908,26.28566053094017,34.441451256202654,7.965438793847865,37.304803622129725,blackgram,9.122068846427869
124.8358163823526,62.41172486778504,58.863632271856886,24.75127208307869,80.22340173844555,7.083027815175997,22.138918495216473,cotton,14.582597393579556
136.09117184996165,17.449144244143255,100.51131991263601,11.87206960830612,74.11471836794993,4.893535006842582,69.10298471130565,coconut,14.315814630766273
27.899365586011452,95.29586790849679,201.82421540505354,36.36424296983601,71.36418468177999,8.96988337152981,52.55508235455426,watermelon,9.384319399993663
110.13998129547487,48.70263715909914,148.4563234451434,16.0003176833009,62.205039593871405,5.82644938874459,146.42790016614433,coffee,17.05904394308304
131.40462124652612,41.92977434275836,53.06227022384662,28.41419203526301,73.49079239517523,4.73270019782487,190.17775946833132,coconut,18.99748326023282
109.69310303846709,118.13479303633821,115.43076390940732,10.051150945067953,74.54560671166495,8.244406398329671,89.71531454482398,apple,15.29535404376913
50.96231152697198,54.0890514069771,188.1749134641898,21.744932148557996,87.4886528596901,5.486490372692165,33.487472078200696,watermelon,12.980747509608317
94.98107571173449,88.5695190021516,36.8852413776604,29.037003980349823,60.11151167601497,4.5929602931151665,171.13405640129864,coconut,14.779275091443537
25.756854329264897,140.31807707987096,151.0189070928265,31.571731630409822,36.33847826386265,9.14675262243871,151.45118420276796,mungbean,12.337842860102176
47.0318934434066,27.650401903308236,84.99891936189995,31.38258265581087,32.97804394509306,5.145266932547031,49.711768829019036,banana,5.747704000826721
107.0230811173654,37.03664859073898,36.17808749102788,16.90919330228968,64.51340524009397,8.504823823839091,119.11827813335456,coffee,12.979443325861808
48.65317593111703,128.61660288877331,195.61646244447667,11.169104073979648,34.13777770593511,4.954798593731084,237.49515438270052,coconut,17.819125709101076
82.27686271332652,59.102772423608286,98.73801344582819,29.06237749406051,95.30633252893941,7.479421691280155,259.9924638488628,maize,20.60802890525684
75.08758025065005,140.03193668012133,171.15705883439463,15.003751541497707,85.89425538257406,5.391496404178779,41.774219560177585,papaya,16.888362244184336
135.4846105164058,65.52210779778746,138.07784743360352,25.93931310667886,33.82711503842882,9.263733004962692,241.91042331201052,papaya,16.317895199776412
137.79786515459202,108.16619210403911,99.46433008566177,28.341101696787195,37.47156774102183,7.302057550078055,40.62510016477663,lentil,14.573475715440182
107.00690003267528,39.9373349101168,182.68522843757137,27.197279945440172,72.44656350018236,5.3449068461108915,260.1766068713519,kidneybeans,23.78304303561922
90.17350772767423,32.50313067216681,165.88806435808524,19.177573292207533,52.04304430054515,8.849754719582096,176.57680770206576,watermelon,13.776636755643404
23.299199795308407,32.978616271978865,84.95550953477735,15.026887331796056,43.58209637677229,6.456953321911348,289.30025200639693,chickpea,17.437193980002018
53.209707724823105,137.19666088539788,22.160592445204827,26.423652944441805,66.54048944101493,8.128539085788447,93.20190537898071,coffee,12.635288891251987
83.36328208762652,111.64316630975252,76.75957143147052,31.503940879118574,70.46642871380791,9.309227022634172,127.87977928951516,watermelon,14.344282427166817
52.31317802129019,32.79125339741259,105.86846598165403,30.077756289686988,92.87547213223368,7.762232918550672,155.42549727637564,pomegranate,16.07601455079293
74.90805482867617,143.28213774290177,123.56241307029995,14.816618279265235,43.30065063818766,8.080555177946255,34.11138238814689,mango,11.77403214364399
22.93833328624288,27.961473916848064,193.16624693560215,27.342497510942724,86.3914630669473,6.932502070513568,253.75158744239124,cotton,20.407416802909186
37.827934380309514,68.07766658308792,100.33486576974492,11.417088210691414,33.714926980747144,8.312759047223533,104.12622121419456,grapes,8.755841690747221
87.69350185582877,57.27405463662785,160.0074853086388,36.533939608575025,34.180251888390075,7.6770169195230435,108.94480208800155,mothbeans,10.087019006825123
136.72025480402914,93.1090515726923,179.8879970800766,10.032746230688709,67.11649849081238,5.57323774385099,46.37388798327841,rice,18.170517700162222
52.667833042287675,126.17132140486055,61.6680381746701,21.006554549124665,72.5871304467023,8.849933538222933,248.53996326868372,apple,19.776147585422112
138.77941884932193,135.96267351807518,111.62734440907546,32.497858575776235,69.91257913910599,7.4749772105748615,48.42023239377805,kidneybeans,13.599094523191638
126.75454829471084,103.36071979499081,16.982435176176164,30.112293298033556,46.86899126824062,6.076256215132025,74.84449822879567,jute,12.973902431356304
132.6869621884578,10.045750537128118,200.81080145335855,11.75922102479347,82.7694981140016,4.726487695867265,280.83720386318197,watermelon,22.75925669769601
26.05748156325621,129.49712167549265,24.158776783525,33.93793872340251,82.29242483192056,7.4943901924418315,125.82956166140583,grapes,12.049452828063174
46.43882928350647,80.77527478647617,178.70776571405952,33.208359015945106,85.68573219618074,6.741442458498227,110.28455290354644,grapes,16.023354411130267
115.1957931025385,102.3495189072988,11.421424508453688,27.690540642054515,54.293208047351925,5.480963745132837,214.4306737358436,mothbeans,17.2168862965056
25.380852420789534,104.93864294802175,190.93729049283016,31.515141761748037,70.49130701019428,5.650144149395301,24.305174732459157,apple,12.0720925778804
47.72314110131516,125.14277480553005,98.27282376652227,25.919067471173687,82.77555809864566,8.397153039016716,199.94223326255909,papaya,20.60911177360277
23.10465270711572,35.46754375693463,92.69382705898563,27.627436616844566,64.73934397293297,9.079330232056357,282.8181685924215,coffee,18.79062224630046
28.593429450742185,39.84792016541724,168.81437692230176,34.09138379679621,96.18153850824521,9.487738808086801,293.3556177075141,kidneybeans,17.398338539249014
98.14012136990388,105.25281066370047,44.0417732804339,33.065858660771084,35.54863243782216,7.78265218094093,35.560414477636385,mothbeans,7.294494552046013
32.9439529179909,12.347769075157881,69.22778338917927,39.83057373707608,54.375775792307536,8.30387956669275,57.04876443998815,pigeonpeas,4.411935686291069
107.01672831149999,34.84859958653287,128.0186731748803,23.426394442426712,41.105861897416574,7.159285546785822,98.82534589059684,papaya,13.165545771896227
101.33350145842876,131.21150599878428,32.07350410060047,34.899809375873076,48.98521332469831,6.862990194210805,201.04314174641303,banana,16.98547367639066
104.37882670786705,8.689342302915922,94.97788101138995,34.877592853708535,81.63791061336408,6.559248961661613,225.84511425709152,jute,17.58600825615486
23.55010203656166,92.86985220162424,84.02015060295786,10.291776253935831,77.17225792624666,8.061938177813241,196.07514079643119,apple,16.1307775080157
104.07460761916333,86.70122607271641,21.35982276548995,29.292806746569923,78.10668900364611,6.353510903073497,265.2200186687172,mungbean,17.341246112642374
65.44120297595845,125.32727306036116,91.38408100735005,11.201238421443772,31.2154853119462,7.7337129304227386,171.35487311891123,pigeonpeas,14.483246913264647
50.83640932629734,55.62684396188119,176.89315559411313,38.16364792639228,45.40474003284033,8.819350738156228,92.2968286511994,mungbean,9.772890907174968
121.02288359171857,138.14523489022332,117.06672494728849,15.438743415657697,74.78277886755853,4.881094841942903,197.83884631376299,maize,18.73815345216849
103.06713540954874,52.506025023601076,54.81933037611033,30.67545276829726,97.87105282361564,8.226611887128687,157.57801135662513,maize,19.09847586575655
116.40893919075629,126.25764827318385,121.75228417559713,20.98001643251562,75.68407452526566,6.028320362962287,86.74799380297108,mango,15.086672522251789
110.40082648973228,42.97321238985902,130.96877933491612,10.737448413986922,74.00079575809215,9.258041423667809,85.84005195774151,banana,12.910473536843293
55.21082598987219,104.0989648220098,144.99447397470507,15.542132250714356,71.79895372947139,8.795844765565768,127.10925944307715,banana,16.639122324851023
130.23722717428439,83.89169177627821,76.05853136110483,14.930751271073103,63.14208466938383,8.1505671895085,194.61927553587662,cotton,18.53617909416668
55.19939998478122,116.35364437716652,85.43408540848212,29.960488967906993,95.40136880455314,4.603133160068822,23.112699053624617,apple,14.080764076226664
72.34159633016291,29.787392511002654,156.7695847041094,37.4551107938207,95.32914503204158,7.481668542313098,154.2995161129646,lentil,18.383104079045516
124.85045503925366,48.23464790243834,145.13986422041117,35.8500177603476,44.18309904873237,6.282390825739162,294.34684868901945,kidneybeans,19.53165891866962
99.47526971191667,115.91576834494533,133.39184239432626,33.83755423061878,72.52474084123162,5.449195552374382,127.14578518066492,grapes,16.354939896054045
54.5809895333608,13.800733796869,81.96599497911052,20.989213565323436,62.92161710126925,7.3015171104060625,297.87851462198506,papaya,20.644005122269732
70.88073234828815,48.907579534818936,172.86495854464764,33.32846228075616,67.5229714976078,5.089413922075761,202.4931749390683,grapes,18.23619000833013
88.3891336027087,73.89875893562758,108.58434672828835,36.367073609376106,92.63859326943759,6.767685533828592,147.60497155842475,blackgram,21.277258610877478
45.455471261799744,46.09634100529535,99.31349267294524,17.066855794315842,47.21503730702415,8.665720886932842,173.46432305698187,mothbeans,14.80570924753919
24.0311826895409,52.29802733135962,90.50443091205071,11.854127187282598,87.04771366138922,6.220387187551369,275.81716892998134,mango,17.754673362301933
21.236407814448675,62.766754508264896,190.34955426903366,21.532546201893048,36.517649642032254,6.014474714308935,159.44291027364136,lentil,13.196099332956143
117.27062326660308,10.058835574150427,118.3268592843681,21.152833636684875,92.47396417903329,5.226934644404431,177.7609614026728,mango,19.04065998583042
106.00062419395252,19.06384323589115,129.91150050241822,13.390378760409352,47.8524968745522,5.38935316767114,68.45734577619739,apple,11.147250589270595
87.63259070649939,29.643941390281764,203.03456108368636,22.655101971048815,36.79485297084557,5.102845084775575,183.49023984344652,mothbeans,14.81577736921884
112.31002161872344,27.246760882569504,145.2371130883803,32.51972087415132,61.00983877281186,8.468110526497886,175.98894244580555,mango,16.667750445011006
72.77170340341308,76.5388589971885,126.40644765261924,18.2821573709759,59.92359796900847,6.922688751070283,212.3347940312997,watermelon,18.290745953443455
44.193601309761874,67.21503778407828,201.09736838940287,21.112418590882225,96.99115031943833,8.485106738371583,143.78977178203928,papaya,19.552506052293356
113.40347165534413,124.17445729082264,59.3914229820657,27.803836673555086,49.827434359416216,5.045115803597466,211.57536817291057,grapes,18.273236445143564
117.22981333088204,24.537644638899014,161.69602970176217,39.97829577838711,89.57297140101315,8.259060381638331,205.40629931451812,coconut,17.925896652150136
107.66002014699227,106.38492491966345,131.29965653745765,33.888351348934854,61.413472189878426,5.1062635606619535,176.53896373058646,mungbean,15.521326281658196
120.83955351959817,6.417158195615961,178.87751719761246,10.757046567604062,62.07962820596298,4.837163630554514,291.2704787680073,apple,17.7759522950008
68.56312657374525,135.4770907380334,13.235459792603162,30.507640338457968,89.57186174112191,9.296192923252377,69.73814343240285,coconut,12.46768000904316
80.88733028661437,108.23756275553653,200.36328183691202,11.111384595920521,67.7944421505684,6.749693310694788,87.88566100146318,papaya,15.870270951705734
39.634699142693854,44.74106742407939,161.35147803502488,23.812352200766647,99.55694528439193,6.43230372074397,149.71309850806057,orange,17.487368065976536
90.46425558521744,47.55326693263914,81.30411043786405,15.275221161346975,80.60399275409696,8.038608300108628,76.18200433374935,maize,11.689806110778523
124.37397963732921,30.086646137212245,66.61519919793281,26.315823199785545,73.47660489108648,8.540918812663278,134.05050903509306,pigeonpeas,15.414618063923001
102.36948124893982,54.35869991394792,201.10543365945855,18.967574778522305,30.503506920550198,7.078199870099226,62.204703597262565,maize,11.843039065885854
103.79230783372502,107.5162995511839,97.13980262330051,30.306565502697318,67.67676137729937,7.649005538609658,187.07711249262914,blackgram,15.781351533794503
24.78622177835984,51.290543842747205,169.28116228343802,23.973567195399177,45.63758210372448,8.67274449957408,84.01563242171243,coconut,12.002045421223592
74.3575437101778,69.88928421741946,59.54392197164844,37.005220626980574,36.21496929858939,5.222031506517623,198.04773510893818,kidneybeans,13.93356141261111
94.77124823933367,114.08894363755199,113.5736279956427,17.773603128142685,54.83286197908304,8.970027073656581,35.66542504761376,mungbean,11.326771191892623
75.9927094332731,83.25714658302779,182.13186872686623,27.37224664997064,45.901170014731335,4.897297265861885,195.55675188547207,kidneybeans,19.232471235623688
85.17366640583845,47.2563817024277,137.16158858550568,19.576118074765922,60.18144451943612,4.761801870972038,297.91065957353374,cotton,20.511488736394757
62.28839578411363,119.92618736455061,73.57281158917247,20.275536650244625,45.593246736105286,7.9193449891904235,41.44442367677675,coconut,8.486796113257917
53.23877381418625,38.90025796349508,178.9139489885292,28.761947289743574,30.101305436469953,6.2656570425552625,260.19967602810885,kidneybeans,15.599512528895342
113.91492009453289,82.27534099948629,195.63497023880487,20.779036037954146,87.94883471960824,8.191687679038825,269.2528996837306,coconut,24.55446091962921
96.12767113965013,19.51524065194409,108.92141909446923,27.325638637373295,81.97472423551554,5.674180245737665,102.13170092141232,pigeonpeas,13.857286203604724
61.88487349432087,16.834028590090906,175.72088120267364,31.09048367612269,86.02361714710105,7.136397558809864,120.16160550801196,coffee,19.079953970950378
87.48473388454394,5.849887193933725,147.53656320881254,15.915780771161232,39.0709175987334,6.185089060803938,235.89240342291484,mungbean,15.92394060158758
47.58067949584344,6.185019026423335,198.6829725391236,27.764367999665915,80.39297454692897,7.756915855780073,60.422076483508825,cotton,11.472614466182122
49.00491526928228,63.75072150113698,76.38002681594106,31.01738997573464,72.52032232192458,4.598910880309434,75.39155708930858,grapes,11.906568271076525
35.28986225618641,129.96172869454682,158.82578032435597,39.884808886500224,47.77912144435152,6.939014944344074,86.20868129745959,banana,11.484459323356374
85.88977253903855,68.71488211379983,31.78351773928489,34.30567285814834,56.165642302863844,8.006229547423441,75.31312651397597,apple,11.090446195222903
56.656094303360064,44.39794060396472,179.69505070545486,35.94021335754262,67.37259558209664,4.594994727860968,83.93090561773329,chickpea,10.4360944736643
21.43547155504922,100.55514855169785,173.9078485718759,24.076531589383485,88.03566930770263,8.407638666219349,207.99736204694958,banana,20.54679511510621
40.40598714819912,15.301149342365218,28.876700771734672,14.830549984727092,67.31578624723616,9.354560351813824,120.02591665269897,coffee,9.268300966425892
101.78999841290232,62.533536825128536,156.4116385674871,33.8455613825065,60.78063820421969,8.240512826584741,255.18243854550968,watermelon,15.46814395329372
89.89463989872732,113.98702766838356,103.91297404192943,11.249890012898863,40.86549994594284,5.141122546198351,68.09436523233408,lentil,6.789962690749457
35.055846688167236,14.136643188772265,117.60095279613942,25.073253777241653,64.38641981823196,7.372521637506988,100.3758497133636,mothbeans,13.439275859713968
80.28826636486198,51.864085374025535,170.3001333961456,31.831632889801302,57.55272393612354,8.738088926144364,277.6723100312968,coffee,16.5939372294377
88.63482849849429,20.61328505560197,91.43109102172704,18.41402412808679,36.02183077208091,5.4582461281599715,188.68447859968833,muskmelon,13.80667912332112
31.084500713107595,13.505522142322807,125.83839014873281,38.983489674782646,65.19049162683068,4.757576129696526,81.94122370168773,pigeonpeas,7.978034327584813
29.366474960648446,53.24607098235899,64.84733949740348,30.266167834514267,68.595387516827,5.191314920278928,274.38117033573155,banana,16.781526744388476
83.41784011514564,127.89468415981001,167.19825461104787,12.275613573847622,44.13702320699829,7.788553345776712,144.18038711401164,mango,14.0424959392278
59.66729829024518,114.43215071530867,62.65226861471655,20.03405802658653,84.91224992382982,5.0809458695964045,257.107629349608,mango,18.15016068854139
86.84922103693164,35.05557683429105,95.17484628044797,30.80146732583432,88.65735223852595,9.298681122111937,189.52677451861695,lentil,15.564641583149989
38.73259971648803,12.66639036654793,85.1726477609853,20.106356354166167,74.6147910507875,7.178325539667013,186.8718126286007,cotton,15.384737667036587
121.53042341268403,13.421123723652535,195.6001196599143,13.041846514990404,85.15179285248118,7.0867110681780225,140.51054172572378,pigeonpeas,18.39027982579512
52.323773305825874,83.7287044509448,60.73006810456367,21.658391826791224,93.45124229316772,8.779198127474597,164.48491215693636,kidneybeans,15.19377709751868
61.19801538573256,124.4447251675444,172.59749532150715,10.346716599502036,67.25950305035647,5.617718778016412,109.6260674527556,grapes,13.231773966584488
87.60826111676332,110.80860347852646,176.9559309940993,24.582859095850697,73.39035839810721,7.1865834761652385,177.4917717880296,grapes,19.217403589714355
52.93149473275258,143.4254784073365,189.40192409795537,31.97547909798142,64.77898489600442,8.332945559304509,56.5705333119734,grapes,15.099411769842355
95.97427463420442,138.1955738765285,20.833400095072413,27.473683914087164,94.08350220088003,4.5484758416718725,196.6556194104305,maize,20.355274843651635
61.638718237833274,92.85510859235265,15.540418917483386,32.591891388622,30.313563384379535,6.034678718961761,161.10841855170995,banana,10.488479390284963
88.07328456774286,30.083362477420078,103.5696561968793,36.20883164200876,84.14242844626537,4.905953578995108,261.38023525003223,rice,18.12699231213894
31.79182469759844,72.07286894689207,194.2593840876883,26.82722584211113,76.729347125032,5.064419092459238,60.18550595983175,papaya,15.026327413809213
127.00511921419266,58.465648269954336,147.78294834050118,29.546452820438066,41.777235121959684,6.094996377949293,168.3085746555095,coconut,17.033398591830384
46.362515051537805,137.99525233270322,35.73873125397899,11.108870506616812,67.41230463192656,7.1427923121684085,256.33315030300196,mango,18.545398895169136
107.10456633379381,16.37200795098319,95.20770589626308,30.287048685721143,48.67299897683371,4.869232088376314,287.966050743844,pomegranate,19.098979083257586
106.27744966122798,120.37226570390413,150.76123980387754,16.873440032700294,96.96445094343291,4.62627280845578,113.15188326517936,apple,20.905661108831723
116.97075036852777,70.61527261979548,149.74088519340614,35.308713657689225,62.571503749307695,8.4252721701275,155.14267712760548,grapes,13.926440416925983
83.13090053405134,99.61966326780028,150.37641126371946,20.702088066763235,69.99241760892244,9.049354370402234,293.36761203097916,mango,20.54461458070878
54.68408770681967,144.08076691173855,50.8658938808171,16.243251369911,68.13519660994325,8.710224691580429,229.86098537088796,jute,15.817447782860405
89.5408930921253,35.71553947890064,110.2087249781911,10.331390801699452,63.289168834819364,6.180255231252962,208.9634896530247,mothbeans,13.930385084210016
25.98111801052715,57.03878558180256,102.21474807318052,30.027223700503054,50.64335812101105,9.169093145272411,146.52613587702749,kidneybeans,13.132191449810463
78.76076786198743,137.3995910977122,194.1087124351939,19.225083233902904,86.69915125119633,7.469720264034294,293.1356581381064,papaya,27.588348911264173
79.69194411596914,116.38821600162309,57.2080666613993,13.667591088706867,59.76146212587214,9.218153283167924,160.20849029670805,jute,12.911159446418209
53.65130420699339,107.87972881317287,12.87238834842574,33.94457221931345,84.61592948466023,7.850005565882389,47.419125995961764,coffee,11.092385500338306
63.324440817084884,84.86797761000568,180.77443767132306,18.488131989834905,73.63902567375922,5.323259611724028,119.10987994382275,chickpea,15.499209056687803
25.922485183899777,88.79083555368744,110.52246627167645,18.789907207345962,48.37009895401226,7.400124011584849,217.81597780202304,mothbeans,15.035531793880619
36.843527766332066,92.23672833325584,67.1740234434946,23.22640699404592,55.199916660784105,7.741681600762618,151.63353449861128,mungbean,12.488820459502774
96.8783798984135,48.9097538861618,49.81133260919534,35.56848097788239,44.367849891482905,7.809021753412085,291.026935965557,grapes,15.72740689370149
104.00770069918407,112.93482342795278,61.04057342778399,22.24128996454216,32.61559620970277,5.685314505488403,238.18139934424377,jute,18.11777638543562
67.30039406338678,137.45257911117284,140.4239878308803,32.54387606883441,77.59688499116183,8.284244159771454,67.86289987796147,rice,16.242317706181993
34.813154406624925,39.389573352552475,63.94533934553539,15.48111599772205,73.70312729517462,5.970095355968717,64.26795623980563,orange,11.226758277585848
36.32317098531233,103.81576533949541,188.96820479773527,27.291118295666326,43.02855711701292,5.134712657944715,92.7258925306894,coffee,12.580535943650595
46.80855495634717,66.58746214771,99.78295008040429,26.961954554408933,79.39304739255086,4.736143198327338,42.57386660921931,jute,9.918257547639245
70.77803785578924,10.858712283610803,154.21625336626525,16.690005431154336,95.74487453029711,6.932018775485557,144.97121068381645,grapes,18.542719041447242
100.39024585647586,41.345129900547086,132.32890517790867,26.145668338259966,72.47817299279717,7.913256006668307,68.5674840285985,coconut,15.88219429218006
101.34434408209448,34.779861293251486,50.83083740508576,19.157872870522443,77.52501387622631,8.94694046211616,208.8789423155563,blackgram,16.03034860706764
32.05594538102008,82.61487697136816,70.56019372842192,16.617042209108277,62.63798491118346,7.832483704521508,127.79774536604036,mango,14.770986819605442
108.62278958856724,107.88808350233936,202.03793793547771,18.856899321149044,75.13079104386266,8.777391700801568,182.26684149589508,orange,18.714937785015977
118.09406732529376,112.5413496643861,82.96120613816153,38.14050179767811,76.21136917621344,7.378731421606616,215.41454858100386,muskmelon,21.322757086401996
123.75879292832164,60.48629152305723,57.77297520798398,26.850188765168333,59.462896573300355,7.758329978437785,155.46210525526382,mothbeans,16.22326136374991
110.95939973308049,86.82978715515272,24.4951375802362,27.171204920358917,96.74251329707411,6.2103007219433675,199.1126753862399,papaya,21.792536235245787
127.33625125705326,76.87722888859422,133.95504678956996,11.740916856508615,78.70113696226787,8.03600436474516,120.57580278009826,mothbeans,18.083237279380054
36.64290793007657,52.22767140281374,165.45287160214187,16.033332035652062,67.19910491026867,8.243280970175775,87.4720297734332,papaya,11.164659731805045
87.97420996412446,131.2704042730104,185.40385989790866,38.324434012734386,92.67741620560737,4.5164056450515035,281.52416964284714,papaya,23.383187184558594
122.94749087301898,109.40378936810494,10.260998720649823,27.71156119751872,79.45387916996664,8.770499135539415,284.9239941009039,kidneybeans,19.872088323281663
50.712674921195145,47.52357516817872,124.8329746734333,24.145764563562395,53.58261956253405,6.371570791418392,123.85862484451333,coconut,15.57229634901346
79.64670121059675,75.06095950232081,144.23763585455652,38.63629104316041,55.6635700826661,5.3632897307452145,71.80360980283731,grapes,13.04027890512343
120.32259901351675,130.50782911536402,37.49412732284797,33.61168287537199,81.88068712999612,5.391875009680453,138.11206472094227,lentil,18.733364151678753
92.92210885415236,69.97036277365454,133.54808533452226,26.956299048555774,51.727710219916304,7.538809915092034,122.48401880351034,pomegranate,13.976777809062702
58.222229190234096,64.5163658476516,165.87170226726647,12.679585635512868,90.16453029222848,6.055783583654045,20.406088645515602,banana,13.32396906646629
58.223264538796904,20.9362920370451,128.04814299157613,16.72365706781548,77.70324857687115,8.697335482920838,54.53950400594276,pomegranate,10.58473634113166
74.27153150283301,23.004049871526856,181.0344361281513,22.85186046776976,35.18032029896517,7.146829937488805,201.25712036759694,lentil,16.45900701164942
58.92953215569958,27.894997290637285,16.92448729562059,18.51574747432526,41.50509089558858,8.496978711674181,37.54395074058568,lentil,4.624480763456399
101.03855712192741,12.376521086674487,189.14079895791417,33.02127091754828,39.81001503119583,5.593921855136802,200.318945139056,chickpea,15.140301513170773
66.81397727531217,117.2018372537309,110.03179175558344,17.24988431123744,44.47147139491017,6.484296330849109,260.77084087276626,watermelon,19.37188007670894
101.81542267071545,51.2322840470169,182.09247935076738,17.9833634859977,57.704934738172554,8.15687812141578,228.19907298139606,cotton,18.873980656016737
96.44412908872515,75.0314693309764,108.89452337186513,29.06920329423879,78.31815532226487,7.774383694156926,184.3447581757665,mango,17.04191513129005
124.9266415116146,25.019952701891295,180.0680574072403,22.144774254871216,49.30882191480999,6.021459292574198,112.41982199211779,jute,11.405774758811283
73.59740831718952,50.35537059627562,152.82090724174145,28.429886231821918,84.60210753153362,4.871644303164685,109.2043655880878,mungbean,15.16396076332727
41.006016132014764,123.69735069831596,179.39618450852302,29.264924998071105,65.44693444478833,9.286297780845167,292.3537398053722,watermelon,17.645687394794226
59.060259839226724,7.963162665690399,26.674941458633977,17.95162695966662,34.582460491141475,7.513162001773512,299.47643245867107,banana,18.154292240419153
137.56281240692454,48.31958202000166,156.48285578178468,26.74620873700625,45.99550018601258,4.587416437042713,127.45394534114337,pomegranate,12.777788613252424
129.3911808268934,114.41324114865985,149.58002008906382,25.99082514588106,91.8440019634866,6.747208991206642,61.91198678817871,watermelon,18.033594886638394
98.43728686538785,12.395002003823933,9.179242441114827,13.538785340426617,96.48046934973998,9.036388749636082,44.210473027903134,mango,11.205068509340947
90.19249984138844,114.1192709806602,155.61993595432673,17.734271454015786,51.715814955636155,6.892411978764358,25.33091090818958,papaya,12.496388108438385
91.80504659539696,44.08747268973755,156.67206445818653,15.904070376820494,85.08383533628601,5.653015216675174,47.41542319156018,rice,16.177943880754462
23.464838080313605,82.46335972175693,141.0942777847055,32.220848360080204,58.13474680164988,4.985098157462003,183.6114016497482,chickpea,14.248064897158033
133.62649787298236,75.37969512858588,99.45320935979574,19.276285969550706,53.715055376848355,7.06377392039956,105.86614268819855,maize,14.632653628992202
38.647380024937924,99.12910168205013,10.157388657116812,23.49987361509821,68.50852742570567,6.198923054401658,229.9489692370016,cotton,18.934512491063014
114.19272181814817,18.039671266282724,181.4986254838293,30.12590063642844,91.26831253605985,9.472387888538114,165.04124666003094,blackgram,15.954888537020945
73.70989915448533,72.46049133408118,193.52142796306524,31.184809693715803,48.332981492005175,7.019609088707127,150.66838933455392,mothbeans,14.572876364183148
84.28294047715227,9.36423152448232,142.2602251487247,24.6157532586533,85.36757792080893,8.576747866302153,84.54983415768088,banana,15.111564912751525
138.86789898275555,26.272024187041758,97.66980760793669,31.973509927268086,30.375694058495522,5.259276390965087,25.699889835074487,coconut,8.941181625970957
52.77956672962725,12.136746885614635,79.65572231454391,35.66888848477227,64.88460575963187,9.323918788727049,161.0140287048449,pomegranate,10.449736999603328
139.86840415273423,77.62727204382307,197.84029715527114,10.490851564534779,80.46741897639208,7.635807246065583,211.89236036805005,pigeonpeas,19.337543053700983
67.00502369777271,80.25271967752985,127.49028969146501,14.48518929621391,59.21907767285115,6.177931050940919,118.11450454905075,blackgram,12.783483518879509
124.1965489441401,112.10559039016776,163.14696745814294,32.345761981766664,49.3028142564658,8.794228598346688,20.625114880350452,papaya,10.117047359332556
139.15553603758775,84.9085025152825,32.791652876703644,18.165974178296963,41.7475465886047,5.12302284809724,243.2109679542099,kidneybeans,20.097053087675434
112.21190651091493,68.94099769040692,74.69774858360927,38.87353136812999,30.58053166064999,6.026965000376919,190.62996058632245,apple,14.129698424474764
127.69535366839747,16.122395241845297,74.7818453911746,28.315279457139837,69.15903320829759,4.981955362472167,243.69568698003886,rice,19.256700650192432
60.20234987981851,42.99602233531321,188.9874134358489,16.97598842155854,62.72743759446709,9.287137969220236,266.1758575836622,watermelon,18.66460120487257
117.98397182806457,89.45378499527362,77.08317058960027,23.31507474407549,87.85798592506636,6.194635966784339,45.09714987078004,kidneybeans,14.760390559791826
44.655045155644075,67.94323061137766,118.2373425625344,31.46388805732269,87.56727421025596,8.299666055847467,27.927210867864446,papaya,13.234654695714998
69.27193060277294,97.11644053712966,79.48091264511079,30.865487690424818,47.80064401903894,4.609652712176981,285.380504140627,coffee,17.3089029324303
28.635606353818304,52.19084859787719,190.17811074518997,36.9384270234749,90.56718994953216,6.041952280006919,257.1140183302815,mango,19.335951127037607
108.02316691259638,48.3765114354751,45.15452967088502,34.22938383989717,86.37597236090622,6.987928518534346,167.46357252562743,watermelon,16.65916277196613
113.36763500710802,36.45548686884089,162.4636781107306,30.868158314942498,77.53559163291047,6.873778368567052,228.84859334061832,jute,23.334290722390175
52.63915715122871,124.17813416629465,83.8229152370921,31.290469691719338,40.342400488988,8.279190626883373,173.71514172696342,banana,14.375222540186023
114.74899378788506,48.24247789250841,158.1181323830577,38.343800251107155,98.32595379086038,8.970555904390697,77.16016688899053,banana,12.965705195831841
95.09365194634734,81.16751551471661,6.90692156026977,21.751820534539874,93.46837038620228,8.99179509459931,77.09392754688976,chickpea,14.508308200556515
133.2329386188386,16.03404948016479,107.85536490841487,32.99365737993096,72.01068536515302,4.615970702134214,292.2548299362866,rice,17.683225742539232
49.91334396396584,72.99238258492113,113.43162150466978,32.98864412769476,57.52915603612924,6.6998018823110606,169.78877646147268,cotton,16.337770536993506
98.37411344068782,142.22624857821188,18.353242165351766,21.83050518732795,88.45962934691674,6.613428346060796,93.32584757213077,pigeonpeas,16.074309753962574
89.54017299991091,138.85332283754877,51.29070246474329,24.56904724393702,98.4199858357729,8.632217571373848,224.0123901537375,mothbeans,21.3307843401937
30.423865792635283,136.85000185133939,204.97821243012504,36.59298428740877,81.72327925502617,6.936411755843865,43.0802813772646,mothbeans,12.602997127218721
99.68259280639751,46.43901750320202,67.61133744327793,13.737026432638466,59.303049018239875,9.434152171530872,99.88942116065046,rice,13.394661434796472
128.05274715179587,59.11702586149139,178.82319734219644,11.16842976698434,40.19644863045731,6.112647272387796,116.72929645771805,papaya,14.803878562726695
71.1614793639193,41.18646912094689,11.36085142390792,35.26090096456162,50.473504919559716,8.69205369427506,153.99597867989854,coconut,12.187426890265048
42.80285511111842,92.73658631155008,203.24568921772487,36.73182511757639,71.5175150378574,7.192683843837118,299.5477664022704,pomegranate,20.939740797847552
76.29221476922916,15.172216201855043,105.31780933467194,13.745669595344213,88.70114307393358,8.297434013182283,40.7406019008278,pomegranate,10.465321757915019
138.99914548975548,35.93744126664531,80.1512757013824,13.96720373231974,72.53294682232644,8.138365911539168,154.98151050604608,apple,17.31612922876584
56.148603517611264,121.39972325773597,137.84389849183816,35.83850295968694,98.32825906920282,8.857418417283064,133.02624522000576,maize,17.673468912314462
131.5712117285149,70.23455282775636,31.89011313925118,22.761342915944383,72.21988715850343,7.364730625419548,180.94222110016483,muskmelon,19.191535533229107
58.13292500320295,41.58856784580704,73.62711070279322,25.445598653833628,89.84083173482932,8.210163311968781,253.86991712454542,mungbean,18.742509359283517
100.44232373621169,56.70550264618416,87.25802192959637,37.532828094318994,30.91935378661439,7.316516904114961,278.54111520564976,watermelon,17.346717693112385
117.99300216256597,44.57167650291473,64.81774344876933,27.865582296353026,99.85878435952316,7.087862089895982,282.16641819012136,chickpea,23.9253230718729
48.7720904229959,88.18812747947166,12.120253091963026,33.399622058732874,94.39454467814222,9.306101966509686,225.42458913214705,chickpea,17.296764074049438
138.63322908643556,14.31599411514485,173.7128584282618,20.66374001447424,59.320880380905436,8.659888243744186,45.36884448150025,orange,12.861607369324712
110.59269977670685,111.0507421337667,17.114016632788903,16.096227797812936,64.38842792568482,6.3407511623768755,135.05544207719896,kidneybeans,14.693846380684455
105.28322548986604,86.13971034041694,147.6360130311701,11.859818711070387,32.37113258674761,6.392708124255706,214.0865185901434,muskmelon,15.988903526092992
47.54394610065927,76.72623573774162,187.28145662763845,25.366855760965983,41.01261432513536,7.639071483437723,185.81605040238392,apple,14.016308738762778
94.26690944188333,48.252795651177976,60.95751723094147,20.247099085032737,45.29204124053845,8.286917752463978,290.0804031594244,maize,17.213081761569683
83.24471899011186,17.581865896507594,97.65748981328696,34.660976405270944,43.587263701697566,4.956071393763249,112.24172673471283,blackgram,10.539024924381158
81.17116344145606,142.1248165899335,17.73744804007173,16.002160024477952,73.90956203846977,6.021821973335138,260.38120384316755,grapes,19.45181722060831
50.787020749874166,35.734342774186715,19.111591053084837,20.4357196342027,98.52760365163576,6.26940203231805,148.95025411435319,coffee,14.694861818863385
133.9873976022349,125.05897965587752,163.79013742103047,38.548816773349316,46.15357698382201,7.585270973108963,268.41509468220374,mothbeans,19.987682008800412
51.09778383910402,134.64014065884655,191.19407769973282,22.482836188276792,57.56210917329939,6.036925237433504,259.6117340154609,mothbeans,20.675453852980137
65.92475422280032,7.981977309770125,10.58196087909677,36.760699171332675,80.57612749673832,5.033431921132899,35.28527757433504,papaya,10.047365370469578
81.35225829618012,82.78052769008018,38.57775140615116,22.81664586586912,75.20222808178056,5.920052859073801,112.85050736918554,banana,16.629807938338487
69.58887731909073,86.74001985916125,28.305108139863396,28.44353076505107,57.84552503269687,7.890911271954041,108.15435314471128,jute,14.872182921706546
53.670162043218895,89.70080076969593,147.33615393227745,34.798328990559,94.86644915761288,6.560561734823841,227.3447038760873,pomegranate,22.985674420699652
26.903599852649613,22.471718878061925,94.71381956615248,16.338443154962498,50.084745935647106,7.739400867561513,120.38621006479687,papaya,7.749237298739957
89.32659692229628,133.62195590937444,121.50716223970123,37.58863902507989,83.90259165838533,7.491947320839046,26.103582593732288,apple,15.837814103999134
117.9429275311168,36.16580773229844,28.83205303897484,25.033543519932593,75.23331186732659,7.498272125232396,219.88445267677062,blackgram,17.786718546947647
111.0945511455229,127.18226776844894,61.267148161282975,12.856542372082249,47.739957339397776,5.020042445294599,110.27820651176705,lentil,11.152323191208739
67.42226091654385,74.4678432934868,38.964291542827965,29.471807517141492,73.33135524476158,5.823922134660098,150.31667331930072,maize,15.807163962059638
82.72236693995134,81.1980652021156,76.51277573992097,30.707660782363615,63.00194386165584,6.145306424822749,94.238753038252,cotton,14.04685670720904
129.80479326038613,86.5020702860881,164.0375950192532,10.492202807853854,59.33665493887221,9.422328151371403,182.34933848844364,coconut,14.924802633023607
87.55003041441208,109.00723844683239,131.6085846951446,28.000495242639428,81.77276211805375,4.783903696281534,224.7981452612012,pomegranate,22.314215115333354
133.7234338270476,103.90765766741855,179.24345737519496,32.44233104897127,79.23761602495524,8.07779788948901,221.89222910022934,orange,19.853772944989572
94.22934990386074,90.3229661732383,189.26811196098433,17.46494666997649,46.77113329458233,7.065967773474809,230.24165862976224,chickpea,15.627025472391777
96.06696678708826,68.35346139118064,127.07743609739374,34.667869078411336,42.63336872636463,7.976892670029921,240.47920701469133,maize,13.954314925898439
66.13151651362033,15.509980961020368,152.8353997428856,15.305020362736169,86.3584017374497,8.729362148884668,198.76156967968996,cotton,15.784832900190892
67.108486448379,97.83428490632367,149.13685005426305,18.907519950321447,36.76350286759653,8.973328603222313,209.592472098846,kidneybeans,13.680112943637495
88.47084394042565,110.6758414112316,24.793519339801623,36.344160726018316,67.56319485549818,4.687493302335865,200.09964084627939,mothbeans,15.42918307274701
46.4443482618278,112.01956420558966,191.713650241596,19.680503615305177,64.57409779714584,5.140874993492146,280.3439226373485,papaya,19.995527865133077
20.725123622968027,61.42452683595684,13.385503392901605,30.204995824554075,97.8263944227325,7.776306311503796,82.82428071291562,mungbean,11.107415584834525
76.94265989361753,93.25839229946834,144.18037945259968,21.739399746161805,55.91473269300215,7.877845096118348,125.48006426866677,maize,15.678837422441624
53.41333880665201,43.071712393820235,112.7263295064608,14.620086205968994,86.756692753773,4.84502419600201,46.48085613832857,grapes,15.558296199180408
34.171010983656004,71.59800297576895,84.93517808837407,31.65429387657151,96.71029086468043,8.26779292369563,70.24562560656922,orange,12.962392355973796
99.84586783192417,111.21455579457121,17.568147324091616,33.02669249450538,81.37583509461396,7.446048052610218,114.75729602027761,jute,15.8263648473301
112.90383914350238,46.48369938258615,141.31081462869074,31.116205992848492,69.37579912733364,7.50299191135835,180.84729872142282,pomegranate,18.183850670601156
79.00721469979639,7.7058006852856975,50.33364627246068,31.289747339035923,51.065136630075,9.100708858495246,219.54593328527778,mungbean,12.015092271479947
138.61715273536132,42.83208424906033,137.74116395915428,13.548966701221644,72.12933410330609,9.422407415691566,101.71450656893029,banana,11.887940023083717
121.38178475223425,28.989034014676964,95.50315276829066,19.575631303715227,49.83512978736659,8.804106303700863,138.06312191011477,coffee,14.090509242217633
45.85671270207512,102.19492130515142,112.70807747526985,39.58110969967143,55.31037746853448,8.356256764195203,123.62187277604875,mango,10.942461285014794
39.73811438868043,27.288078546149794,6.803305530371224,33.81342308418287,62.75518525577766,8.52083783980379,191.51411457566536,rice,12.277623048869101
80.45180038849293,18.16574295943683,128.35272864678814,30.332945867882202,73.85529178107384,8.506681576132898,224.8197883217397,rice,19.714116111734352
34.444008621801316,80.58220816297477,150.71116124598765,26.598646051548414,96.43200556661183,5.007456341043848,222.25007400607174,blackgram,19.27461546219263
104.31838338862066,58.981900709016884,82.0960626406652,27.597025152250378,57.79686254481686,8.915914986829154,50.78057312244611,coconut,9.970578561734392
73.80201284490335,31.190026128079943,40.98283932213964,22.74586174040586,82.8165207314399,8.701164897738138,294.18582591012853,maize,20.23920160094149
33.3858477026363,108.0195795441283,81.36102667540119,12.595923318195291,84.0952536790913,5.664473417419103,226.20657503754572,rice,16.47410619492849
32.91061335198492,142.98084082849067,173.3786572001345,22.694548525412173,81.78714340717471,7.85757621848193,79.72033702570067,jute,15.695291993309286
90.99791930299034,84.1400212742253,133.5108023030981,38.20864300571102,57.21442640588178,6.005757067287881,30.76177508844752,grapes,12.87035445504517
97.16212188968026,85.96897598274522,10.373304439164638,39.987951466000595,32.35264681490277,6.475740041168269,49.43238992370136,cotton,5.7314965275121335
67.60910701172973,83.47209855638152,85.41408032348558,17.221449078497244,52.67438790166672,5.663849281192995,95.44253656656127,banana,12.692464539139232
65.50986687692989,141.30113758823092,28.35080720232776,24.598980461346777,58.59414272270041,4.990632982934452,95.09610138470137,watermelon,11.075946519295623
132.07201410259688,36.80070970281164,154.3923571929611,11.863537025799104,74.08694060121243,5.593371089579704,207.64831166150609,mothbeans,19.14889367921452
68.98985739798894,32.09949267888844,136.49020170882793,13.490998117684974,87.99617788452375,5.736672734694318,166.76449150964433,lentil,16.64743267741132
132.06710189331216,19.633398019003664,150.91421937141502,28.757890826300027,36.14142650666243,6.193743978197211,61.98059307120298,cotton,10.986456928095523
137.08526795406897,53.941850984535655,56.64087856741,16.67328867382308,41.11711273214975,9.495685381082549,102.63065100684936,rice,14.372456510861868
61.85378638674691,54.99638834310485,59.14940103639427,30.024794433204278,33.34053885901746,6.161469029029421,98.45756991409941,papaya,9.941581163662928
136.53244927869912,101.65797972532981,25.487737953216122,17.33678652793868,71.65675061398542,5.877779076859531,288.11167750895913,chickpea,21.87987550025633
25.596185437348847,37.1882708238385,194.1205557052042,35.359502445641,60.81216011468061,6.909976109729914,271.8225190261186,grapes,20.271051916017495
44.011714294259114,106.6297771919129,110.27866391580251,30.05318739905406,41.006164168964624,7.7380090095947285,127.03200127343375,muskmelon,12.849640112043815
30.01092106533843,79.2469488301387,47.924054934244495,20.19417836487287,75.11001772495919,4.636142061684242,186.27102771248556,coconut,17.085713453144233
65.71263230068527,103.03410880557865,63.62872894293343,14.432693252988614,39.083431510859725,7.672794283453992,111.82738053428527,muskmelon,9.159476345341872
92.3464866805607,8.84002762730245,29.535505840518535,27.541051136079567,93.82790848304444,9.032501382567034,62.41581529138096,watermelon,10.561663376462057
23.98368902780126,138.24042208936945,105.29842927901367,25.07571744081445,94.64053017419188,5.9495911796428995,112.98971641280883,papaya,17.764708777733528
58.37053398952718,109.55580456482993,151.71615777718762,37.36606864074797,57.16830835042628,7.072993619371456,150.86988914173372,jute,14.683180646255027
24.929387360494225,40.347306454683945,201.8084142507439,15.533987211713477,62.50602309436255,7.6917289967878,266.2524918138718,mungbean,17.919291584166956
102.42659742032023,31.929346182529873,89.51651374078241,28.74205606368888,91.09024889069849,6.780489441959697,246.37732717351764,rice,21.086281885675483
57.08394977493734,81.5720317092596,30.81374777974399,11.098079555440577,92.81890859796934,9.14469127286896,41.32778532973897,papaya,12.727735589532834
129.6904008445282,50.42628416523556,157.62934203282717,23.691297797438352,81.55271712150015,5.278915239696831,95.46180834821519,pomegranate,18.515334779481876
128.1701883655215,19.881596143640493,183.60298670252251,15.917583331921584,81.58314081136731,8.144245096823056,22.380879687467186,pomegranate,11.276875564977583
105.90591862074301,36.10424517694756,6.898439107199712,24.134980073513283,42.13612083784386,6.391413795181711,101.54556207372852,mungbean,10.210465786974725
32.58522660188012,87.05980065393149,33.54007196587016,18.928630061529223,73.64957843170876,8.131128523469453,30.971458963150234,rice,11.512751120300338
53.64509573457895,123.50323804494678,139.98435542089945,21.616383652502805,98.50392158125274,5.718012711415729,190.74802846759124,coconut,22.05594504211264
119.99284210557421,18.23853653744552,85.76593928893428,15.984543745739455,91.3214582603612,8.02459908150887,27.101297605003893,chickpea,12.419313391496916
54.94991053780036,25.059635999279156,131.06089551203917,29.913908016476793,95.93656325629573,9.260199622729203,204.49107751517676,rice,17.46861743388145
80.22543695022297,95.87204280441236,196.2849249078453,34.32017615422168,87.77604064582033,5.407336094390859,153.39679537045808,coffee,24.384101443669813
107.67056368233435,99.08523302050003,99.7047929939923,16.04364858037088,92.20502266258603,7.889255921534174,67.31801896594492,grapes,16.86376307613303
125.23259421244792,81.68984456677417,120.85198812692377,29.851221725498636,51.01616632940139,6.663931556752059,227.64961341776367,pomegranate,20.76163127164406
24.11666480774363,10.970789712519442,90.61649639658565,29.7886550442884,57.045523738472184,9.498193269825897,74.70059226411804,chickpea,3.6796469468005304
31.49184321277938,84.52652985025215,61.024039320277616,29.787218256154556,76.07223316596532,8.025037370603764,297.8902220577725,mango,19.029702785519675
26.23325031874966,115.4085108089867,91.76730480547252,22.999154337627562,41.909365870173986,7.074399599861304,43.72117912642388,coconut,8.533130920576127
23.082185036565225,12.703879956131434,93.487837835762,17.585568099478415,38.85758183931731,7.79352771363263,83.31133497759238,cotton,8.737295618232324
89.3479261563001,106.85028078750236,180.9140675047106,37.18174743174092,67.03176101165991,7.204710424560275,258.26287554527255,banana,22.656100563841317
45.60973222602763,110.75338043874196,33.15515524285694,24.733986694614522,59.49255388712111,7.791504392022016,276.93401158786446,grapes,20.223988406528118
95.08490547639066,60.81857797991045,42.42015184705751,28.30647919735605,42.901726601365354,6.850835156091505,209.70294958754616,jute,16.67899516442565
117.0247780036368,90.77450794993092,134.40961827734355,39.14316640109776,73.287683909782,6.401426241672699,213.57128756358304,orange,20.120011373858063
21.66171626076583,70.42610155001664,153.58072057647988,24.97124373163387,84.57347951547726,6.754418482138072,295.33004733842597,coffee,21.8106025890185
85.00508298487028,53.87312243554461,53.456232023591795,30.16176074156467,56.398756989937645,7.656842645503184,238.14000560765723,grapes,16.59351976167168
65.03711727628296,84.50575205302447,94.93164488854848,36.12415758128981,91.51309358599994,6.218707914440184,45.6864854060446,cotton,12.787132264336597
134.28696780513556,59.81795122021396,196.4979601912187,18.33794801035672,34.44140445918581,8.362598022765116,254.0294689111955,lentil,16.228524710469927
85.02746201203793,126.8980155257789,75.06061104259487,22.6883683017004,71.90613388405455,7.122126558710127,221.3246458734488,pigeonpeas,19.57181270934808
24.85270915795176,119.96324086656988,32.72960835309952,20.752550656089596,63.094672107774414,8.977132918343143,26.283375810765506,maize,7.735098676783403
89.27221921907886,25.615624668609524,55.45427574289854,23.77633835907336,37.65427763087324,9.468234839592835,66.30347709512031,grapes,8.99847722756182
94.07620557724226,5.002872514525296,115.07049673429046,39.257089161774694,51.8585519012848,7.473880621046231,233.43942414077165,papaya,16.932509263129493
89.76873882278797,33.5776798528476,164.58055177882522,11.118061682906196,86.435912688929,4.633226455819337,203.91206739817807,kidneybeans,17.18450864203177
86.90059716737699,22.642054643961327,122.58201556689778,18.727642159827283,46.06760261040617,5.209553698646724,117.96693917738313,mungbean,11.16642819845345
34.3182924667053,144.17431964950165,41.03726386630668,36.90285538768805,99.36525140625879,6.418923852061489,196.69359218803191,grapes,18.43671680396565
55.50661930480247,139.80371511030398,201.7131581615847,13.692811108500983,93.0730928648084,7.821010914465811,278.15825560927186,blackgram,24.705114559631898
108.16861709181043,11.49899396254556,172.58001017219758,37.16244440008306,50.81933869603693,4.869678217583488,154.59167017728,kidneybeans,12.372734332961072
45.17912431384603,54.97321973197209,161.51249805853473,29.31285849858465,52.839284380586705,7.821508001299643,234.28761840975065,mothbeans,13.865519741573863
48.73961990012102,5.034340671679029,165.56982139765628,34.67900665948493,78.83231509760535,4.882904656838069,183.86224050225292,papaya,15.67245004685456
90.51527566897649,120.6829278221229,14.773991741413113,27.90853651482207,75.02216567375393,7.511835196741398,202.00943158637358,mango,20.435974694256284
56.2316889736687,28.02100966044626,90.14523896425068,11.065327827116805,92.22406927073088,5.317436675182977,268.0849718076656,coconut,19.485019746613855
51.28298577837366,69.81636166246565,186.9249058824363,22.798083413796487,74.08909238156511,4.676754105203471,41.784031730187664,pomegranate,14.364780990610464
113.38889163517345,54.035965272483374,50.522337673162674,32.419737053551685,41.897204378932216,5.732462625351403,140.66080411560586,jute,13.973078564139856
58.20074265565123,114.04093325737212,21.174413091736195,15.143189838762101,62.98050277336065,8.958683489625479,181.04467526782526,banana,11.910683517485634
86.86077998659286,114.98233176740881,115.20009715228885,13.332308936523416,86.67060843198018,8.302925853387682,249.6841666791351,pigeonpeas,19.087451237885546
123.06257829792547,34.10080700176054,18.53687105384729,20.11627789933044,66.16797736684524,8.511849414795176,131.36339634170474,maize,12.22801625279023
22.74870399166206,84.22557486970005,12.211952412453426,12.55747735034651,79.35588242298763,8.178040532510582,247.91458848838366,mothbeans,17.167688187141064
49.96596963620031,23.830300664275985,164.5074521163753,16.860253551598568,40.88578699308069,7.615553437940282,41.58296738098883,apple,8.880358041707684
43.40740660433559,50.66989332462641,185.29384567885123,38.140558055542854,63.73064789691014,5.993977875746971,224.48711475037936,mungbean,17.85552862577778
74.33065415298987,38.28052364291092,199.08056013658137,26.969426901261922,39.168733263753865,6.530450210919534,112.2144753451322,pomegranate,14.88127991639246
95.26672506341933,86.22409271693824,73.0756601678537,25.512439016732845,71.2319275987303,8.947439022679108,35.57874773173152,banana,13.828963043053102
82.76879371389646,103.83164482565715,125.45620087058404,21.553948213503425,95.80828870390285,7.069933706939367,291.565242321948,coconut,26.46249205911151
115.20601360195131,108.88323444153484,137.16475503858533,10.433825372614328,35.42004053502135,7.407421441023208,275.2987980858793,papaya,16.977340773855367
59.435630997860315,72.17482539704162,178.42035018757417,17.561780556086724,37.06746678688408,8.82318186480525,27.361157686602425,lentil,8.543658057516577
84.8436566940652,50.64735704027994,72.7242102210157,32.704354577270514,34.65137938028973,5.873776380872561,62.850525314391646,pigeonpeas,9.870698144136437
131.17513248035283,58.75320521047946,145.61440438142918,38.83026546732465,40.66618443908171,8.813547943897742,137.79769971009563,muskmelon,14.76785671203364
55.22460064845004,51.75779055724022,10.426644973613225,39.14212459500879,86.94168026615492,4.969589789631103,299.86246278585685,lentil,19.683036833745057
66.73414141903083,98.75115712250539,26.286743739940306,24.66708515962002,60.98745121808991,5.580201122367899,104.07555403850462,jute,13.356697685365221
54.63781832119232,34.879658755577545,112.24183421366669,30.128741022108937,80.75651777486954,8.271235922484582,30.31309762413087,lentil,12.305771256765793
53.55657124716054,54.70643540712415,12.379767889746724,36.478144468566875,89.34997150598205,5.757504599672014,244.71649208668393,chickpea,16.660188757968594
60.20153116820606,102.5895254083532,62.97156760602689,12.108287076630997,65.3358483750285,6.691635204395297,58.6828160654261,pigeonpeas,12.055617602666866
106.76435538311374,83.47540232724496,165.71481707677458,23.302246389841496,64.3723533906761,7.849856744504698,81.94830443537369,blackgram,14.371172417421361
93.80071159438006,23.47230407627431,55.79267537142549,10.697513058524562,90.47662040379858,4.6245253487310025,109.23483460104275,orange,13.419961198949652
34.79768147304135,41.076673476753925,193.80850034716158,34.71567401477374,84.72793988542384,8.822787451510784,229.8895922430591,pomegranate,19.172815987603244
134.66077820947288,90.89195819343736,150.5799211727851,36.971937753418175,89.69281965859042,5.592009248595595,36.25681249045103,mango,17.08396837910234
80.79790900144461,96.01582385580517,155.97510935542496,26.631541174945298,95.67997906068274,9.384170853251923,298.69584865047045,grapes,23.743395620255917
131.9144560107054,61.62715734311366,176.91847824947706,37.275228962190425,93.2898330632593,8.654231414541908,133.8477652595501,pomegranate,17.022387100096996
78.98727229197519,35.07585575400358,186.36214847177195,31.485934914020874,49.86304376647463,5.174782196487971,100.60285195830217,papaya,11.85574327934524
89.82540174699601,121.70124464067486,57.73272261395257,16.296330150063678,94.84240341305788,7.967404381786892,208.02716157630192,apple,16.563171001462116
91.10348533442587,73.9682397519034,173.32719066048816,30.937969432399385,76.67753103694315,5.273250310023068,35.46378361141201,banana,13.491490416889915
126.04701823440938,82.88254060568293,130.38557652549795,12.095108593287089,39.328460601909086,7.398352175987698,130.7996035882482,cotton,13.86056909469919
136.67980141547497,25.668925917007897,83.96555033112531,29.949430757140924,51.38421287802448,5.835161688607476,247.84679697607427,mango,21.006961622588033
103.66193363708555,10.44156993415003,108.89622217790966,14.985435204129155,97.89751762448832,5.779172692555489,137.6300583553825,lentil,15.859327024236453
101.71729072318641,137.98949593642624,61.87886638256761,12.434782326808428,87.82970622487322,9.492084818246274,181.96108264565584,banana,17.5134697181338
113.65616481859294,15.324866838417817,113.00279725185624,18.325974226315815,94.05187464146768,6.756656066297425,271.5697375739949,muskmelon,21.243641863128992
91.00729513285856,35.46562195561946,49.000030142829296,28.11614992637192,58.473319478711076,5.386321493879517,240.47117110864173,grapes,14.97424277040512
68.84194820073918,13.194443498552737,146.0224522670688,25.095949830549493,30.791608067607037,7.563279476141865,277.5666863080602,grapes,17.587702912866042
112.93770647416144,34.18345438812794,87.49522963791469,27.042274577435855,70.9110040310797,4.845160582536357,254.30525767685197,maize,18.171033770427496
59.86079453461828,77.21561178894292,198.1149959453477,16.493109118970164,64.96747784208281,7.622432780538103,58.644089533186545,muskmelon,12.095625044708976
139.67834325940953,13.582535042824963,91.54525518668792,10.771963689477243,39.379362353008425,6.114612804553371,130.23549965614194,mothbeans,11.47597084081578
125.93573546037388,23.216949920943904,176.1686287009468,31.729168891934705,88.77146253700116,6.974178525869353,29.375758990568475,papaya,13.703567877214063
139.92927054279642,24.385043449754622,89.78861698796484,33.412710069144296,32.25331048949778,7.9489137557002225,42.50453460942386,watermelon,10.423350281095999
34.65790494687214,122.15447326769754,82.45581743189203,25.863300272919407,60.364558034642016,6.878586022041027,99.91975183485255,cotton,12.147583363228211
40.58899325157632,88.08324348387845,160.71945590147547,19.371918516015846,31.8102268477018,5.57171992376492,211.0713892899922,pigeonpeas,14.521152241149936
86.63583071235678,69.76820709453149,110.6954802006794,19.60676483430325,76.05806736956539,8.985874508353401,239.05896501658128,mango,19.910631225302463
117.35154196003133,76.87630594558698,12.856407768682017,38.38617654144517,35.79138444041653,7.48841751266878,265.7469736213844,apple,16.20138465645089
22.046065527701426,25.638628269736337,66.25895825970872,23.94102045692371,34.578229930128195,6.994911167754617,89.4572090924881,jute,9.885633708154929
30.48560750233891,20.17877835816067,133.1234248451116,38.61643288294563,62.60870472434721,9.302813508128375,282.6638726645231,lentil,14.403413656862412
99.78111794440638,69.4257390110531,58.98992701616727,34.954404761882465,49.27226870699042,7.795119931333961,127.51597468995509,maize,10.398432593642726
99.65651442929432,48.69022256135914,163.67200244733598,24.651084608645526,39.94889258411136,8.922510406132464,114.8253449462123,papaya,13.047595313201594
33.62607713692857,143.9254515618829,25.71118327416883,22.463553210372627,46.72632991081176,9.269229817025955,198.02118174375963,pomegranate,16.041020572712835
123.08607224402448,140.81252044389734,197.0622301047373,16.633168286142066,45.81407407791114,6.330235626065891,106.85881985691874,cotton,18.159876147420306
92.62600605621095,117.78512095717296,192.35363213492002,12.035814357319971,49.45849334688806,5.775068867214775,120.0831058006744,maize,12.303501004950977
39.762192759331214,110.06031883674083,139.53762791847183,10.3601540010612,34.12105225628256,7.731247509301902,127.4370918778387,pomegranate,9.276418007505336
124.97106168663193,47.387205081550526,31.40473538266712,34.58561369647808,56.77625355824365,7.755422858206201,226.44713501148613,orange,16.653411364715122
90.6778212307035,25.086814201697635,85.89662903955508,10.997209749598303,45.163966130787635,4.874343147113374,128.57806946202479,mothbeans,7.0532924944904885
70.62609199696848,17.228078219514686,28.154155398157684,38.505162785097085,77.31208724217429,8.758043502351494,200.01177411657739,kidneybeans,12.886682206056195
72.92498267078321,38.644933740964746,91.13918736905337,36.183181766602615,88.57362771784679,9.206906249885147,106.18209785506944,cotton,12.582842671006329
96.27467693572594,97.98632273087648,186.78629924266053,32.48275683913316,90.61690854688229,6.581960459299327,262.2997745761936,watermelon,22.068452408547763
130.1850321090529,83.22053233510964,56.02327292795161,10.935425924042885,53.54112414178476,7.362954570322289,31.931720743832432,pigeonpeas,10.364248439846204
53.03400622911497,100.140905005343,146.23024050725724,35.45245985258684,67.54824576125586,7.745025737975885,76.85366682937168,grapes,14.039937418722161
58.51777683109741,78.848093031347,115.45509051608242,12.683447452745373,76.27946028428448,7.6724074795950585,235.4508368976499,cotton,18.793122848973464
55.671025628442536,96.01548396193418,32.3461651831217,30.32794632365327,34.13186975742961,6.174657764798138,257.07911425310533,blackgram,16.401587726527126
139.7478211306955,111.17437550956394,125.23099061804636,39.50858235989274,52.14164318215625,5.328077845605856,226.43643150236827,muskmelon,20.32483190549178
55.48509147259914,6.290743189526376,44.34810448647199,13.285524758270775,52.32956419211504,8.629393387292275,202.4283119022021,papaya,13.237198477079591
120.83912716452593,139.6144548855402,47.475525833094665,12.34093352816864,63.872309748752286,8.457746859741546,235.7792475841864,watermelon,16.70977055545868
98.90982641639947,31.3224014975009,27.356859820988404,29.82597275205239,77.34637849584385,6.330748186052853,255.98438738814232,maize,18.691844463625156
83.27111281653217,45.741166125914674,167.78182135696187,16.52630896292532,30.807102571319717,6.573047296180966,37.95023934660455,jute,11.894357539688283
97.24972300000378,46.25844472631924,54.15864546424653,14.664869892110186,39.46205918591629,7.129286865907096,210.821966424172,watermelon,12.304175650440492
118.3360101793306,62.648820678730026,74.57878817624876,39.44046151261469,94.87623565078498,9.359938410623807,59.84371909243399,maize,12.47215777506584
92.18887151419231,136.8315985410047,130.1656286555474,28.722281405676995,56.20903639225239,5.166585781405255,145.14254291163581,muskmelon,18.80363360759736
50.711371048174584,38.770810531904246,118.05997262090361,26.98045549403288,45.2563457691942,7.4373765517563655,116.84607799283057,mango,13.581041297675918
45.85921340491633,95.28535744222556,31.881225377557815,38.61927142241628,71.51104714906,7.6312836516033515,141.4565524649322,papaya,11.963336804718391
134.54740944178855,55.37073357293642,181.63137773241084,14.46328938541749,95.52882146172605,6.252431419490383,126.32361924613679,coconut,19.047887206640034
27.367075729060257,119.39973583178521,48.1617997931732,26.27587721422549,63.9651910312531,9.105262702182571,174.68313303920354,lentil,11.005911284913543
106.04327554616971,37.92950138969162,159.03743022096495,10.588107041388461,80.13133192247042,5.010305517597115,224.30149835794134,coffee,19.831252441221224
80.4547349547635,94.52427205959926,132.9482931440634,30.13057907450281,57.13173361980028,6.350024195284226,21.28366877667707,mungbean,10.651681894013059
125.2052819191706,78.28141924040187,12.164717514117003,16.691618641185713,61.545292164247016,7.988627595084667,81.53062826192487,papaya,13.630307323522814
80.23630647530399,95.94987611880323,118.9596388026571,12.009227324625265,41.110644081372214,9.319086573848798,91.6712351240685,muskmelon,10.180518555920326
118.27715816199199,108.72802457320532,188.51655680596824,35.928242810221256,99.6228059864127,5.4130570628807275,105.33330434347602,chickpea,14.800861094648203
70.58031058285877,118.00268392894198,164.95666693736368,15.095093140362625,46.57543984995189,9.293191306498528,144.35067074706774,cotton,10.289616887247224
103.99025298061066,132.62251427418227,23.702613286353163,26.5977756148579,78.68718739582826,5.881904105531343,179.57117096768457,blackgram,18.539541428923016
103.28851566110781,77.17138382308168,184.47935722449006,33.751045383911496,87.12075892771239,6.047752364997333,138.56831655267152,blackgram,16.80057999030926
98.26673893318738,95.70866660241914,19.710761298298248,18.622468512418603,69.86903652745451,6.092760687515514,137.03664677288458,muskmelon,17.6278925940145
115.45188332473654,77.99837693521465,23.217413317574827,27.477605631732988,93.85244158177989,5.28617202218952,109.96594582103288,mungbean,13.296819856700818
65.30003177701587,97.12868818799501,49.78335287401318,16.59117812444945,42.309453492275736,6.674061317633616,169.20029664121512,cotton,13.101646826641232
66.48136779629299,12.308659343313757,100.73605084003496,32.20022538318335,65.96216011363231,4.859476702572535,143.24189677686837,pigeonpeas,12.300289261698072
64.47216838171792,32.29495497731927,191.95615826168407,27.440308112192294,50.112777958412735,8.023883645574754,124.98013438061209,cotton,13.63687442660576
94.6168037389805,130.71708239603504,44.661423939281846,12.532101930533877,58.402648676796275,5.727277413052883,181.28914856294895,pigeonpeas,13.892550315796615
97.48733789606146,133.30324805450095,16.67847608485937,15.024492579287223,59.008479896937246,6.362258217519338,137.05444882964628,coffee,16.579907596149926
54.71452964797911,53.39033641880046,162.3489784122296,17.355364425175516,77.73911836024169,9.0031029249045,118.12010348967739,blackgram,11.929032278046673
57.25738797407338,22.403168986764822,191.6602096470389,29.144181969064586,31.888223389910483,7.811835475933403,145.2029587741822,maize,14.130076365110924
118.28825897676883,28.984205536591745,149.0222237749733,24.566980115057902,43.093161456894975,7.993699536649745,173.2685220343887,kidneybeans,15.292906854430813
81.28023458488448,138.677797085481,168.4760790853187,30.752291188862102,88.68780739374932,6.427332916389631,211.64276472325977,mothbeans,21.445126701463753
33.93283038258609,78.93499763650772,129.02280243372505,22.112223895044597,50.206677936771634,8.546586878127787,39.12007544339764,grapes,8.470555691124067
53.79969074992546,36.89085505331062,174.78091251112613,37.71067388201777,79.01186137094297,4.649997563825384,240.14529463612052,coffee,16.71848897436009
128.86223860810108,84.74651546200641,181.04800915909098,34.7147953543987,35.58431477165963,5.536353330092262,60.67311202495262,kidneybeans,12.000018932685965
32.50136870096083,23.98632659602227,167.70976248765348,37.87570409587991,43.96329795774597,4.555687882360865,112.66681344221782,muskmelon,10.096963007477012
78.9814708671502,94.86050902682278,87.29697522730844,20.365226410374454,45.554028915325944,8.352662735190728,214.7533236363482,apple,14.008617658664075
61.80864965637218,75.59693937939237,107.90737973840132,39.75984448972416,46.316940247454916,7.876537542935393,58.70430996759386,cotton,7.273113746990724
39.3507617029982,119.89632115004669,120.24965002423755,12.77379897768272,75.42288785979531,6.62535372744205,247.18814260463884,mango,20.433680418910203
26.790901712259885,83.43576370016201,156.06799567109482,24.902864484343112,71.5485062653036,8.994740927905221,75.46788016873583,blackgram,12.996451873052944
23.306295297125228,90.86126800774669,122.30181999577609,33.93529667891066,70.83003415409429,9.129995811755366,239.26929194081973,pomegranate,16.018954292374133
48.39312111091673,60.251087779813076,67.91341326526738,19.649552149087363,41.84816669428321,5.969355235547722,25.505525193246896,kidneybeans,6.749852845124679
117.30035045915034,39.639520352442794,179.26702353422127,15.095496270758893,89.61105787105748,8.36423790037225,191.14178847936907,papaya,19.05976351566148
116.19552745554508,91.25486893840318,36.378324994783284,35.59487176150594,73.90769516130905,8.538048495175019,236.74999370529142,muskmelon,19.443532935046097
107.26836688031521,131.03970590763254,158.99732603559244,25.84902895467261,72.05251583581611,7.6411223823879135,55.530118675271055,watermelon,15.276968097683028
135.79751552553333,75.99781899201903,81.01722896261191,14.726201127746776,59.157372823263046,6.0121309349627445,44.6196079365697,watermelon,9.565951692507763
102.89797389356323,8.00375772018606,35.154301362220195,31.296443398260102,79.82951560134143,7.705813529225885,153.6619268275769,jute,16.248074126342246
115.34410430793496,102.26605234001221,119.83110908647345,13.618264700557488,41.58897894688751,8.601397803354498,244.92761541802176,lentil,17.53491004058501
72.66081592593841,8.644570975304791,70.43538850570879,22.619189726959533,64.00714003213943,9.146622992806046,50.43863194403999,muskmelon,5.798035950500657
26.9901915149665,20.46251849405482,91.89742833330571,21.37514505849702,99.27957878782038,9.334319783593516,73.11090605957516,jute,12.007966255800232
103.07142848143593,62.23804317465275,152.92618643218827,37.004228971196405,42.60990876592825,5.479921306888306,134.44181342374492,pomegranate,12.877374755019444
110.14173937989902,13.33409251474507,72.99117964764041,18.64515299642301,37.301022609113424,6.312356554660028,103.80963055898611,lentil,9.302562599992681
125.99631964804556,68.67784092225023,154.33303455336372,14.380311013320227,92.64764650507053,5.262973691075461,73.78833056782901,pomegranate,15.652777486013298
138.5592933687592,116.07152485205614,81.0871605783964,27.275381737107114,73.63156216574454,8.613636106236736,226.20649991754414,maize,19.423443947443406
95.91511845813663,75.75954127630938,8.725658555543498,13.407495588165997,70.7120010867782,8.46831254848933,233.66888072038768,watermelon,17.037522601700594
70.00391384521267,57.99322608485544,191.05918814528582,18.561355527176186,62.95535446295509,5.436169198076647,165.95454679748426,mungbean,17.10969549310983
56.4847354268677,118.51089010279595,187.2623164351252,12.188736691436908,82.94971754234757,5.776717180752454,69.09174551025615,grapes,17.470504856138128
93.01049742624792,139.66728022112423,137.2029214065476,37.66827149800959,69.62066206917515,8.716893688879638,54.76547431200131,watermelon,13.25965815288178
82.7042282702142,77.41130611627501,46.63697560170823,33.30242098551672,50.92035109686504,7.402050115889863,96.02622315063294,grapes,9.612847307314901
106.39346637629063,129.6708190609248,202.96638641978052,25.181918473050217,86.56439030785717,7.33433532659121,156.20710487882567,papaya,21.41335112493245
78.1130292586045,63.94393663125528,149.74413810279756,17.490274478429775,73.14670260642004,8.064800888822148,269.7854333493974,maize,21.59090852224857
134.24430916139454,92.8685950994415,81.13529704829367,33.7548316279489,51.313173113100056,5.38203793034931,172.31149802335756,lentil,14.92981171076458
48.09621974147541,110.54801660764089,49.93830325392862,27.753675873128177,78.79045590963791,8.798739478307693,225.49211642090128,pomegranate,19.323407627564084
24.138766361534444,20.39083980795848,154.17590906415762,17.862127795064445,75.79019145688906,7.995994513786165,116.63317004171176,pigeonpeas,13.042757638117918
73.70483702757991,78.10091475120825,187.7571665047837,21.430444087830864,45.223761615093785,8.219105559196908,57.70323422000966,rice,11.58445603674744
42.342121113982714,25.374080871177142,164.7678749509711,22.8910687574368,99.07199689083471,7.1214897222622575,256.7828150121531,muskmelon,23.210223636123043
77.6615583430083,131.63057977053103,165.44864359796964,17.30292775029408,52.73565457883534,6.2647936372966955,275.56677256069673,mungbean,20.21996228590978
66.72333973973417,93.61810583200476,126.33879269248575,24.42496169723162,96.1071178408426,4.615731726776708,219.3970956523247,jute,20.325755453610192
136.0381150666986,79.63127743103169,203.74603898858726,23.350247506500445,67.32983375516837,5.830414159856228,271.7052847443034,mango,26.12845146299063
89.62805881223959,105.88032752839551,71.2149477396353,28.09062544861366,87.73983420896172,4.971121425822458,218.98776773155592,banana,20.451111593762274
50.81635724543031,75.57075274282387,8.927639463934774,22.723767642981212,77.4642982557618,7.088772926429394,187.46787150113965,pomegranate,14.978461008132994
128.67618457236324,76.5036798524851,66.00824251627816,25.336144885539568,91.52898644461769,7.957031736875587,260.41250416123285,lentil,21.094005612337252
30.4984027552418,143.44307669570188,50.805182414675436,29.07701258247156,49.90415713614561,7.766231076779629,78.91247344373508,kidneybeans,10.102405784997174
130.20901069678814,23.86359792227318,87.57187465938125,12.672405140527118,37.94334814068162,9.020554062797666,144.93028375253814,mango,12.044973479762932
85.2803988506625,43.38484155440812,49.4151399887859,27.274402955445417,56.080367352062034,5.202799483848343,169.75905491273005,papaya,17.154984047800973
20.948544103455454,84.67937231890161,130.89678079793134,18.90860704309218,80.87966868378089,6.387159081089838,220.97647764827926,apple,18.34271218852352
101.73092476758166,137.66223596873903,117.99805961642633,21.91440707559599,48.77914964440926,9.170218963237467,210.98150905432,rice,16.33795555944969
54.846910578315416,71.80862739418191,74.21090125974811,25.17539130826159,43.01419191406154,7.910770699665823,35.605766731444724,kidneybeans,11.275416311157986
81.1945407203137,52.071667031874185,73.4178082401355,24.32094650241424,99.79161728138216,6.541898403157379,71.05218434864028,rice,14.371668261523386
26.020900647911493,8.203378362755743,91.23292966221274,22.80177339620181,42.9881780054567,8.420095268856047,56.19577581756605,pomegranate,8.356672967087569
90.50911731719269,8.866292654690147,197.5945251485433,19.238237786375606,61.49824717044974,5.921343464972761,223.9579634494577,blackgram,16.329915299129787
108.11673676256126,134.28794974976327,109.184651580145,30.322858206799832,55.868505956184634,4.551947246446563,231.8740275308553,mungbean,18.181082723007297
120.06575123124523,25.69673123962957,128.34551835730946,38.650404489477566,88.89122047041153,4.809076168898646,109.57504543725511,chickpea,15.942670241060254
122.30058209986743,50.942458820116094,18.761030751410797,39.75968321400228,77.64930012232495,9.132902485420672,115.72485280944922,mango,13.434988025234501
100.93966762479353,127.20676545544868,203.6116074232008,13.2599853557196,74.1781791801302,6.182199741812931,247.26435957683412,pomegranate,23.144518246135306
55.47791139888495,80.58786156067426,119.76375200674933,27.324186943584277,89.65461497176207,6.448737073368305,164.57916554661887,kidneybeans,18.86865345511602
125.61545144577377,128.9097319269797,110.5831653126404,13.411104961999953,48.93613152768607,6.784441000030611,230.32745864980825,lentil,19.952561293126028
116.31756899685504,142.49599371306826,182.83170418663113,15.869692835302855,34.03315958642769,6.572554720221617,192.90124625235813,kidneybeans,19.775303987696436
91.75002300814934,13.679991367335123,84.74986185021172,19.075714629690633,46.825187154204386,7.522673130422483,184.79175601431405,maize,12.726394629496854
105.68207729728113,31.92422222845631,172.72395888129722,17.9340648644329,32.26289745435891,8.603376719876145,150.5208381486764,mothbeans,12.727558677079985
33.985289337838246,113.22991375957172,78.64603783216637,35.95786687395417,35.191896414891346,6.3736085509616895,113.92415382006617,kidneybeans,11.384055095606437
134.94120894901607,63.32382159964888,33.25121749311876,27.751433524815,99.76302928316863,8.996457744796473,98.00879131222868,grapes,14.153668016226671
74.60141430679052,28.30993715419078,70.34573811750124,12.109497781532621,92.27971914330942,5.493762385842891,231.93203792004687,kidneybeans,17.22967984491118
121.3455703129649,45.07782586354233,53.44352873271849,30.443207963916908,43.66071423974046,7.6991988280488615,46.43986231421795,mungbean,6.030626121937807
98.9955218256176,58.02929398377836,75.17326451704446,13.242045144712288,32.7477015197132,8.67636895006091,157.0724578037008,coffee,8.195707941731591
99.86745874545454,19.354897380277443,169.57243686569188,19.676647928384362,71.77596756992287,5.885714207897866,225.35366457609,kidneybeans,20.572196198171056
133.7747051287086,80.41547070242153,132.71782465831012,28.876885112269846,79.56848062687257,7.701425497891594,207.79751145556037,muskmelon,21.946142513194477
48.030830990523675,121.56996096691881,183.14080547718424,22.30064569936193,31.88329076947437,7.9748081044707595,239.52930613127626,mothbeans,17.481180728744967
57.03535878214018,36.55587555744964,196.54288974211798,12.633290830947605,30.30345760265389,7.864674511431751,192.05283958310517,muskmelon,14.64325301193549
108.42901938150099,141.3467942811805,81.0217893604827,11.934176339990533,99.15798548549463,7.6190332971276815,285.0061282850154,pigeonpeas,24.49047779309056
61.04406078445492,23.751137842181404,172.1020309164119,36.41028224287948,65.09181899125143,5.433031088310152,55.59331133111839,cotton,11.250321231067382
111.07373235095196,55.11363697299003,27.417043181301754,33.998276951195976,48.5527362646166,4.765218836060338,144.6540288604808,chickpea,15.798423760975052
67.84333897396326,41.90248532226905,186.05698852152776,10.487952223523298,52.88387270766745,9.217527918940174,203.12924195484075,mothbeans,11.522663333836165
44.50388751113313,39.755494412975,43.37022857437105,14.744483817085658,96.7318747185162,7.510157980706542,198.5943969628263,orange,17.16585639043692
113.11379632107173,9.539888209316542,122.18690782619066,33.45018003311266,56.33680338737015,6.6637079142734486,121.25497197539926,coffee,13.89450157980442
46.68578962149114,51.553970365639906,75.62661502868248,19.263273290859924,98.51269010036563,9.163655427547436,180.86282786696142,blackgram,12.629919869985738
74.58067088532269,137.04271606975465,41.70023746071389,37.69253782012949,80.29671588989967,7.85572455871586,222.59190673400897,chickpea,16.92400062755496
20.55866978801387,128.29923650792324,64.19809905515876,12.591231385683834,36.089118397676195,7.280091382304761,298.0177541495024,muskmelon,16.365481428807453
27.915138989348804,18.772776882071362,5.230468158917496,10.057085296745678,95.54952592534234,9.135084846037495,206.91506391734458,pigeonpeas,13.45406856071265
48.14841918443295,118.19739147183898,171.79162493299137,13.346652368926033,98.16344150089017,7.966774249495544,96.32605567540678,jute,18.52171642131906
31.68406840903039,63.72564644368823,109.98170150991986,18.8210886523333,91.6682228283426,8.688349707556108,158.2138554559084,maize,17.405024417843748
110.19395149187712,50.75193067192634,122.27049356502779,21.680825238426472,80.14798952543701,5.323374602585104,91.9389622143629,grapes,14.723929232380124
88.79909472208283,140.15545665739762,25.655537056216765,23.805262409528044,59.33549710317689,7.501030882029842,247.35009043812192,pigeonpeas,19.483507054411167
48.610237493243396,136.3388354608136,67.02656899807351,20.400672239401278,71.57018411463311,7.440558855574674,182.14138914321035,kidneybeans,18.067277751575983
39.065481703448484,87.11054340613954,44.294330169906374,23.72797392411607,91.10155193298333,4.930090937818402,28.5199899861019,chickpea,8.855355127565742
76.29514641080252,65.93693697547042,72.30066240365271,24.7396041970901,60.77436413799151,4.530852385836802,86.23547786577957,mango,14.084854983131697
119.21150983803827,20.110319736778308,106.70380632251714,31.90237079485048,78.88749494994487,8.30420926202235,148.08730336864988,kidneybeans,15.15378860198037
90.10509694390781,25.009482576497536,171.68013790987794,13.917446724755575,32.23021112849102,5.867221150340976,272.26182501716653,rice,15.598715865896054
59.68043224346475,49.298099021706975,165.3292548193782,22.645761993400736,72.80969347302783,6.5219150291643775,174.4079642383233,pomegranate,17.934430553545404
46.97803287073585,87.56794639161777,35.687405841812065,13.081050740841132,66.62629242475299,7.875054980430143,51.74277854565537,coconut,9.31485018787101
68.70167215982579,25.254242694352133,60.44822395250038,38.405364864224,89.2957815255763,7.462319172838301,132.35187782906425,chickpea,14.408890372907909
64.5210064477749,28.37618164660651,59.80857838531925,17.168996007657892,64.91188956943134,5.95752561977287,164.4971282121813,mothbeans,11.181558458012042
123.40358386394273,144.38292741344935,189.6417385423045,35.81994938460731,99.48202124216787,9.03904215987443,212.74293380812884,pigeonpeas,21.354101787018248
110.73788143262045,48.986828276778525,200.74342741116274,32.75569573782124,34.038525504220345,7.04436370178138,177.5337403399509,banana,16.296116747553462
31.991045622047892,19.49674418331759,84.06968499412925,25.085303695081485,43.067802088216055,7.923178431302185,137.23376019118706,blackgram,10.881125055249505
90.39601509480607,114.02927691278919,166.75630922793886,34.6970931763322,68.54295954212262,5.385602978495524,61.505170626119686,cotton,12.794271144081149
63.98172244228117,83.12675377440743,104.69556884757296,28.065942390926455,32.24782535155958,4.664183403150616,222.04664783758247,kidneybeans,15.200907930172047
137.8153365685548,121.95682304362872,87.62690426626989,28.49238460279495,38.21026200578304,6.431930214811905,225.4885675051648,blackgram,16.77753867616771
78.13655892528294,29.71407456737367,165.62918523150893,18.19499813234731,87.43353571633367,7.558045313974968,124.36479982566048,rice,15.002530573527425
75.94977534119619,95.20267770067964,66.48081993203158,35.15491653734425,79.13425254256867,6.1498781421384585,252.58651215056355,coconut,24.259754476523227
49.866029180263446,95.37859671473313,22.479937821039158,38.30827285314816,85.04324277133449,5.504807824479454,198.43743920017045,mango,15.63644777276722
62.21357193148398,24.005607767332478,118.14234102084586,22.72344728720245,62.36970366706338,7.214317386706037,294.9746008639284,mungbean,20.327409228040892
53.13473400128318,130.63062735586453,52.25208137492738,12.29419397932163,41.19575166076948,8.685014343604593,136.8456573310679,mungbean,10.601375426525657
127.94924688957316,129.12939145630796,21.03625834291089,38.36088935300607,35.38684185252902,9.317530576236063,146.7321769278293,papaya,14.290100350273232
46.918870245943396,89.59078321299921,91.6513127378446,21.48314966632087,37.46994886483702,5.171166652974711,254.35676920534095,apple,15.590059735322319
95.91239996024922,120.67483087978026,136.5704820575953,18.979600780948452,43.26369819115693,4.884829221115777,184.07858103283553,muskmelon,18.299284425836472
95.66114175089771,13.211902283728014,80.13261300112542,17.81659646109327,55.92338546007791,4.771417148782936,222.77079727336505,banana,19.213883636123203
121.96311839723127,116.80690279223438,105.75508676781415,19.26692806886212,58.380675965008066,9.34329067850106,76.47531572251698,cotton,16.3542980755119
98.19039203218288,13.021688539572276,9.485773687536089,20.57585387735047,78.45191939922887,6.152089636803308,206.96532416813827,banana,19.6291942420943
40.90801290613015,80.36768383346197,84.13492199174632,22.467541022338175,75.03101162252759,7.810443385462387,63.20081216026712,maize,13.250184282763579
82.5373382483221,41.26778335914096,140.09792412192294,20.997576038513394,63.71173214067943,7.339064379253144,212.14785237403746,grapes,18.207101095302434
92.45880466738201,144.02342162374507,197.82498640401673,34.87520445997477,48.64387789616821,4.612037982396837,253.39167680719828,banana,19.40389485784842
132.77790117766983,132.12079954313822,120.9123825704724,14.168647639555108,62.18705165685101,8.125821834645029,286.486257825164,apple,23.748879499110146
34.64260743574097,103.78212120903208,199.4215455801559,11.308010959561487,36.568023081695934,5.118183836690069,140.55789338356436,chickpea,11.14370135608357
112.29611737154735,100.99003021665077,165.18911970337828,18.004447680049708,89.45259381337337,6.71209735994068,93.33437570884368,apple,19.170459262544288
29.65005721877343,87.34676609629993,8.424907964669499,26.733455626387965,54.51411641693565,7.716479173593828,171.6407777489558,lentil,12.775821824680776
94.49094101400726,130.10397461548155,43.45853356545614,12.61019761168181,73.90483433317468,6.470654243863132,65.61275412203679,rice,14.285006201126262
139.69116555031735,61.826114706299954,47.45732175303654,28.865471353518334,47.097842278335484,6.970430216155806,155.12133144188206,blackgram,13.176266617097774
89.301385697203,67.5240603858666,187.41037563131346,37.0108416210131,59.098809535194675,8.873636811249051,37.927261280043446,coconut,10.759600427084461
25.564180257638014,133.01027817928744,24.734971332222194,18.378201823001042,37.650120656707664,5.783364132628301,254.54866921046636,papaya,17.20565627322251
106.92983915864517,116.03997872804248,51.85748189793833,21.115194802056838,56.74231811861909,9.279198304550711,134.6073199838583,blackgram,13.998136986817658
86.88939891762737,129.52892839997236,123.796357798465,37.58820585161911,54.98421587152145,7.975689862637488,201.62633228953953,papaya,15.439690855558549
46.59856099245401,25.102725759640855,200.72565124641173,11.358853865275035,62.74155409197892,6.62540158570931,120.80530830022134,mango,15.300117380589564
87.81948005749659,35.400888316222535,89.56092609808898,27.179436309750688,98.15556315966401,4.899433289387966,148.9159139998534,watermelon,17.91939510359987
22.782321415163192,120.53056989641186,173.1884048983651,32.390827247904085,49.594644019945406,7.699089297992633,108.54956370827678,chickpea,9.22404127080962
99.04209008886575,134.77825463463012,60.98271393922198,30.30671849766473,40.04927850901648,5.106919710486295,52.38045385816248,papaya,9.945408873931868
111.9617556597267,56.63015758527808,38.156757245744785,25.099637777361632,75.64994431279703,4.724133570767493,101.65412902288452,mango,14.803359309386648
125.47833736117273,51.94009266406068,148.59751224422374,11.861428430838451,79.66464100301499,4.841542604244466,184.412174048831,jute,19.594237027144757
56.25878653085834,16.07718179074241,194.86695494248744,26.067322120498392,70.58306875867038,7.575104445152368,269.49341953932344,mungbean,19.577281558291663
63.80615232316461,44.685564994915495,22.139332631411875,18.046140565675017,52.48409440851455,7.238420031326717,236.66078254185393,maize,15.44493395966419
133.370828702251,120.82899488176274,201.96036957674903,36.286091231244455,73.17081645165655,7.492396439083595,56.267315491180774,mungbean,16.35743489849872
126.4237795269917,87.46232266232633,140.85743665449664,18.827696975477984,60.90809845449603,8.534062394531254,112.58934125369099,mungbean,16.71032240716173
65.39658955801767,14.690613437314333,148.57129169698646,14.432377263225934,49.95881349425913,8.905405027769461,171.3393442278959,maize,13.500367927678415
23.020775564673215,89.52254705493242,147.82518655694585,36.39345296337939,84.03183527453066,9.133388502477576,296.0669731520037,papaya,17.324303160953903
124.15079609964009,99.32241045194587,39.187558241653825,15.451072789668547,37.71816194206842,9.214873599967618,208.37047539502643,jute,12.818339060007782
66.0829498371548,69.62189986870051,59.366884804980955,18.223982764401,34.33102326242239,7.569019628099004,145.45943285269698,cotton,13.102532257852221
120.61518062372824,32.27700614808679,111.4248930677949,27.141432934579367,59.75082930137761,5.703439658652297,288.8824014467168,mothbeans,22.64413471265025
118.73734022434739,35.22485525271334,140.06132471460523,25.194880044175655,40.25899986869985,4.624745980780387,280.6095143069056,apple,18.31525792227297
39.41428813780971,20.219643498777554,62.92749575036768,31.28514375955974,71.18015186848474,6.900615088095064,180.0258704508689,chickpea,11.68251818858762
118.31299712966296,9.537828743365228,139.19862940571903,17.011259152888627,47.69872719759971,8.102882645446705,242.16122847098345,mungbean,17.206866092107113
126.81164424724294,47.77506055030416,32.5781554842671,12.641230231129473,80.43082196894775,8.019841834021799,216.04539494771578,orange,17.25744865017337
131.6228752906581,96.77518440132927,134.4952233319672,32.78412639118683,90.66344939478788,5.809562391191775,192.68968058532514,maize,22.34767984075016
118.02752447263849,9.0159803095786,20.626208587811163,12.090873387074375,71.50716188481015,7.51468033787769,273.7093690193933,pigeonpeas,16.42870519851052
48.19682509428837,67.21312365487242,178.46668662965212,21.286509334580693,54.712165660065494,6.730590396348326,48.13799638840827,mango,12.538476768440388
90.5322641195955,139.67201538738308,25.71571029415886,13.647190604822283,79.12312896952601,7.836035275107747,90.14177948731326,kidneybeans,13.025606505427094
44.12383163989057,16.3893321812207,72.90441729477092,15.63523865603635,66.88588575252231,7.93423268685863,157.45804197392152,blackgram,12.412395300629559
41.097386507618886,53.07000669769318,117.24586810777204,30.394278575348892,91.0313107456216,8.30535235439153,121.73272026930256,maize,16.473540799064363
58.710373537956045,39.16567473791407,152.57567056119774,32.08206076068946,49.348115943536044,8.862842306259267,212.71004622025586,chickpea,14.029090312022841
108.76447477414277,87.78195844396468,197.24021764335606,19.982937977186022,67.90528577379199,8.566642654668485,124.44795675823045,coconut,20.005131903045626
69.88177645085945,79.4730661005436,200.0244570581678,11.27407485841012,61.376010166168115,7.6799092556460025,22.35968811739504,rice,10.732785370677378
60.957513203799685,37.000090778307424,130.08839936120228,11.186521880087657,42.42057489913911,5.966736188293022,211.3368170222086,banana,15.724706670470102
40.75626513249197,46.45079645665861,54.342740044797615,23.44922314718003,82.26733157013803,7.270647039634783,190.56992622312117,mothbeans,16.593904644263155
43.763951055467395,60.046804100954795,102.56669454956868,20.486743375330853,95.58782653037026,7.31265148778191,256.0099487051311,apple,22.23251686584411
20.2608540537905,90.88546407729173,76.19149060049953,13.532865004039564,61.12383845284543,8.177766611416523,289.26978251563713,coffee,18.96647016918054
82.41118658428488,16.878626191423926,26.564275524019315,18.970265867320578,44.80655878582394,9.262654859539971,134.74750522248496,coconut,10.66011709409532
121.6535868189104,136.27985971141646,90.16206192665096,37.95862145060546,41.30213664004282,5.284261459481852,285.7902294977434,mungbean,18.998997119742654
42.30894024247448,73.31865188057866,161.6422310758103,34.807610971705714,90.47784796544695,7.347854515437093,262.7448840230065,chickpea,24.28407189563006
25.941136263700088,60.8067179493711,10.325516090044902,35.18432184098904,42.396527256542925,7.869333824082664,120.0652289544236,mothbeans,8.521266088417615
23.853375473338563,109.07920573216876,56.743120437667756,13.727151899097986,78.93905911744046,8.71464006271644,25.565166841297966,grapes,10.20462802349055
46.168116268631834,34.97517764191942,22.04573208498765,36.89296865527377,98.58845158430307,9.27254403635819,258.5678791516367,mothbeans,16.16857816287496
120.27052670218241,63.4136166846001,57.09156007817739,33.64816279439165,93.91449097438559,6.029813515945201,237.26596791246124,maize,19.988121271612965
82.68367374102833,95.05052430220812,180.57380138210254,22.28962517656951,59.308480242303546,7.135909181735502,25.348583659118162,maize,10.524843490326184
65.6784131745284,55.016334726762665,14.74450124462738,23.920993237045508,88.53456680717149,5.401831459292593,60.78405615968676,pomegranate,9.37668779051664
133.64891715955872,111.52407504659266,142.41163063625956,22.47810833181036,50.11518854671444,7.201320516479404,267.9241877451591,pomegranate,20.97265945756345
49.54644238838439,36.5482230351226,11.797683351875094,35.27992738887839,48.53866236833016,6.294995705030834,246.58051946153805,grapes,14.831293953765144
26.411135293705964,21.780407477911858,99.26744806412282,30.053957655066935,74.88960524902319,5.222115431322493,197.37690651455847,papaya,14.46306517882833
116.17164874943806,51.54991217514937,34.39980943267075,36.203594006990215,44.84914031064366,5.9701493527732135,217.84521649273427,mango,17.408753130869755
62.273587197704394,22.62365345387655,113.20782943372085,18.777117776161035,78.22549487059939,4.5017218399227055,36.71123956868219,jute,11.086275882464463
111.0444199665047,63.88938072859639,44.399491241587725,20.739029217547973,82.00868527039732,6.620310601068889,89.8705988318908,muskmelon,13.283598257817008
26.73993974538304,71.49538537463279,46.78413553901758,12.73744080697007,58.78510666377353,6.256127021870775,170.50496634473785,maize,10.076660427034815
80.04461238911932,11.579493662398914,61.12927828176315,21.04037227699948,73.78291577935309,6.821056423969517,190.19471347852382,kidneybeans,15.06581093127524
43.65164175909047,75.11578592357806,35.00795285817537,32.321292420726095,71.57343821579185,4.892638457958917,269.09205102011435,mango,17.248917447759453
57.93284661533977,11.389935933823443,131.4453391543266,21.203207840450105,93.53326734149414,4.674389163570873,30.948681895828134,watermelon,12.351077399492459
44.78246787264777,5.528448175097229,201.10047940027363,38.14959094908011,49.190079585263504,7.691078931118636,224.18707760812302,cotton,13.498116409600923
79.18537274863868,115.29819690358228,103.98873254134361,22.875881878737882,30.810124454262116,7.340197512683781,54.92806187838419,apple,9.908119043057045
102.17279072106683,52.36164210269808,192.33617405159737,11.935930593993074,68.18784259927655,4.936980880108574,143.97477009034048,watermelon,16.332697425726003
118.04555052838037,55.16837121420021,135.68869172216003,26.71469258860709,34.51780731374248,7.6087509846533905,247.89297223629816,watermelon,15.901907563650534
93.72331324502136,22.13982179778897,80.71337003782732,17.841012774652068,55.281438158976954,6.963477907504748,120.57866909706405,papaya,16.22972131993662
123.64615700124176,34.53404090516751,181.46035828257055,29.922773590102874,96.96404543184791,4.575536208178467,36.54675839912382,maize,16.45742818012576
94.65631190232,9.424301792425727,75.83275768252186,20.375586787085716,67.9459977581934,5.789138896733809,94.80360024977281,grapes,13.106580555756032
63.583255113479595,39.87299962393993,119.57937233668292,36.451349414997125,66.43957772989553,7.8073602780248015,120.15500307135684,pomegranate,10.6325839685965
73.06068124698479,53.36300109848601,93.54903186768377,21.515043121686695,95.79274506626757,9.401258287379177,255.17226110329113,lentil,17.95869305260781
28.979916214096036,11.965530797910052,30.494070957048255,13.493642675758093,36.14840205086384,7.806713059989962,188.2358663035187,maize,12.278278502523253
109.65910661862218,75.17454569878049,139.5585548580418,15.567220734877889,76.74345356423959,4.539880836707463,253.3004428668217,muskmelon,21.7813348077864
133.2654141931498,71.94299742518946,91.61745646526822,23.50158437193442,55.18100341927072,5.33337541921327,255.77756354474158,cotton,20.67856329176119
109.35778891466903,130.8423824876968,57.04378646497141,28.863193577541967,32.96369129082724,6.4328223584639765,102.02379175976394,rice,10.114156148284742
104.19654248183085,140.267377631604,21.469724268779927,37.078385650702394,89.1942618768771,8.965925914620769,21.613627849999073,pomegranate,12.12147358951379
60.24579298722921,105.18002542834556,112.64177739596259,37.98625239220374,46.70381640988238,6.051263431252454,108.50532527759124,coconut,15.476350348728406
58.42636923997024,114.80731695787088,15.617603470593107,32.77743214610152,86.9689109618698,7.107989797931339,274.8414667156443,lentil,18.042805058941084
83.80157343077735,77.11357056441426,62.10163328327829,39.913464151363044,49.19604197176582,6.764506502199781,20.821536184749426,pomegranate,8.612632810390297
95.6071288032296,121.94947216015657,147.24283033760554,17.825206795075207,57.65308424872003,8.699082919020068,197.3471477695991,muskmelon,16.652369520645756
40.65129479880567,101.74709138090913,117.70730724631461,14.424247192034354,78.22152468216555,5.211744853275849,131.56196215071074,papaya,13.959771504415656
22.583912035831766,25.584331672867595,200.29413456963982,16.445455285608038,95.452154133506,5.526271713154708,280.76266366765566,papaya,20.696440603917104
74.57154993696793,14.996869576155634,183.43877736137364,15.209989770675202,59.76630772490624,6.670001951201918,174.80210139469733,banana,17.45027731146047
132.61595768226516,10.696661201160076,7.9817577766037,22.75198990453183,71.3451675691361,5.889523737260308,92.63585030401683,chickpea,14.421593648893587
116.46502395078625,103.45655258891469,51.27747887756861,21.706785935973677,78.6721551260778,6.2908156092560334,65.47613715615594,muskmelon,17.7246079307013
106.82810843437278,49.91333098041242,29.354454328891563,34.8863248543593,47.69613065129862,7.064074770533033,213.57608185698805,papaya,17.503326594719596
79.34999576548037,119.6099063953806,172.71172854922813,31.748183218313663,47.30383357779285,8.100934671595855,89.03097540554367,blackgram,10.518162846238749
85.65535450766389,100.03962213676876,15.61035318233612,11.800678033738253,84.89194807717529,8.7974862548274,189.24345657573033,pomegranate,17.605882440671515
52.01676331126171,71.55964601610599,88.95639240442969,19.92393383801126,37.41143323538885,6.9224351100347405,258.05824506563465,coconut,16.942778609972404
40.291274834193175,117.86473521033557,34.10589234295349,24.429809182628574,82.21799366563056,6.925103538447981,121.08617780481885,cotton,17.337477131958128
95.73719471473227,116.0821659708181,7.897737231857733,36.410932285737175,96.78348319495427,7.3758467087878525,231.06536137686155,chickpea,19.43244276754341
122.26975663796154,88.55713967943186,120.8766167582814,29.773966115236192,89.92022160801939,8.15953062885482,79.11477438040868,coconut,17.4080953736103
24.71575433454991,95.91705272996222,100.49309412542497,14.629354704029527,82.02763349788154,6.55653427703012,168.84293318627138,watermelon,15.9936015229741
115.85043473800725,111.46394353562742,67.42609734770286,31.08186349185286,64.61851330680288,6.116460504069986,135.6306459740992,blackgram,15.373244348429154
79.25464214546133,125.07929541205301,183.96870753859727,27.929316270523465,65.53388697818716,8.41640071666167,94.75613689016853,apple,16.850694956341876
35.003059870387226,141.98344075000568,95.91509177872943,34.665140222764435,83.80534849549886,8.068465235728393,251.66216393729073,banana,20.91431841779245
87.0762045257136,40.083571627450176,193.1922526679777,25.338244910900045,39.02762044868372,5.89803135262142,224.33209891798313,mothbeans,16.24787645740671
132.5381583436341,67.32476904161285,109.21580459019934,39.652367075185836,65.23821601995321,9.238719972309863,276.26471242208316,mango,17.72013927656891
66.4883264713116,88.1433732100261,26.3273526857634,14.235414962097007,91.22770172077738,6.001723141258058,105.52635653928604,lentil,12.080140345485454
89.06066921336532,94.27802497010431,133.5725128930272,28.371975572755456,41.18385642366679,6.782077073743777,22.14592559357637,pomegranate,12.767521053920106
82.86746038042445,74.02808946713074,55.18304318845024,18.79862644277779,83.37786976401254,8.278661595908645,151.53900206715588,banana,19.388832595348845
93.45050828281703,94.87321992660266,154.85162306918576,25.62070262632153,65.72352318091802,7.656518886641054,216.85355078756572,lentil,17.346067191916347
67.70465959505428,99.45848115102795,80.68982026027629,15.99922368064182,91.03310211428547,9.11077690396943,195.4846939460856,chickpea,15.069780837989748
89.07485007046373,58.72042347541798,89.20417891262863,34.003940826487856,49.647159718223435,8.857018957130816,270.97612515771414,pomegranate,18.61743363610066
96.67460190527956,125.1705543349302,181.72163290181004,13.195945729498028,87.92414225730282,5.871216759630501,223.64593097456813,muskmelon,23.034534605949
129.0576851871577,62.543416093154974,174.9925756583687,17.477096335864502,51.921784855792325,4.796116985862483,92.1749538119607,grapes,14.902675253579579
88.17922530151357,5.8624711623744385,46.854767571079485,36.96964394380136,31.52105819146301,9.023974764484908,51.710730275886874,maize,5.666887726450787
65.43817655028394,94.63061326678057,27.40563106266642,31.076649608879524,87.59126862940286,8.608728242691171,99.59771335338363,kidneybeans,13.261095512802571
115.5046831850913,92.6517113324209,189.53146782492027,26.417504531439636,34.367678227013734,6.518434249993251,204.237392805597,cotton,16.031282085670682
61.19385510646528,32.834896719105586,106.4159598145427,35.299326827837234,66.96364962048585,5.117200048465488,90.49726102360759,lentil,13.996218001161445
97.22954876154972,118.71490840254296,67.47373060796886,29.423091078665614,48.568055110559236,7.951899473146181,215.4254396254895,coffee,19.17731004596557
99.8107740772406,51.699405435251755,39.51898631852548,25.010836983213224,61.66076787361049,8.369374055309985,43.66434256514118,watermelon,9.622636354436999
81.90585419956052,69.84444400313943,202.77179494680962,27.68421139787318,52.92049166728397,9.000744342719928,107.42018789910102,watermelon,13.282108864317943
108.40749784800867,24.4421119082307,172.77327315287926,27.89360143486035,95.67116924245215,8.829783009724341,40.96417049127056,coconut,15.347360810318804
63.459601254968454,124.13436903141655,147.89084309934194,26.994200285283075,31.361320623468387,5.679011419679332,244.98390391397172,cotton,16.18771142640739
107.63482366291367,30.84879709018376,126.27351163987173,28.846341001015052,82.63763579805371,6.6917120044782,197.1489157439323,pomegranate,20.735032601017164
45.15174597538254,98.5049568794091,114.69346564168269,34.114884916604396,42.383811831527055,5.804698013369524,278.0561500713622,pomegranate,17.76584296984293
128.07062814437458,59.444101204612586,39.64997754477719,34.535812120241516,44.96271751096382,9.144753348745429,26.405824662132964,apple,8.36779665504988
99.7124270187252,97.487720540466,109.11893610291393,28.333122193294088,86.7346018075963,8.420983893441907,29.695105609954915,jute,14.36017568578165
100.9822897663219,101.24170184479769,179.90041845653553,29.94775751939228,69.3414827612931,8.051592620955217,230.2718237208754,mothbeans,19.5219324885107
93.8779877947833,139.1248327565454,71.15756404140126,32.82622156231823,67.19503337164196,5.600449660434585,192.28552015605254,banana,17.86850934044611
47.09203313974287,74.58698519333575,96.63449265302472,11.197098118338648,88.4107059496804,6.386910119692121,40.35298529633846,mungbean,9.966916222012864
56.325759802852474,110.55767743152329,99.80180434953249,36.959072640183265,85.82029751576322,9.007348306535476,79.98939770378055,pomegranate,12.590550999181067
108.6156089697968,108.93799713956312,105.8000900934675,10.337515670438576,48.30015487083524,6.116504375021906,258.5702528388932,grapes,16.8404296130564
54.90886248594704,15.463664006397364,53.60636246484311,38.709365096174224,51.8360505011737,5.298565349620118,221.12405051754615,papaya,13.31259652490482
125.15744594994591,100.03840296707767,60.987862112759856,17.26362281887112,31.256742969946735,6.232911268961773,167.4959593282891,cotton,16.004409419879593
54.67546968130871,62.322463031620316,89.76749697744977,29.98062485417521,94.96422489553954,4.852932447239694,286.9390060074142,mango,20.064050863204987
56.28560225760843,125.99306379036533,158.4165774458581,30.429985424801565,61.99720948497454,7.038769923163017,94.7988767381689,rice,14.918516815350044
26.877565582319892,17.352662287994903,57.60504657691345,21.012411207782847,57.53217677830936,5.089430331440026,83.22997926974087,watermelon,7.930968463236364
105.13050592032212,63.420955282851736,187.92588751349086,22.234926530001573,61.21722628938663,5.133982990933671,109.86229982544636,pigeonpeas,14.74723360693341
138.22450578479635,121.94891313118906,8.052458326686324,28.50509772305439,47.91370674953466,5.021884644097922,217.56793367353131,mango,17.642481503821557
121.02001349068352,39.92020598428788,34.11202394141965,20.77109805739576,58.06179765613364,6.13043989890044,293.41471150194633,chickpea,20.246869129372044
138.26221987485408,24.8391353348085,64.30247032734349,15.12180795227412,63.2623181048771,8.484907007536101,115.3852736306271,apple,13.045685826761169
139.08547897174694,36.13945547610086,78.63335160469389,27.82049568774778,78.53261414291467,8.101410845032035,153.35067449977632,grapes,17.126001108927692
89.40883397250377,95.85290883122818,160.31891792105483,17.7797427697746,87.90635709628998,6.589800745335749,69.18359417752549,mothbeans,14.655899908501487
38.83947871279517,89.69081440582801,93.79910451555727,26.454969908505113,91.59105194165649,8.586201212554862,268.6348058399836,cotton,20.057259123427013
88.53640513536322,43.563416114506346,110.52198013952227,19.709115257207173,85.33582355639066,8.956359194190473,227.92274254405675,apple,22.463815154570657
21.491637475669588,89.57300118140972,159.47138464036604,15.10461254593292,42.66779942416861,4.644281832567403,163.48601087336922,mungbean,11.246370509592849
74.52953807524007,114.41395062145173,11.702861469071797,33.51455682497825,76.64394809667539,5.7071327707871,166.927123347251,grapes,19.296823356402957
119.18808613382757,132.04748097334763,28.44411763891634,14.35645424360547,35.796632027833674,9.176344205477157,153.0454676258101,grapes,12.106336525223766
53.953220972025235,31.19840057914528,97.7364538451836,25.147342463254233,54.837636603032834,7.9774953952266,71.48203533990079,lentil,9.484805124080074
29.78313102464654,6.340821458217101,118.18552890906612,28.881390088507143,33.53236122632601,5.952424423820195,258.4072359698447,grapes,14.997436869575496
114.12122205699154,62.21179035066714,19.922031755949572,31.203066190018163,58.322968311990834,9.151599083919308,105.83714001220025,maize,11.214575008776707
101.6525414248117,124.46544625790477,63.3763754187111,23.840362099559325,87.61903078648011,7.719094095922667,120.77813185869368,mungbean,17.215123340050518
75.89667852031229,41.49357539346511,98.4260285526966,33.312129739686256,41.07816918672238,5.116521027940219,95.40861862961643,chickpea,9.848306119438341
65.08342630966682,84.60937278511986,145.64962774664883,36.2535007873322,96.07725847266704,5.0122692309056385,188.25339607938815,maize,17.387260533801395
104.02520179882671,120.57902850835343,86.39420608560141,30.607657229724445,51.224102996899795,6.6773804618091015,270.7755967369518,chickpea,20.780055213083024
36.1174759735024,26.219135913321857,55.4967448414233,21.973017608940694,95.74233574563424,7.869461806914722,91.44814164600969,jute,13.136599497396121
101.09161020345643,41.56515156820117,108.39264344507266,20.85108404174467,87.23892572620215,4.846983310593339,97.12370104365804,jute,14.209982118747265
95.79682279100159,17.663513378649057,199.270535017211,28.971917932364107,99.0126864645229,6.19446711739318,291.9374451333114,watermelon,24.06213297326598
116.00483880534875,112.4559759039437,104.96413191501645,34.624146961184366,58.88567769092962,8.635002485161772,232.16756167239438,kidneybeans,16.907430687905098
59.5659423156148,93.29962922319842,106.35752495501585,23.846286007777294,99.31724333684329,7.0219891491523505,28.956137513026768,mango,17.3836133138931
116.2330752307338,83.54542153123019,17.762718081093325,30.803417226949342,34.2417840271316,8.587344475082192,32.04957132587443,pigeonpeas,8.545031957570211
110.6704929173274,62.74112043298985,17.9279063907606,27.55379337281905,39.104738055325505,7.358321399845895,238.2986701341321,watermelon,17.181455079057002
59.912617907845025,117.57974313805043,189.85114528760016,32.78716576470735,60.73585032209884,7.021674887483319,55.020634300241994,rice,11.913806835244836
91.57708152740528,131.34159945924108,45.12222871503064,32.791783657978364,77.92701632034328,5.829227669048761,206.86601907143103,apple,19.872787485061654
38.667607176825726,21.144404383514377,100.26463605498805,24.40424734818263,73.21598318598427,6.914364070603733,292.45540433552696,grapes,21.61448665932817
77.91284967108066,28.692232326017766,13.809667232509955,15.673764492942066,77.5371933285602,4.911218386256032,175.41036855595826,chickpea,13.308302582210647
70.29266187622427,79.19556307977803,130.01405827544988,35.35365834750287,93.7007224742249,6.812906424506839,44.828002459751104,mungbean,13.20659171590025
77.2589270168468,81.50252419197656,124.15882799458768,30.03603276225971,92.30706020227555,9.260730976050954,283.2474093363203,grapes,21.719977798012586
52.713627382319565,132.05923430708893,185.78581056921766,37.71028135032139,64.73074074989356,8.82973143399446,286.2144509268497,pigeonpeas,19.626787626036233
69.4096932579944,11.728798156184139,171.09958902054998,35.62559487383275,85.12550708034969,8.738033016156344,230.24612988716194,coconut,18.79369044617605
120.67184882751992,32.092415756867645,166.68958403182378,33.81881037723766,64.9218138890061,5.669216277980648,83.53097518774236,muskmelon,15.206781318873928
21.057080887221957,79.38910564559126,195.5559051534111,14.641206455877896,70.13419350329224,9.308893443222285,260.9461990576481,rice,18.594804761390485
56.3873936748059,90.56672805389499,48.44764574735227,28.44434023378142,56.44216343012475,6.231472810141982,105.55585756508381,mothbeans,12.840737465868408
94.21381643034672,83.76356407434521,97.51701420785511,12.875361600544952,85.78250752941999,5.374667813753946,52.07737215089348,pomegranate,11.316997470787882
101.2320396502927,110.21990737355685,84.7454649437207,24.341337836411448,82.88293453623604,6.263539151541726,239.73453915503234,orange,24.81485814769688
97.55272616190966,118.80653965103139,109.3055677108742,31.539133202230865,92.73587416448467,8.365894891293276,274.7591069514808,rice,24.29204817605638
21.365366759939874,93.57637543613251,95.37782349862513,11.794693510526809,64.13286471511529,5.342849227107575,196.32976555069772,apple,14.916616711765402
54.55392435591645,61.73448590689488,118.90354369984388,25.57503066653686,32.7432575125995,4.993360490427067,48.130642205221164,pomegranate,7.669428108146591
88.72932632193735,111.95665185033376,18.979211482174026,24.55642712414802,52.66429054856886,8.749696553778731,218.18096393477293,kidneybeans,14.480852590791864
139.89522669889968,129.16870028462475,16.73216632009797,13.836473932489756,64.6082324944529,5.726005574323574,42.67138640951266,orange,11.030563529228651
77.90196747727151,77.77272061653873,126.14074820231977,39.102991732195136,98.78846989364003,7.134646553354111,256.6522753307391,papaya,26.869026285987996
96.71150745055084,73.33478286163533,24.74934373903421,30.326239480672324,69.40020052393413,8.815337004052196,190.57146279275162,coffee,13.020376430451067
28.19136794303168,135.33849834935694,171.47335357400598,10.628360581955437,50.87297618620653,4.754783268392668,298.74164402827665,coffee,21.737436767060274
48.03872555092589,53.14644808163255,179.3349551167134,25.156736509689857,46.816710965447285,6.422633585132662,49.63251538199905,jute,11.261245098717486
84.70429852875117,69.10388630549568,53.50941162728204,19.893040515124802,79.39618678712688,4.547987599356982,108.66119864721273,watermelon,14.412733854267925
49.77297028337625,48.211346742887855,174.06723701173345,24.782868200305124,87.93656169367412,6.372380017331582,131.5435946315904,coconut,20.36132288306345
30.818407941727738,44.497435660659626,174.9350210687023,10.332073842058538,35.390931606523516,6.316820643401854,299.8308463718178,blackgram,16.054593295878
62.98018499369139,144.83428833573385,81.76122861989589,17.43311608946761,73.62495747406604,8.509399759775004,39.490193442484596,banana,12.066165951795755
58.564336529664594,117.38364102639136,199.35157547458402,11.31055725971776,99.51853230406874,5.770521131785422,137.6309000312677,watermelon,18.272773392274384
113.4124305001848,70.28648220064022,188.2134157145727,33.69822416215331,51.64595828035733,9.242401106743799,289.0951741593792,apple,22.62568057976977
97.07577480432454,48.575969204137444,20.93998466285114,31.2559758067949,62.1311589046888,7.282411530450316,147.51218400589624,muskmelon,12.568576042092765
46.57642533666938,12.145316371759442,156.98434220340152,19.494110485744812,56.29102196455733,6.926155266245056,162.0145728319663,pomegranate,15.546431413073037
37.07611093990921,79.60733558776138,126.85186964545862,15.587546302008771,92.61234885705204,6.9141293058764415,52.2079401464848,muskmelon,12.12563436185915
105.59426874829305,30.056679580117624,8.375478171587876,14.793958113670769,56.38920876030753,5.033091235648992,75.35014358599096,coffee,10.78969273601994
82.43848726852706,109.26086156711746,113.94114057354578,21.563689155713515,60.506338275535384,8.692506697719407,177.71659627459312,pomegranate,17.441972308891813
79.44294106420463,40.33657533454646,196.11597562567403,24.729462539532644,30.626379172247997,4.964385947472371,99.6108576789519,apple,13.75732260696155
102.88158346189961,91.72413409207907,171.23909126475937,35.07582433557643,71.28550998915875,7.662538246648862,278.1252577393924,coconut,24.41647393288419
118.53519558690468,119.64631871197818,124.73640189232113,10.65982159777191,55.85309666343024,5.6440829267173696,114.86067045147021,mothbeans,13.122244243311423
54.73010281044803,34.065591179582,157.90640597149516,38.063684668179285,33.69639759415071,5.165902313524314,199.8059168375981,orange,13.460677794496792
134.2832673709291,80.95180586543411,142.3269511571943,34.492638606730594,85.95380855731938,4.865593642568698,227.47871570465895,pomegranate,21.193832975737898
115.46773536701473,103.11085212729652,17.05145817434672,13.232267161950464,84.9386342813836,5.491189627885147,28.073849302117356,rice,12.900335252987587
139.12155409825328,53.77188377520245,184.1510757508967,19.898008863921387,38.26266527141675,7.606868476557244,147.39681760735897,orange,15.707464260910701
29.43606406341231,121.27165700448685,156.82285369287646,31.599348204356268,54.859509854815286,8.418798179987872,155.32304218853756,cotton,15.506486317095057
86.26725761422044,27.041558634677546,17.911718034660446,20.985599536102114,95.29521760620939,7.148675104107765,244.61377893272385,banana,21.403662456187035
37.9223973069046,75.30756793389897,150.74174092032985,32.5303651826533,45.81400687133809,5.000497564236266,127.64907699106105,blackgram,11.728193241478314
99.94416911485843,86.044100111827,92.49810207432161,26.19083332987585,37.55684512202189,7.9792005192996065,225.59169226286136,jute,14.995125043896985
119.51868679950289,71.15574756547652,117.08450372317367,31.402241911327575,77.37236875440016,4.5826798909660456,54.28188507757602,muskmelon,17.091712770546
138.94592918963065,135.98919884571208,193.31207386479173,13.95017589018213,46.39786797664134,6.710334790829204,252.9961923051163,coffee,22.514233998645484
135.79337785908595,113.07627749925703,9.039188154705876,38.72246459554606,84.28077408086713,5.245873572271278,41.3746751151688,mango,13.897653543719798
24.07892610804575,106.9751233333091,169.7127543029936,11.981321300344534,34.32929750406973,5.927319014466505,78.32590836846626,coconut,13.495080472362854
133.5808786964542,25.071843637344955,5.392403662191065,12.306346398463756,62.38958072711403,8.034660149011618,182.61380892881292,blackgram,14.730898792617467
62.475575731089485,48.39638401441014,80.25723502099602,28.34904862027214,41.74277691058754,8.356810415273129,181.0709072260709,mango,13.539624890678079
78.213648080399,81.48519979993426,20.982584116518073,37.66721961175537,80.27517799435762,8.50641179243371,183.52651034057843,kidneybeans,12.019727429463437
59.518151630038226,121.05355080292814,80.64384337988925,17.582553173836146,93.81587374146551,4.961092378394273,284.0088628957932,banana,23.019075306411906
110.89858064987638,5.9899422873205594,104.33336399203303,32.12360414854346,84.79789139709143,5.29024291300799,137.31186610717802,muskmelon,15.885601343936521
32.43689701988671,67.02637107680533,166.41859173920108,19.00542212856961,60.280216532571814,9.304793425310713,28.87826124963742,muskmelon,11.353960515893961
105.91256298608532,106.7032020855811,16.802533134609973,26.024098574089983,84.80783501600791,4.970325245186648,23.373978268323,pigeonpeas,13.13013633611439
62.33896676805114,56.28558991632534,154.05545404612485,27.98231685905116,68.7274598162641,7.51187753414047,225.01358430655452,watermelon,17.79146527397797
117.37342521109898,115.27637631513888,35.64639400664535,17.01206595425639,48.601210402429714,8.592492796085054,247.00767710017288,maize,18.61444693163656
123.71644191220307,31.025979338356112,125.85741804926633,36.10917889703336,60.20731921331398,6.933610294525218,42.96501324572498,chickpea,11.319695581577507
96.4303406459012,121.82871142187281,137.9897132909277,22.75223994289059,38.63475292253499,9.053871220686775,97.26833121094724,rice,11.979240446057464
74.95257241962254,27.280093113860417,173.76306334161796,11.33841640311714,48.721088486613034,7.099580735728646,292.0474715061739,rice,18.119659150918867
126.06029683175926,31.340256299403926,109.42089060238031,25.360397373063847,72.27619410907553,6.137170348590195,264.5895762982883,orange,23.721286365571085
104.65809348239324,87.47289127876996,198.89495569043765,18.93117188423261,49.81946154347946,5.710691664315911,227.6972768205811,grapes,20.20776014312822
55.35106630530425,143.12579993580323,9.314755281263349,30.186767187186305,72.5959613688684,7.732891402289084,81.12004913580762,chickpea,14.29131428007809
26.173545209147395,124.07840559944579,20.117846540530323,21.799337883671996,36.595795974944096,7.320243552243033,121.73420073250455,papaya,12.164537191831162
69.3806402386322,33.42812968799544,144.6092084598665,13.717975379618084,96.37694592065925,4.949094700636411,284.1689999983653,maize,19.40699019708464
119.7552439696003,40.11058530004494,97.12755432608543,14.824103603433393,58.29405767955394,4.577225537777376,275.00413899896677,orange,16.750866924743857
65.87271140479709,39.49391790496351,126.3259696105444,39.55507993154607,66.23582285283608,6.628426195592169,123.10819264063252,papaya,16.060473638154996
110.41150546549045,19.767741369961726,175.44573339509648,14.43635567583905,78.45383240420199,7.002037247116821,218.1630022804555,orange,20.840093398488698
60.26688800504016,59.35923231959656,36.748425795477715,25.703742515946978,82.11868173426365,5.865055590465342,282.84521425214507,chickpea,21.118918570503798
27.951480871332002,95.21094226898613,174.86374637600937,38.59398577922536,83.70197073615631,5.4982500575303614,293.7451317450445,pigeonpeas,23.560413718739277
77.78260170008062,125.43823099394972,47.52128545524017,30.179738597267182,85.02834220910955,5.512461326261638,249.12043771955,mango,24.06915175533569
67.20314557797782,138.10753039925586,157.2961475440619,27.181695535355068,45.53981714647017,6.626527187387915,236.73716933397836,lentil,18.35783679082685
48.9649114862111,110.84064843691678,38.527764005473124,22.480782171572713,47.53431532922269,7.225920518108767,296.3238467233843,jute,19.434429863076634
115.55324131501406,97.95219355527797,150.960987983098,19.220817438876995,48.429307797826546,7.504374460476306,76.02299931146362,mungbean,13.201695123040224
139.83082290753862,111.5535057507828,53.3466119797449,30.51384682417181,50.531515397643595,4.947279069930083,139.08678778279648,papaya,17.5357941821694
30.773294985329397,77.57688179405199,107.97284648910198,28.85935721841109,47.12519469713246,4.603207416229331,110.9601018831694,jute,13.258345482504854
44.40626273402214,101.22670802756758,24.48018187465397,15.718652666644513,65.63941580987141,8.041887895798864,260.3991900634628,banana,15.949439379085092
79.0061172980244,28.924185005950815,139.5847261319424,21.050570724651248,52.61766446822813,6.806427881282286,171.9245006831305,cotton,16.251440650991682
53.35842994414181,30.254726256127874,157.10108474381272,15.506251712969483,32.887861225406965,7.596216101913894,87.13039656549807,apple,8.771977787692322
107.97706542754418,115.80886051700337,195.93383536255848,33.687215040226,89.11726688838301,9.246880028472054,175.03255383675196,orange,21.349074343434694
39.56203884026259,106.58263392706455,94.01050381462477,32.61611359770155,79.9749563729714,4.633001152315027,70.04189007080345,papaya,11.876085599665547
64.69687277101949,92.93131759681019,39.94714294206123,21.414446460921408,90.80737873747114,8.148325488085607,35.56477070086096,kidneybeans,10.505486543291463
139.49370706017703,26.87975419134777,149.12540130520526,31.752277315327053,77.80956223648985,5.637202946572888,80.2375376998838,pigeonpeas,14.986360370789248
42.350022135105924,97.61886644367523,103.50565640506362,21.59886602948152,51.0162644564562,9.237884666615583,162.2662241679805,kidneybeans,13.660267972122975
23.087669573294743,106.03373359807837,54.5444250801796,34.337459877598576,51.785707970962875,5.436421225057416,214.05115839851354,chickpea,14.293999188044568
69.05967398185747,106.64200960408657,24.811126179394133,32.6660060301802,37.73310482383208,9.072278661340292,97.37500212297896,cotton,7.502008533814907
38.117659825428305,96.46849036223776,81.15371627905331,22.02443041078928,65.12776273606657,5.668923060245026,149.13130690668825,grapes,15.403901942279559
44.991857520144904,90.03156904839858,112.44638183389044,14.927092198608861,46.66833009444534,4.834518145062286,38.559400185046755,grapes,7.023933108389409
35.82864719065336,85.56589347189879,73.42872830934745,30.28950410290644,81.90216281897874,7.423464376241911,97.29947030737016,banana,16.332250182104005
50.231696561876404,131.40779694954853,158.27715001651146,24.79017718016699,97.58200002247025,7.23377723365094,111.9899335479455,rice,19.255709371753078
108.78880280260925,76.14914450525782,27.75659947609656,16.64004347852535,99.91033504418898,8.530143633917897,117.96345601492499,maize,14.44706205059069
101.67395688535316,127.7313648543845,163.202075628455,10.671741079610461,38.70606406492115,8.763890901427608,253.4703918526094,mungbean,18.873775753764278
75.41274033030153,19.482893419511598,119.216238572581,13.617044850502044,44.035572983897396,8.969918306691142,299.94746865154553,lentil,13.102257562456467
99.4818368133741,90.43405839532882,160.37993117591662,26.547325070753665,34.16966027630125,8.029231270220745,127.28327647387502,rice,16.734295389818527
112.39671751419833,110.29018296999654,136.42922313603208,39.93229184331331,62.18554738581964,8.030961741490774,243.3778295853771,pigeonpeas,19.5623385141632
74.86100330643424,140.68341729468196,11.458203425321617,20.05886961882743,64.0349073637069,4.507324965345951,271.75558828185126,jute,16.836336146684033
39.11160762129714,54.23899272134276,91.99922237024178,25.581341041433102,99.46017350805216,6.426163773560433,87.97086702553294,maize,14.729614279683851
56.8124042884865,10.032703367442489,105.08594730385288,21.843461988106547,68.99181387802044,5.993942693348452,156.01112083731957,jute,13.077517463694095
89.74615753302207,96.39934223959175,162.29310642890897,36.96524896572424,48.67704300675441,5.504435459400552,29.61791478647431,pigeonpeas,9.446534123473981
117.5075252469048,37.61317662730842,76.1130120434166,14.358920610276304,43.66063780024433,8.37708617685103,93.32069346435071,grapes,8.778587391356155
107.39236809601714,55.636924505819934,161.94932922455013,17.197199557663794,78.43327034701093,8.14982290710227,291.22406578085736,lentil,21.169559594865298
27.984531307557642,105.9578662874174,157.6511447472307,36.47024158456049,67.8446142627896,7.8656897550072795,142.654117144963,coffee,13.269556583676062
117.2183851875406,128.40599458508174,190.88879794804868,32.59723591423362,85.21458821319428,6.689091483028098,162.9260657093483,maize,18.790889033128163
64.84736565791599,12.163180305604557,173.58557874374745,29.213807040413656,30.62010964036969,5.837664241923067,118.57277016300675,watermelon,10.979501573781612
67.61048213517898,51.44784742889996,105.88186565801107,11.0084621388598,75.16412320221303,7.529912584518223,98.18154392304187,mungbean,9.19768093448974
72.479592030929,33.59690429440232,176.06066430941266,11.34899523853915,54.915640868196476,7.656870399845545,275.6646898545429,muskmelon,18.58193271188612
102.81076870420435,9.716577204836534,132.95154248788904,13.50362086836524,62.55947112988971,8.13288285384465,216.93659886464087,pigeonpeas,16.092040354014397
96.03664824982866,101.5658066154524,51.20696004435272,39.08725865444177,76.21232684410758,5.485979322651958,230.13726817188945,maize,22.328181782229176
33.28272493038679,59.030501636920135,20.630984731023357,18.503187780581726,76.57056167333823,9.456535782750901,91.34612702184191,pomegranate,12.079815667203226
47.787221772711966,82.01696757809451,82.2563973219231,38.847377834775656,60.29641121853414,7.420870920908621,284.5345544520412,kidneybeans,16.90382836696977
79.5316222683025,11.739274532767139,162.39339762755858,26.66799774157251,80.73562360011127,5.130358874401293,221.9562923288682,jute,20.52614544596231
136.77222591573033,105.01720341953056,101.19651191667037,37.48251956744126,70.27200495537141,5.175239993639017,173.3027013874878,watermelon,17.78203910285794
63.29823014519963,65.88850321752723,89.29929336772601,18.558999273846457,85.59259754150418,7.588641663734979,37.93443591983669,coconut,11.955521887244892
82.25744919814606,49.92912409515055,63.63176640370955,32.14817723999537,34.68426999038199,6.06481539251891,203.0391209174626,papaya,15.301158986568986
89.01661292609685,135.00010735540468,201.52198140251122,23.61683678554828,69.56096008044656,8.67460321625635,82.02924155002765,mothbeans,13.127860666457684
112.4610685633899,60.84294797159744,172.00068277098836,24.8064439221146,36.628932444416606,5.620146244959246,219.09478442790143,grapes,18.621361813793154
63.73638780946445,95.89074869582942,127.31773557274535,30.626702232064087,32.68215962289316,5.958596619386871,274.614520661426,mothbeans,17.910974000213212
135.27724148978567,34.890444170296604,204.48479469621788,30.92742726878597,84.34753968465415,6.484305861012679,273.9622739529738,chickpea,26.778758113188882
112.92366114111009,74.34084238909973,112.41706517082932,34.94966255226566,88.33558866216282,5.308690522842221,173.9349484087288,kidneybeans,18.780913781943628
99.0291641795774,9.17683198064707,101.49725625943735,18.153375254136595,63.13373377670138,4.591377573691785,34.45141125979781,pomegranate,9.811075244135008
125.5109046994072,121.00545429088203,122.66177696616538,13.046676578519218,52.673801468607536,7.517931046430362,23.767626356107904,coffee,11.391530129731805
101.31960586406935,129.34839921025846,176.0326258646407,15.044358294322361,93.78634168146388,7.981511003256354,220.57126721119144,coconut,24.276121460518183
112.12625177856242,106.66472758011535,45.25460770356346,27.848698616747953,31.443526052002184,6.492736996921667,233.94946736004962,lentil,15.377985305837258
120.2715487761709,141.6617406175394,126.44252053987314,14.350122290252699,56.57740455337875,4.547416775341876,188.76325867541073,mothbeans,17.425951644151095
103.17079257956497,108.21454405145168,100.86696366468634,12.814503134325559,72.76112329800858,6.361026260619072,285.901291939933,lentil,23.0763630776099
134.0218872478003,85.42173764889591,173.6416756799127,17.844834661596153,59.1225897627623,5.419858803719168,165.62873993618945,rice,16.063362621271423
107.0151797990116,123.42172122476103,84.91996315852548,21.69329995136517,68.66575809107603,8.286634775174656,199.47781514270136,orange,18.58854498368006
111.56059226805272,79.85053264662447,24.595235115961884,14.589848624568695,89.58332631568211,9.49401715849246,113.99121360755137,muskmelon,12.198352785358443
92.29553707655951,24.744210539866597,192.90809020612366,20.376078755672896,33.13308490485548,6.002218534220939,113.97744324705131,jute,12.105609733992969
118.34134873372429,70.50842524277924,31.072826954794515,36.95728872057416,46.14903901631511,4.677673873148273,278.7870669964726,orange,17.945661203569845
49.618190701393345,28.552496519007235,139.79988539121632,22.624996111782018,67.64541161607542,4.736683944045791,261.1497096682025,cotton,19.63691680749304
59.931949401037976,97.65268184293977,152.4314408552544,32.154906913444265,37.74716793359137,8.92544727314135,98.6334368184082,rice,11.972039369812347
73.92944351557358,39.65637920040009,24.769905853322523,26.444647898985362,52.04231306849796,7.120126915952576,77.71334191293431,watermelon,8.23010666451753
108.25215458842862,28.573187776926837,130.5237174664849,30.344733269435046,86.14609323237214,8.736635876548295,64.42635217079214,maize,14.170809016300327
104.58110833674051,108.75689695491349,46.43443371689233,35.461767114885845,59.46803022747793,5.581847588672775,171.90870474413245,cotton,14.05145091312102
66.61343720592967,8.736239707090654,185.82886637095046,10.604339942641726,32.072900349938706,5.3266368918573015,195.5642368439569,kidneybeans,15.612746416363906
74.59347809740385,11.142636623269777,157.69932504229155,34.358933883213105,33.49218519205961,5.714246468187369,235.76710381288552,mango,16.507282236152275
79.15808094082897,122.30838086638303,185.02783372196484,24.090515601027974,46.78235862440546,9.225962097296545,225.81082005425836,mango,20.37986983407957
25.82144244294225,18.901645098947984,173.25404974918138,21.129046490208225,51.158664895719255,6.955994098562632,197.2211192780236,maize,16.67433087290573
28.354704587032053,87.74389143427751,28.306564118425264,32.29660751207818,86.19306677206751,7.219881289799206,61.88880055944009,mungbean,10.40694275795095
134.29148537268338,40.39265222229416,58.23096409048629,28.90368966137882,94.8333618324677,5.493711206448216,278.0622872382185,apple,24.519769564883102
139.1656777113265,108.10423850336832,138.56010814346112,34.44709515879899,42.259822350320476,9.22992806516675,66.3667424572975,watermelon,11.747666326259157
48.40390887864718,17.140846280529587,105.16419325575995,36.706555317048725,89.31037707205654,5.085412282501344,290.139314065188,muskmelon,18.513228350969737
57.478475585035525,139.85896439006206,201.59784194499693,30.003887258985884,37.95437228251605,5.816044249666462,164.3167494204955,cotton,15.637683361560013
27.702935106585155,86.31067850422455,82.9327659080937,12.951954761674829,51.52247670935472,8.990434963004924,184.09062528045294,pigeonpeas,12.352931319533795
116.88794351590035,114.90952802484634,30.959960162667993,21.917127465487553,98.93212639822225,9.444437857940441,188.67966974717262,pigeonpeas,18.642700566307813
55.96334380227344,103.51262758413584,48.984569549712994,10.33934608784454,90.65421429449677,7.1176274352799656,295.42293449498476,papaya,21.626201915034123
40.265850386208,142.5716761209668,103.63686339885751,10.360617705317496,96.87570965118216,6.988899559855264,254.15515152171454,lentil,19.32811045267193
108.75911533600116,144.1866219406075,57.49926275282233,29.02157371539193,56.591457557459435,7.241857818242517,264.7612384830654,pomegranate,20.76467673814114
80.53834265982059,67.60440015681985,168.60502176735528,11.467214029148433,36.051942056665666,4.608444284381447,212.63521312211418,pigeonpeas,15.739865061117644
21.356699707230725,99.25982307686913,57.89090449768401,39.007797574994854,51.59190672290369,6.318090194330056,151.4571528053587,apple,12.899249072667532
45.81282569537451,6.309369375325382,64.21138228630434,24.321020615397757,57.60020910222962,5.177347330802116,182.3089517929537,jute,14.862271140213952
73.7066821494068,115.84240518456807,185.79508824710808,12.601240829092898,89.26056350542362,9.044854391107458,278.75804591402004,apple,23.874908569419826
109.16112906522979,48.81537617806753,64.07048124103488,36.85655460167793,42.42977643667558,7.175186448282723,219.78119705020438,kidneybeans,14.18506181502046
81.1291312293483,46.919800737773286,45.58246883070653,22.63309886061077,32.50624161997546,6.612719524992037,39.21362709409481,apple,8.995974472278057
58.19288305236193,89.23363022838544,139.9775363338947,24.950652769018948,87.55982547665661,5.416642608924414,113.63531257472906,pigeonpeas,14.824712725605991
56.501291063785736,8.616411444713437,17.75641016521636,33.264843908498,83.00089791958536,6.409136347169324,62.896217404443064,lentil,11.921531929828545
82.36571490635453,40.37326807048594,204.73451087025603,18.008858203036617,46.148009042301396,7.619415775620222,163.06566770149644,mungbean,14.513485814251535
75.82910754028804,40.44087163153652,49.71829222246875,38.73175829335313,55.34171688004187,4.732155523361696,291.6914683384448,pomegranate,18.704972958436798
122.04861812688108,142.20123810503523,15.381836983992997,27.40733989121322,66.4037780442706,6.380711374240251,258.4414040473288,cotton,18.665549133307444
62.81642688606659,65.21198508025563,19.253158068790928,13.357474486507652,73.65841783125268,7.920341886982192,198.25371627475005,orange,16.205010371068173
35.76201016622843,96.48237675790907,170.2677855171406,36.683319185125036,70.56965471677225,6.064475990375186,65.7398232798154,pigeonpeas,13.38425488347339
92.22540314720413,78.95656992196261,199.32550226592596,34.48274356766681,84.68940507808041,7.0866449343186595,112.90664811947155,orange,14.532216897295935
137.65721201332704,21.027527385504666,33.42377059516161,24.524499623743,63.69808168252113,9.099868836425346,40.58916486841846,pigeonpeas,9.963890652209383
83.68887121542448,96.35990947124488,15.567447558596976,18.788595132729803,62.2634418238207,5.83293704902966,33.711987599945864,mungbean,10.760046828869259
116.20974425044803,132.59414628980966,35.44666048608977,17.47785871874457,75.65745833117487,9.271358880462236,103.8851185573159,maize,14.222210635296777
36.351039491382956,141.3141357491181,93.19572556590161,38.58815171278785,62.108315193606344,7.1504106706028905,245.33700273764987,maize,19.808436272342348
86.87453444564638,134.87297041995228,82.51532315081113,17.57213107084371,66.35235488926443,5.98667605921049,93.30877454932525,mothbeans,14.601645817234072
127.40733246187826,110.13314221942811,148.40348027295323,38.94237674091755,90.45792605241009,8.57688934791387,44.19294093212532,watermelon,14.193638867259203
120.68938126273991,93.93167569740424,38.83220032336547,12.23657319545629,51.112273572213525,4.684950559252098,254.98132292682146,chickpea,17.34994019810538
33.21121997240853,105.02436498264466,34.326441386635004,11.827762803060546,39.303315515995585,9.254700453543089,143.32134770425094,lentil,11.357295684501606
23.456856534154397,70.91801321476675,46.19091183965862,23.58225444519202,49.44249906272005,7.518544351402166,297.44566832470866,orange,20.833584282263775
93.3013564711813,52.335781926786765,111.4286102098186,33.985361397891104,85.48210557662873,7.989934019915314,268.0952057163961,cotton,21.393422570193497
29.131276765979656,131.09172084859705,194.88690424097976,39.70308382336402,86.66571290848142,5.209277629700763,217.72677210305216,coconut,20.291074119727817
21.535674029704303,83.75729626768425,98.88101847951273,17.787880195818726,41.27199969839497,5.440186556455551,222.9924915829191,papaya,14.955767511273834
100.32942502005788,128.20308397749298,29.206082458651323,25.664850886563112,80.7834382371742,7.680592214620823,145.52795358299488,coconut,17.58382772830607
71.129877567513,30.009878681981114,160.8332395052412,36.14462850136647,57.275325557772305,7.056658826578193,286.97894763706364,pomegranate,18.05421621947628
49.91260200298418,36.38213321490838,15.34598180983426,15.821838043004943,56.14803412251165,6.527348576941451,106.65059589008548,mango,7.805964135434618
36.92115706862549,100.21541975689551,43.38579737756691,17.399417090044828,84.55362060418238,6.386790422826475,21.99570079201393,maize,12.135048242813248
37.49995132810115,10.860308823482598,99.44604992039307,18.60367778888051,99.0709020845332,5.749171510079066,262.6321184892231,rice,22.047221150937073
77.37192472378929,51.823674130108145,181.82759265766293,12.202362807231772,88.07865454529983,5.338402382649546,44.80174478038744,mothbeans,11.511221170687273
60.768377276646774,7.52700889809244,175.43179867895682,32.67949432901904,42.84713173120457,6.310242250042793,137.89945524252798,apple,15.0887308822465
22.277138025008483,113.48829423321936,55.58663576118833,21.498865324527245,59.410493899400436,6.023658770368717,46.1964813139114,apple,10.101482459487597
112.42378470134537,21.864206307033193,190.67172308955736,30.492978709036073,38.90021480784476,8.359868678579662,120.35550832697727,chickpea,13.379101814294351
88.3143773715361,57.19388316488918,195.2977185098262,35.31623687235195,88.08736925867694,9.37075967714739,147.9906146949687,mango,16.316934324883487
111.85471105397525,58.31376112327073,43.06903036070366,24.4974202966076,94.80032581170143,5.356785095073142,257.6356682643277,cotton,20.029047640301883
58.01153835918337,35.421770518853506,147.46177718570263,23.52201172498151,66.62024622402433,8.568707414359494,153.98131089439863,blackgram,13.82850346853284
104.70797733275914,61.78952306797365,71.05912459362551,36.16848666706052,94.21337441023675,9.239931095830977,96.31414914320305,chickpea,13.70502828366357
39.94744862044158,98.24331509833688,127.93498025592886,28.97186847036351,45.735824519795884,5.73264507101942,240.46927255325005,mango,18.35113566173958
41.46280217931853,137.5310116744846,140.00213853616688,12.859775440121673,43.092256100407596,7.817300490648739,153.46773892469042,rice,12.5682947919281
41.235220163652684,81.11943687054463,196.55991830999724,28.846666968729593,33.49955322534415,9.443810688683133,63.922572301682365,banana,11.497362410256128
81.3204948894948,135.89266777940463,150.92219319538845,25.14052700498008,71.54144063657506,9.138417991731782,130.2591062355097,coffee,16.04747975018799
78.4419783410107,66.42673920136792,86.47140488752405,20.95042521577617,66.82037825260159,7.522706133058521,150.60101700042765,jute,14.037163913063198
57.71704553156604,56.36850775006159,103.67663428180502,30.193901006881152,70.7525922890639,9.163490622814706,195.20967144024664,mothbeans,15.236670048919754
42.48757356080831,49.89674639696925,169.69161529084764,20.549827393599212,80.64579513208696,8.386750314420052,160.33119722864598,pigeonpeas,16.581714284972776
138.66169510802894,40.10204309420548,18.511730263469012,19.89894878150667,97.83022835220052,8.464638063759974,154.49326234684014,papaya,16.689533865304668
106.2044577729603,18.950198017258046,108.80751537486144,26.975351585877092,30.118284201160574,9.399393129887157,104.59893055288825,apple,7.537002902508639
122.52662699113883,26.273364567188334,9.991027244897705,24.840720387786916,39.09418900583014,9.412115331769403,22.91507625150443,jute,6.97872582322133
28.37391816324869,6.482851865814987,61.513455411435174,24.211917264876977,30.071127764824894,7.405536012719471,113.4252364289249,orange,8.84480172416949
84.97706907604206,72.7029767052618,101.39343192401839,12.644251933093459,86.16227267189956,6.907196576778976,249.85363203652477,maize,19.78469560102363
22.670659343521898,71.954928386936,86.53849707134357,39.05201204904773,42.60525086076281,7.639353730818595,76.6151278259643,coffee,9.669989866352465
31.524491508361592,140.00711314788865,183.7662453300525,29.494360937436543,34.45962795868193,6.124176289035326,124.0824394136923,pomegranate,12.105421984408565
72.2924777491068,137.6215748750002,192.23904592504383,26.964218660199172,75.10445351933747,5.188982338868712,82.53050687524805,pigeonpeas,15.86967225743017
35.18983486220173,98.25242345422676,143.7852885875259,32.89997769924132,48.41929066301865,7.701487518318756,193.11796831911116,watermelon,16.881339432588852
52.10806397513003,129.82194129260017,174.123353377915,22.089711983102625,32.14292959279552,6.7332571525306975,70.64024464241493,muskmelon,10.809016970631182
92.42905562498593,72.18845377766169,90.51884585241154,32.830249901310914,97.87638476562405,6.888318596880984,21.723422056936986,chickpea,16.068095629845768
112.77217942423252,138.00837690685591,144.70551259388253,12.984752729037506,36.19643847998987,8.15799024269033,80.29223340097121,rice,14.012429337568262
60.828455823576554,96.49311004968784,196.34502986188218,38.30137572129339,96.0871928339852,4.714734202584658,132.84448027286635,coconut,17.566187742796696
94.41649089342746,114.30446117715547,107.66939305268028,33.86419219893648,30.896930762436185,8.602381823295978,69.94086291286582,muskmelon,9.333605312845135
72.82169292204284,118.68055151583086,68.02869910892716,23.314945158761955,64.56821132241876,8.813656562958723,203.5679353832853,pomegranate,17.68589342724024
60.192413709353254,36.96951975691234,194.18891211841037,15.061654496217555,81.26233028127186,5.7287364696926835,138.9774933503266,chickpea,16.848665198494025
32.174885660925575,19.254718448149344,114.653389373496,29.555338553688067,40.70956431848819,6.860900224029965,46.42154698845846,blackgram,9.502693206427466
73.47043607678253,101.41095473715015,102.02570239146795,20.59055048568139,73.8498545205505,8.34916219820888,198.0522202698941,orange,18.27985126070678
64.84334619237913,48.76201378279219,43.825427933559695,23.29522982456053,96.35110110052666,7.190041458535812,100.19336547702066,jute,16.7484763960269
49.46651000232701,8.73208149062384,6.592113593118283,16.731264078407253,85.95246636065308,9.023738290871936,129.69514245160747,mungbean,8.629929336170296
29.952748673799658,103.19404682375873,146.60362788616462,10.568065996803156,74.99277296245185,4.666300073882282,289.01559828920756,pigeonpeas,17.524433806941904
74.33753004937972,144.77341211358177,5.079938517864986,13.2846912525567,51.12552700547383,4.627537989768566,239.0550481667102,blackgram,15.96804520504271
76.46985687224236,102.8558904480903,25.638992268930757,17.961595171975375,87.17338797879718,7.0203941916870445,274.2521622149863,chickpea,20.264220733382402
116.33616127615002,46.345992819628165,58.15925227204368,29.69643030733223,57.33411533776665,5.179590134724898,38.74998588117447,mothbeans,9.066758999518461
92.68848807446128,110.46592710652762,25.226400935989062,38.904163705749085,89.24129232556137,6.443863068115535,223.95692494064812,mango,20.925127123365876
69.63989320728429,95.60760412117595,56.510487669079176,23.042263413086598,44.66820163212873,4.6909247633977404,184.79115816110425,chickpea,14.525208352227393
109.94137140415155,131.8518750924182,89.22303417352595,13.444633558220447,88.72995690991016,6.208220729853765,57.4600164989653,watermelon,16.8623922393788
61.92433404308311,97.89206399106693,31.1484012204934,17.078403306782704,67.48448506503863,9.26615848182109,100.4559331082517,pigeonpeas,13.536240445368328
117.67312890285031,116.66194934871446,91.92769865973273,16.49455820757469,59.570090615960794,7.706588662718146,73.25767484041407,apple,12.712606494016669
62.20186636913167,89.50583397297348,152.8811541436502,34.584026907667926,59.16151767782203,8.083542511295196,276.5423257683374,watermelon,20.149221693284314
115.66888246300428,31.66512302433182,60.50330807496022,16.8916846476192,85.88122314702031,4.930642794285379,242.84169528368386,watermelon,17.427216944052972
83.07387170240489,10.09973975176591,16.545591760466433,13.400235540444564,40.75520634918373,9.449413068846667,116.45860472167429,kidneybeans,7.005882371229914
26.271996279707487,93.94485469598351,135.43815702625614,15.26346068735994,94.34690786472291,8.502467732975637,84.48940870610225,muskmelon,9.384958250642963
44.141210452587636,73.51407658530047,7.231911443642121,30.272003507919113,89.89111149915152,8.03370759119652,249.06188742136,cotton,16.577933316508293
32.35078082147273,91.49318479495513,39.766894995609434,12.247962575638592,59.86544543997374,5.598232154290705,121.14065328303542,lentil,10.320285695040733
23.24221016473828,140.29254871921594,73.26610434699325,30.854725314694115,86.72540107832148,5.895523977697776,229.6468385508191,muskmelon,19.335394455034784
48.95806805739362,143.94925476545018,9.137736568417871,16.510014407066233,84.6014529393895,5.470655125278764,215.51276172573782,mungbean,18.242476646574854
46.17536476092629,76.94905943186154,134.96464886229853,23.738899481498315,69.6880710776754,6.582045938635943,166.93334712594995,pigeonpeas,16.925236642926006
79.97973830435984,40.44514859329644,156.74932430251414,20.12753373344648,87.13450195749735,4.784209944919426,113.00983359043357,coffee,13.942938306941626
91.17027537501318,51.60765812805333,30.189059556855085,30.48197000265497,30.033749833491616,6.143585847451846,81.05230723890479,blackgram,11.312173022848283
100.43720452004791,59.81688766621345,97.62860605151361,37.64693727212034,55.19748324084229,7.559795714954194,121.77488535542707,pomegranate,12.910325034249237
92.58036262467797,6.3729790947829486,147.7868646686949,17.047672054846252,56.59868762411905,6.402187571367519,256.9982771407697,rice,17.791760396382138
100.02763440203151,142.37595608718854,9.476885827522059,38.976825962854484,31.28833102604777,8.705747292295314,289.1484375045506,kidneybeans,15.561512918297666
111.37388925761539,76.3988558914796,96.11776844855393,27.524197934980027,92.31561794235304,4.952151897828288,214.52275573824278,watermelon,20.261728039812276
45.602005011008,122.28812423465682,144.60494215190045,10.43405608219434,46.212817625348976,7.529223804479404,160.67209505753925,maize,11.71395528559205
47.67517143465731,67.24336009115648,85.89884872573006,11.573888884192336,73.96577705679604,7.59423451146267,290.5960614691613,orange,19.336788377574997
33.01096089388521,34.06329703710426,126.41205358467087,31.965045126225647,76.22124128783858,6.875940689904412,34.68167990689782,orange,12.249412208503193
46.165956822674026,49.21148182696322,11.041173402219036,28.382747225263405,72.90950866170967,8.127502906881897,23.07896099717398,mango,9.621524737342012
98.0734044957557,54.13638010415528,132.18927316013963,30.65278156962802,57.79331099022762,5.019954752739305,189.86476290566253,watermelon,16.899978692198758
21.50773538292566,55.23129462941961,20.280554595246443,28.629038848242068,53.76498569256165,8.164719656652302,156.1858586670546,cotton,9.837723694117463
61.821961893775025,17.058083382051343,45.96497053584296,29.173075149654565,64.77261679771335,4.850447258027798,172.30648093915934,mungbean,13.060857347246202
21.243385649333483,105.0815898276153,98.88436041109567,39.82056075443168,81.35082827158607,7.08956471353941,245.31751989827785,blackgram,16.736144056232902
110.5690514240648,103.39572619077681,185.10977291464613,28.54378538978808,57.21040988373372,8.070037790513375,193.3301442764198,muskmelon,20.334479722291483
102.33151899001747,101.54642420982591,119.46612276182427,30.679324244831776,98.73037849115455,6.425801688172466,219.50716432543786,orange,23.34188627477072
34.11846863116811,92.31075361463431,40.15713051299216,30.13064786913916,97.69505702609868,5.782064137381477,59.80264549788934,cotton,13.23586662388319
106.81357904540845,42.76776040645571,175.7782750566717,15.329781044253606,55.70647063356985,7.611188792121525,189.49381972971094,coffee,16.32468846188504
35.742547970645376,37.018305836089624,117.28313724675706,19.19744466266831,32.919755341219215,5.974360708548927,273.3636528071328,coffee,16.796368789520354
118.54446212013794,70.71046729476761,47.40621207558555,37.32126199226458,80.57844305122529,5.908739320992601,115.4788023715799,muskmelon,14.20480110430189
30.931665132478443,78.68271851098208,69.5278083405613,37.24748084224359,43.104942761360604,7.514313150482231,272.17370759437983,lentil,15.059647121520689
31.807263727884237,87.7613210151126,153.3265747862479,14.471197659862312,56.036870112909234,8.851389979838203,284.3824796368899,pomegranate,16.72567105440578
50.92357474428528,37.61578884417462,52.792744108211394,24.8164511613775,70.82579561840998,5.112547943399677,269.0196818279336,cotton,20.2394172192293
27.830514873394936,77.24146060686023,89.8035667631879,23.628701472311352,73.4073386800014,7.575608183019196,129.8340021328287,watermelon,16.3508874697959
23.556058308403195,101.68826615692338,96.43557722466002,30.670225325352373,63.39564414490633,9.386668914423474,113.71178630887299,mungbean,10.313038694523282
44.229340663209015,126.75871321580875,138.61456408312705,26.568597813479382,87.43590299027272,7.664319434228549,207.48804495458933,cotton,22.97217597425717
118.04644263575496,96.04237832582405,173.87783574016026,20.54580896630151,53.219708568400605,4.619514822992321,235.20949150246426,orange,17.716650805169948
137.09653042513338,81.17809211658587,88.35810234854517,35.81029183480379,97.8809840631993,5.1459082043478395,181.88787033268582,pigeonpeas,17.440296561793584
107.65048640966957,34.81471611028593,80.06917067651422,37.31927631872775,38.01856185823203,8.22662000329333,216.69583125569144,banana,15.374434183389436
98.27270652728289,122.70207154422825,62.4316990867142,29.11349346436895,71.34224426667866,7.612098003966723,67.21693960109707,pomegranate,12.82352921711793
131.88246454595773,41.488804103973976,68.76698460064362,29.983472143277723,35.47341529952934,7.6380634495930835,276.48838885201013,pigeonpeas,16.202097103547498
129.89020867833682,38.109507139512104,58.15889469776784,16.62549449526261,54.50724973022051,8.523796992952724,201.12009156764884,cotton,13.11951071013269
60.54805301102797,67.39116978706889,38.50906704067316,35.9605071713777,50.40001515052281,4.599115216997311,108.59272312461678,coffee,10.012291823765144
72.85704475192007,71.66058124947762,168.22372732373927,30.385806761227315,40.73241250418514,5.630733916144006,99.9890527124323,mango,12.484723019542221
69.79505505053241,21.513580694822526,17.306717397870813,35.6097834934353,92.39288719643794,6.215462406088999,65.96825089661081,coffee,12.247851045918859
20.873439677006967,134.1253385219105,18.199200600370343,38.15864046443157,31.97069765340383,8.354896674787241,169.7089182913207,watermelon,10.23439263572496
134.09609413693414,41.21779138910994,176.7783283852746,19.26957105649855,60.09045032440355,5.566437823822476,261.8054844199426,lentil,20.942951291249045
26.601645799057614,98.2192420738071,102.14395870675168,10.358864491051719,37.764682737444296,7.996009646229721,37.82797325842079,mothbeans,5.880575473869859
31.417139450901388,92.08015048811812,47.35121870004739,13.868636680638915,93.67257260877491,6.798978805769173,233.75672404464683,chickpea,15.45938364486026
98.15050230916856,116.00497954062052,131.23161567525023,22.561777877256773,57.29492932142449,5.097910533824279,238.2441556837477,jute,19.234645577582327
117.67108134594413,38.64605218749842,66.80786578208692,11.357692959611157,58.67850341815308,8.762883863700225,126.04559227368097,kidneybeans,11.247876458599118
23.577073096960376,112.21315984522633,186.2855958302534,33.1147419500748,82.06700219041355,8.716778878085748,206.42107708896316,apple,17.88376661064965
42.069144305070225,77.74098791417063,46.560774900397114,30.874016846325947,68.16609201785724,4.5882908852132775,228.33602636998242,mungbean,16.164530706362026
21.418080293385266,143.2820576092224,127.40086783437276,22.68190498557972,36.763498312293734,7.995740320755084,99.16453159774288,coffee,10.888090689440245
28.201298371446747,131.19910287068438,131.9712119863509,16.214634948738038,31.288599294379907,8.117579834656539,258.78397837403077,muskmelon,14.818197057365598
122.80266847931955,112.54259944075748,80.1734174942919,10.56422087889397,30.426713348730868,5.519969203469616,158.28544240946206,kidneybeans,12.699549290107154
128.06486956950357,122.8534867471032,135.2231898566404,11.70555572815918,90.54610726239846,9.027860147233705,125.01319766288199,rice,14.747800120760163
129.79535384129082,24.241939620005002,105.63163069385992,12.786108511845203,97.26831712344799,5.576139429384197,75.28028093441692,coffee,15.399092568527385
77.92167422281256,82.28124736002472,169.42324686200175,30.990202311990174,42.79754748316375,6.490873760449781,280.1646017814171,pomegranate,19.609400042271353
132.78489593193243,20.93453982642854,139.5884733386123,13.963675717361971,66.71507249086508,7.182817566200663,31.935309829574464,watermelon,10.68730253791233
34.608786231239996,114.70961557626417,173.82164199743312,30.049350860482463,41.07370862811325,5.702939828212693,275.12919826663125,grapes,20.303392087854167
132.73550831881215,133.02340779718043,13.65263472575759,33.11241960602226,41.8623232164085,5.576358129531908,148.7566594528132,apple,13.903032279733416
59.09596627645904,85.5536711775893,39.13167426822732,10.670129631431113,69.98570718532342,7.087076299811594,213.103109941259,coffee,17.20601051484699
21.004336963153044,93.29137542355957,140.02648592064367,25.64484968187909,78.2513409168851,6.117919066180764,61.66632489350217,mungbean,13.867356729264772
129.2365261124251,70.2037520996051,123.87601687255906,38.07554598388066,62.654190822626944,6.441346191967044,270.0965910934739,rice,20.83166635247641
26.656483416727554,10.572338732881736,108.31610177379615,18.737204308797654,70.72949194539052,8.121476764667975,39.34081450587226,maize,10.316100599727019
53.22644014843472,58.38864750522719,72.40735039281005,35.19504574267596,41.94565401134706,4.643366091558236,292.1044512813842,mango,17.207463149273064
119.22392474666611,33.52841247836894,48.64344710658648,32.75774368295151,82.73147167234806,4.800916603198095,110.29950739459002,cotton,14.261862884947863
91.77547320339715,57.37421944037612,95.54700572182071,38.784531726674984,68.84629379697763,5.248235794394712,144.08440999486447,rice,13.912827193595431
95.428288296668,74.69044131248663,89.64765915816925,19.666531924626344,36.16060985529516,5.996348237650968,254.75049442930003,jute,16.58778099554278
134.12150171904358,117.21344807631816,46.149851014673345,21.739015049348282,94.94544666543764,5.118495293632833,91.10606772218208,apple,18.160806366648686
138.2661629437244,60.665687680880744,71.61432698231616,36.12959130251741,57.68544961132546,8.854486595603401,27.659199974678064,mango,7.680271549390765
96.7064536260243,65.3848362025063,87.22122445713731,27.8935418925561,72.43736419625832,4.575166478809942,55.06325233689786,pomegranate,13.567840436584513
110.91549588617045,108.68509277613998,175.63657384123013,21.30444583817242,54.15447063283119,8.655077015267317,86.52842948281166,coconut,13.18447668802025
45.30062514036206,75.91629674984294,37.7518245694086,36.68149930517828,79.72163080007536,4.638680012697155,265.4764356030598,papaya,18.04637671083791
61.429391738889606,118.01438161908632,184.38454820455516,33.63755078244358,89.3949313109264,5.00940413968818,278.7381095692586,cotton,23.25050088398064
56.61371024051614,67.8093535323342,99.80677784913047,35.01075284725716,76.60483404025891,6.665782988406759,273.46774252120616,chickpea,19.45179587670056
29.800146033305197,49.64087036905704,92.12932416063468,25.12737768279623,89.59885390877453,4.5897814289155745,139.92075360863458,maize,15.491070241610485
131.27779508901472,82.43168319571888,94.52846694351106,39.03842206498836,62.48918314583592,7.706622205335789,124.45740112036292,apple,16.957968639581022
66.42509476652407,128.62498642515772,86.10531068421254,35.00883167425444,56.00710600975067,5.906928119582274,236.9615643734968,kidneybeans,18.847728725893603
134.21457277641807,86.59385824973995,97.34657943185074,33.77028735443088,41.26595872326572,6.4066905815866075,150.55678734958263,kidneybeans,13.63116538659431
108.08128821669541,83.00862302608445,115.85372536762121,30.564609657786196,53.31132936674972,6.646164702807377,183.21140316120693,mothbeans,14.655203800790492
73.3108969320504,43.14819019046604,62.47700525131516,30.968722210143586,30.299679941876402,4.976452111041692,285.6667690612616,cotton,15.032834919129506
78.29600781211468,34.09603260103677,165.73179700000378,27.196513527080945,72.88425454525088,6.814127740246059,91.69757711936835,muskmelon,13.367363141738677
106.03640553928781,56.932730868223366,105.98872612356706,35.190519114161,40.40772332757222,7.226122096370502,117.55554531218388,chickpea,10.956065376242883
98.53687857802805,20.473535728811477,186.08267172416436,20.499330502671363,65.8052115671464,5.393807921820053,173.03741313927858,chickpea,17.170823683914687
24.429494650631906,37.2064156006681,52.60268237927332,20.069765508345817,96.04239131283241,8.52421399331574,282.06774865745376,chickpea,19.105610022430202
49.11061570531068,22.364540389340174,75.39684864946527,38.12697352178279,38.42096332176175,8.591610718045334,169.70144880268273,chickpea,7.491078001388646
40.40988416216983,26.192263606065225,37.548735362362116,30.011886291752436,82.34517867192103,9.101224722497594,131.49385874679794,blackgram,8.693425046433067
56.47734909793673,27.64162494655574,27.12916961866942,30.349571079558753,44.967862973874354,7.835074497009931,261.34018359242856,rice,11.774696018096593
32.3752216571871,134.08871740326927,169.07996772770386,30.11511482522732,99.16875095886888,4.57999680673451,135.0968886010504,pigeonpeas,17.161414734122726
58.18676903047035,141.91136375643416,200.6057945906339,19.58603422999105,54.64791813018183,7.497071035682728,154.20596401170002,kidneybeans,18.197431495362572
99.24946003863337,51.77801014253338,135.74329966643353,21.51044566983399,79.01469256993902,7.838997354448253,162.4675716578802,coffee,17.041428780524193
41.852750400482556,39.4390387831858,17.64578564513932,31.341436618920103,55.717315878213284,4.967616481634987,249.58827380316248,banana,18.483619310142412
115.78000794549962,96.53385739504954,70.15709333381933,12.946155918771218,71.38405324494244,6.242747842833225,91.50901436227993,coconut,13.846717731237469
77.79844973955122,120.98521035493097,174.93175683992547,35.48029494401045,59.46438875810372,8.454671056197174,258.0646150303288,blackgram,20.517686122124235
80.14921604282205,89.70024018194553,126.893508589967,33.443045907948715,87.6076088124196,4.636146581030304,225.34067794530858,rice,20.95708515878957
24.968343102112335,66.88541267284685,168.63592994434813,38.020214238853114,46.062754440035434,7.395974701763976,245.21246707416344,mango,17.924367557559172
94.26681403760949,7.616766356680031,149.77716802231316,33.19727509836444,80.59946546379444,8.329045807449784,140.65616995008088,jute,16.00797325990219
117.7480478401118,83.91728865772728,110.4202038293427,19.861237959235623,47.56145853727639,7.061797584875433,181.77889327935267,blackgram,16.40070246101016
27.962478926123296,113.24020846201746,148.03193170801597,26.5807736148622,80.12594859350466,6.365665833741476,102.70334131090627,blackgram,15.321640882333222
90.13841904614321,78.59970828162177,41.28796668626562,18.418172231438966,66.69316498892101,8.446712257984629,140.95691178211723,pomegranate,15.515399749702292
110.93733914608754,129.27115792648152,110.59359851977223,10.850783763536265,55.560007298087186,5.715508178158801,198.19129155967005,apple,14.510094357752042
47.39456795253987,63.78859301588398,196.89871936560115,19.56175539814946,75.12152141077001,6.083635218531626,50.98899415282972,mango,14.627233953251556
129.92378423424086,68.35905341277285,130.23530853849343,28.26695239769869,59.05627918395132,7.574483193823653,92.60906363731222,cotton,13.178280851569648
77.60325075536926,107.50553957312692,118.34657998890256,16.145379227229146,43.66355520032362,6.669165825929863,155.23736066663866,watermelon,11.274907040644376
60.21196361333198,132.43801783051816,32.161563009808546,31.621427129480413,78.3119524822972,7.95122581363897,281.9177244385868,kidneybeans,18.352171373453174
35.684372238318005,35.62621939415644,53.02805172430025,11.159789429654015,56.54526069004535,7.552568611881174,60.39456364691415,mungbean,9.168638148279056
86.4034706714627,106.53701933991516,65.5445848931902,32.3675203273837,54.03910160833202,9.01419239213348,65.74690617458718,grapes,10.569715682932207
25.754222347258718,91.15070156380804,29.61927852665735,24.871978231661675,76.85890401797585,5.242535164170155,159.17411416887137,mungbean,11.529899186407357
129.89005723079347,144.39819524054275,135.89488932634717,35.6457746686128,75.28173702058535,8.881431277154935,141.31617453152336,banana,19.800241809633224
77.27542551578527,59.1327154230578,40.66347201343187,23.496401362532843,59.52907777811174,5.156828388297298,56.73251173704304,mothbeans,10.609006405284498
104.78969656605247,136.76525878724667,22.400938092219963,13.535844771347605,33.62726899275377,7.161142153784651,194.3690520026634,mothbeans,15.958442428441295
34.31737511084116,70.80716281611693,77.21616217243023,39.24583441200935,30.525293136637753,9.16691530989898,287.4221822999899,blackgram,12.317174274080497
126.74838213748004,70.909037548402,158.23014729077326,12.377665934048423,96.86439158826563,7.537742375270321,271.6344049294722,coffee,23.96666291204465
120.81188188012312,11.277792499660253,186.24645482069585,26.160151760701538,41.79266236638248,6.758536960032293,298.59565459129556,coffee,24.05671169433062
52.33517222582944,21.52082530595083,124.42846975816776,12.676809970418887,83.6205644662854,9.09611757165279,280.92391114033984,orange,18.540973248550056
30.965417240872505,129.5088502324915,107.1880753901454,31.752943740499127,46.36220891861025,7.0187463043834395,79.10411817154764,coffee,10.13543571753353
20.889455177135773,60.445868229481015,52.592033556859036,38.11349037830458,58.3772308206212,7.770322142112403,224.95485059661002,orange,15.27205533304934
80.33062489575238,76.28649113223945,76.93999528493381,35.15285670775502,35.905939400777456,6.693115239243347,92.7485802860655,pomegranate,12.278263737380362
47.00965808630642,112.38347529921201,127.30306447844053,36.24370766140088,71.56557600447539,7.28242183201757,244.31638308282365,mango,21.270589460511065
79.41798243926289,118.776811872884,174.67302938310692,35.02166132228102,72.30669237280947,9.469856710700508,70.78816618559074,papaya,13.946678949748534
132.53294560267568,117.21881924947503,9.593042057783148,34.64586952970643,71.34184557333381,7.094471175174717,23.424170126596493,apple,11.497058633660368
75.39114953506134,20.229478862058443,113.54069444990077,12.908243291652104,74.5154820291659,5.276787890401059,173.18404983502845,coconut,16.74204250950957
68.08525204058407,54.25641627010427,156.28213996660384,29.234849338427846,95.59621742820933,9.109553259759322,222.9988879971816,banana,21.284287007284348
64.60351999153706,143.42601361607836,39.22432445092436,10.045716816499938,71.637787896487,9.264766000439192,201.1751353736742,papaya,17.710222400474404
75.1300602023128,139.8462948749078,47.81737358347484,29.472072608823822,98.77792587145647,6.381188597303148,268.60741047564875,orange,23.00506230225226
135.09611707343277,43.42302030673359,190.37294918543316,15.440940568513435,97.88686979838411,5.968022676989985,197.2658337635376,coffee,23.087719434028344
45.28524876540607,5.478333615744912,36.35395754346484,27.793109495115726,57.29441212432612,8.112854906857175,207.900888085962,watermelon,13.552276862656742
66.28577451234534,132.78832750932784,113.05101171478995,20.452972546621076,54.42936488928062,5.157189322263246,186.26096300496386,banana,17.938350845097922
109.52577042686667,30.596511965323604,32.80756964868003,18.620295739622904,55.97343817328772,6.142743422241077,124.88950776203333,apple,13.312058138970867
37.34153753697157,40.940791867866174,56.293538199864216,27.493459848802814,53.902979271852004,8.786994321666395,296.7924653862194,banana,17.299163024734497
137.65799585437202,10.226028800369205,48.167555621955515,18.539640959652196,91.69086466700568,9.094345679020774,256.90906954803097,grapes,20.828534391697353
123.74095736661675,24.635271811569698,15.913915566950783,22.06122456741344,33.890956939946165,7.938004415287202,232.8910210076197,mothbeans,13.893885317833222
106.06658406005107,30.091730119952523,27.212987763138294,26.55280163945458,73.4437681251597,4.755281422282127,21.251288639758275,mango,11.576648048954226
103.72558814865172,28.90576075827949,10.136191284719317,17.797797343769588,94.10413512949391,7.840664693501433,277.4513491993308,orange,20.522824558623903
64.61620265539922,103.79991594563703,121.86559498944091,11.340849507911532,85.78201353227217,7.525622156778821,268.402009940258,papaya,20.833708244504855
126.69393723230468,79.76130489482223,131.48701030499097,37.671733116715984,65.89879426749204,8.691399229263073,110.67331786137902,cotton,9.954104591404505
26.613939474952698,10.28090537694196,25.34168490851862,16.07089583389569,32.63447513594538,4.858083446056735,105.69581796570124,maize,6.508519654865336
32.66420541868677,83.27235313300105,125.18314799697565,19.467483582274074,50.77835678077605,7.157506342431926,105.57585233881302,apple,13.329331051279228
114.77509860631685,8.495943477555535,193.73603812748917,12.101861379677398,63.331207803385794,9.097896381795213,156.54727218470234,lentil,12.71391317124373
56.58587216951841,73.36334268844922,135.96780197342028,26.308603215843092,76.35634793684807,6.112977519175063,289.7659773942001,kidneybeans,21.993907901267264
58.63203317580615,46.495154573264855,13.538993931329642,30.544176070672446,48.37606940007794,9.294651031612883,78.92452870550167,rice,10.806962292418987
136.27109392564972,82.76310531762401,191.642360548301,30.26933907632152,31.98733627562935,4.88856599024196,222.21010750287843,grapes,18.307865068806734
35.25819975198509,90.96877496950628,167.05747211363922,32.58947290397836,47.231372202244685,5.790974833280219,290.99458542859185,chickpea,18.207442807591455
138.891523656405,60.58969665592497,138.93758399444934,13.621395644846135,94.5748046824074,8.638726899733994,128.16240517514504,mango,18.79420187517096
71.87204042162136,61.17614559962981,56.610160949578265,39.725388224980385,86.73825189933171,5.83961629753775,294.88294428754006,maize,20.45338024009681
53.50266638778444,8.222732264885341,176.95338943322162,21.31275513475248,53.062448917195546,6.234998398443128,136.3949987109396,grapes,13.849002792104416
87.97170789602724,16.05163898974663,199.30803886170304,38.09353103416484,95.40846526308495,8.896388120409569,204.89136461088432,mothbeans,17.352989612522077
123.17724942557788,81.08234510542519,33.21155119634582,18.095050013473013,52.422300149883164,8.929611821950488,234.68675723768538,rice,15.670072337751431
132.21307836066086,92.56308659825302,101.73794624984208,27.404677298823223,82.38115532336587,5.2726900184647665,262.15252059690306,mango,23.210648937379236
123.18001770154889,57.47348839831007,203.56635897647968,30.41504107920693,59.67990888505875,7.886689875008136,166.0704091037622,pomegranate,18.502417642310686
29.867462333320347,5.023169510160246,29.046045237549475,28.501775448377117,77.33349247042091,6.69169936204792,32.89979872647878,rice,8.9752367440234
49.69521657756776,122.31784423926663,38.85625550859261,15.943229936453006,37.70817206204304,8.787982653568935,50.31125900636923,pigeonpeas,7.431085609019594
22.65119306375427,92.98339784274053,97.63578635481026,31.049173344275687,84.88235360562814,9.194224266949647,299.53682239699987,pigeonpeas,22.46910220078235
54.0823436040145,123.43941978047097,201.24767020132688,13.60464556943743,31.25020392107269,8.44888453697392,73.37994978493657,orange,13.09279405544374
58.14583783826043,64.31118822339113,97.89463856643172,23.191241184013222,66.65844240066943,8.798934645934704,196.90305239772903,chickpea,16.107830629987696
21.075840323948675,138.72821547653677,32.79917682729476,18.63002434609741,39.05123114675092,6.952715780783613,281.00651218389976,apple,17.126709197304564
83.31947902521216,56.27325820276497,197.7623343034062,33.810694882547736,38.54537441565771,9.13704878361286,79.13972328705523,lentil,9.976128494199347
103.43470667247553,77.87848975336439,42.867129583265594,19.51211854134736,36.46061276971637,6.663067486086489,190.62978606417184,cotton,13.660973996863076
118.37248292319815,109.96930409224404,203.40531995553334,13.989853238023763,80.07067771636265,9.395415965167627,149.52604762845158,coffee,20.34957233990604
50.696048725033066,23.374249929075898,146.71961693626557,11.172684667250255,93.34056061039405,7.088868299354212,201.50443225302607,rice,18.93648105116294
132.18366490202516,8.63136987481643,48.485468972165854,24.487620934360095,58.12933351929305,7.645848656175156,73.96217410090694,blackgram,11.16134388428723
51.857819165589056,103.75081408179621,32.31688104370534,25.33184630701362,43.66923379539312,7.023796524397293,102.29407560481938,kidneybeans,10.52123510545854
108.72536108229369,44.16165877473524,103.69468832188105,19.815932225666764,65.48868481312022,6.233278999736825,298.3782371736941,jute,23.174024514432034
96.55219932377005,84.2200157153452,118.84589095124164,24.893821327701566,86.53062809831187,4.75212039180691,267.8363742202117,mango,20.500896057424434
109.45349351961006,21.378297518603336,189.6526993353313,38.31215563121532,90.96946262184724,5.553386495132796,24.704489936681597,pomegranate,13.176397325922602
51.40130961885792,39.23506422684458,151.91065808833133,37.23680885462278,85.02394561546572,7.870539829791703,100.57211758720045,pigeonpeas,14.002293465659209
48.43606071499242,20.610994588974055,29.058592480105535,28.11307315714498,32.69357611437653,9.366272479018088,298.7306097790269,mango,14.170219654375478
134.60801923430387,129.7849644219591,55.951036778532874,12.555908014288454,50.21105525266752,6.686187215498381,120.78272881956286,pomegranate,13.145015813995485
73.39371227424253,91.74844518459734,175.1357368016756,16.958891234104048,63.57535303642328,7.73720120978423,144.76627926963735,mungbean,13.148991776999177
135.63063902425165,125.37300135630272,109.52503445529831,25.294252078414722,45.11108530964306,7.46138831236721,286.7632031232285,grapes,21.554509632167584
20.33115782063372,84.82115568023575,82.49600110456865,36.96067057581791,32.84950215287648,4.716001504278751,268.04458484752337,orange,14.865678148260699
70.59978843343157,83.26349506917839,194.67466429956212,17.418392428323997,84.5454412247959,7.881951444341954,52.49406432932335,maize,13.928860226511965
66.99450769181112,31.874001200867223,145.5228819188278,30.34978539259773,68.35283211893189,7.990815184018276,199.07813856930866,pomegranate,15.654265801969766
102.54588379111277,43.42298433291241,35.611308964627604,28.959369590444375,83.1830866609505,5.211614761828167,68.94972820147805,mothbeans,13.585584894974629
64.09595835067259,137.22888645470698,73.67327317606775,28.09054702133164,82.51019999345232,9.032037145131707,142.62000896709506,chickpea,14.122447284849388
124.02810483031674,52.65508555308242,191.54886502932163,11.730282208529575,38.29635242250123,6.799798097465729,222.57586373599105,watermelon,14.049894868240234
123.82755150325353,131.0633096396915,107.8704322305833,10.748556534031524,37.39474248994752,7.433583726206169,54.680409810576585,orange,11.956432127641495
83.55758980760523,143.65284081401614,163.32387238464486,32.669350840068184,73.90816226956346,7.141853496654187,116.53199908978333,apple,16.863664791747283
42.75309996646337,10.116845991518677,144.63440890562023,14.345550903362007,93.26782579326517,8.353406934847571,188.628425791644,jute,17.58979689125047
79.75592728657882,125.60110488765729,22.299054804279514,25.53216809482509,41.15740072729214,8.974078750304677,253.05674756941644,mothbeans,13.58162272192828
84.18501932172387,133.8404892617275,165.21865186823783,32.90909438636212,85.23959379479186,6.965905457321434,31.597212992693112,pomegranate,16.11163571426881
92.81242980764037,82.23490638377629,92.732061111377,17.041840644428383,80.32719235450446,9.045225648756979,235.5898413062211,pigeonpeas,16.349562674611445
59.053089801624175,100.14887107127358,14.028414772423776,12.500487440728207,35.36770060597542,7.407548633604897,270.8590882107907,chickpea,17.95610105361938
81.12617643362982,107.8766317891036,66.58590747164183,23.824722417273914,77.6259153335188,9.316168925330885,117.68371245933804,chickpea,15.807558382279021
133.87465666170868,55.72049886988367,151.88663774959787,20.525699303270052,51.345873973301174,5.509020412877195,249.86177393168205,mango,18.940964276241466
36.63987695632317,144.46260913601836,74.47979925581136,14.096148320131078,51.80795249067724,7.069188133914562,44.62798422083631,banana,9.610294714713575
70.78523062103868,103.08971208066698,13.64860499585307,21.217480816557003,54.23714313620883,5.724091736310163,203.2004540532166,chickpea,16.585457174746157
20.80835004197645,5.961184034639951,112.62400354534394,26.544576895973655,68.90036026644106,8.108765329151923,277.9554307943582,cotton,15.264878793302096
93.8470861623288,142.49186360806092,19.880418987564425,24.711126174965912,81.31267495506977,4.730045989148635,237.9165783193324,mungbean,19.044690460971264
51.04173644768585,5.470751002524963,50.19741761997551,33.69400345221686,37.5096838996023,5.98059187412149,177.5014758743577,rice,13.596437251516521
85.15864285343571,142.32368935243576,7.45711913017943,24.627955302378226,65.30944342294882,5.966610665604751,167.01995718445636,chickpea,18.392314685991668
100.76010000925658,63.201090025152084,169.27412051500656,31.887953747057978,67.84472961591568,8.885303412929986,252.08131001105556,cotton,21.007359668822144
44.82306039492578,135.95053404003002,94.69406836518195,39.84703754040143,33.25578037872264,5.137903721810824,144.09902415116676,maize,11.851810157440546
43.00547965487524,93.27574063592914,86.63447774620734,32.885549359172906,38.74364975839825,5.4576149721026965,176.37009988221243,mothbeans,14.112489952656302
51.96765847720279,62.16805409072219,11.996255611330614,11.111143239831224,36.64489019774101,7.383962266002802,261.840596091683,lentil,14.558123535885818
57.13344876684042,51.24974654781191,23.783094147380332,30.769199724831104,71.65778024291659,7.448774608901353,153.9848443548985,muskmelon,14.746338630259658
20.97047498631756,18.474729722081058,141.67059409306103,17.8440041920215,37.55380761622327,6.143276300940201,91.25511398880602,banana,10.42012193851086
55.93461275135652,114.7260623495752,67.47766809906308,26.049824334886605,31.622325858790823,8.458653916791963,193.6945769501533,maize,13.28206013073642
64.30043090764286,34.48776838741457,32.56127652008846,32.87256051934875,61.71257301546976,5.659816894459064,277.4952999422813,papaya,19.27492635262254
91.2224142253772,87.10092849517991,8.907069397902152,16.31698197545815,34.328150491848504,7.3448253627496705,200.7091685474508,papaya,10.885192222552053
48.860463797758015,122.15617810318264,29.364921182099476,20.652501105068488,30.681323769554403,7.473231218119543,204.3476059457801,watermelon,14.420843057282788
118.76558897946275,108.90324379401773,145.89382676585385,12.020061966550216,33.02854164560847,7.976826488507898,284.5425443455006,watermelon,16.650732315060395
106.86246976090273,64.12141484243809,112.18335703698716,17.193457859248717,62.607522903665604,6.054000440066977,173.28822124807934,rice,18.868795343919317
24.983603501766126,16.00354654807274,46.062821258909146,39.57407600659312,86.01876369214853,9.120605086239358,96.18529843086168,mango,12.461010140400328
86.58617555073768,84.73265316187836,148.51338817391667,21.81940094093029,77.40472521351916,8.44218522063847,100.94050607951645,jute,15.048406038163918
51.64864366852482,142.98423349212158,16.027347032254475,20.758612528504308,50.8388015338029,6.432558565640277,276.9610009455624,mothbeans,19.315453762764314
130.03719832400006,64.26744063284838,175.95375384404164,25.65250295502006,51.79469903998205,6.746748994839436,138.82670211389694,grapes,16.249441350365043
103.40726197004368,60.319492127126544,57.423753420350195,14.321422214580299,98.05342099881523,7.10557772133876,52.13139809324577,maize,12.723705594036794
39.69321883377171,59.91014000910425,150.3664901581359,16.522143992273886,42.74378340586605,6.381874368245959,249.2218560009648,coconut,18.32596947842033
27.214128510180583,29.346617653648465,150.57528853281548,24.411514741647125,63.77233532138126,7.491090459157052,240.78522708228886,watermelon,17.313883224027386
40.765711233788664,21.99653903159632,192.36585544896874,27.318706709099345,36.48482960678936,5.6032278045081405,223.16521397559677,rice,16.422058884943468
71.10020905835904,75.47624731702116,186.3258196545086,24.22871066541458,39.97818634013872,5.9464610731549765,208.2147023843094,mango,16.68609555181195
58.51743271804698,110.9702606455147,161.90415204396032,26.002009619515384,67.57293670667714,8.298604015312419,248.7686414228341,papaya,22.26505858262595
139.17326381873397,87.68897921124923,29.86325381179737,15.513363128837,67.63774059875317,8.078290935928084,205.61541117674503,grapes,16.63628083974654
119.1801965113906,75.90596949849093,177.17908974424597,35.3043080551314,91.27007633714021,8.344369774033368,256.0378592731586,maize,21.53549928601398
130.06103134968427,23.0983898156139,85.85795668099492,10.08901176131473,86.52175619759973,5.342094230479746,236.43719910844766,blackgram,17.083962861407304
67.87764854735627,44.64116381068447,6.936217055929901,18.535688813161205,56.57082763845156,4.961098186213559,178.61651619150956,pigeonpeas,11.83194642946852
116.31186431283936,57.41186154504121,36.24782813420981,14.977105476407436,98.98152548063166,8.127049682712244,146.0132822736095,mothbeans,15.818141345727541
105.31934380870806,84.09363056695675,192.50882909721614,27.826963757237323,99.49992657249109,8.769096359316453,287.00742202818685,mango,23.64800301921726
114.34365235629589,34.60285151677885,157.94893082698255,27.459200741242185,37.66676014311711,7.008917987851044,280.71864023483,rice,19.32983028985698
29.373843778996754,68.52678674494771,149.718752396228,11.003419297971735,82.69816327815462,6.3060128889124805,89.82410863833232,kidneybeans,15.331647291635349
68.44330520272517,26.880639337457765,104.33084644397856,26.21266039091677,96.09425303051621,6.562575768838137,178.74785179111552,mungbean,22.02372516609072
64.75760995275229,129.8077085195701,163.50392692858256,12.315438016622117,78.96788434314641,7.193747896809486,49.020299463752515,maize,12.163945939119852
80.25836224418399,124.90687713807932,44.063482108671835,38.18328294697392,85.61020041983153,8.543460780945711,129.13416505486,mungbean,14.590020748235204
121.23665475251167,77.95293681746105,189.42910887160414,16.13833771900355,37.15916591349517,7.6247910461387285,217.8836775273716,watermelon,14.767756650697088
117.77697519071799,17.142104196010944,126.40428567413282,24.49432897806164,96.22836289996624,5.983206459626982,77.68002973345901,mango,16.442991861864517
96.0264895695885,113.639932990914,200.55740848186582,33.06492430743107,41.01204777609826,5.627013281634795,233.18911457799518,kidneybeans,15.633005100931541
71.64743922491789,93.34657285946541,86.45195163890382,12.911080341164897,96.32009987265783,6.580395408193429,115.94864362078032,mungbean,16.486106001446117
45.991481855470695,19.031035853611122,34.71569582177251,14.999644810106787,43.83714067511266,6.599801061130961,194.691795332363,banana,13.401100078452453
79.19530704738564,36.08154709923731,127.8951307555552,14.424065126326465,38.60327418415576,5.442056983505624,248.89007178468438,jute,16.039627203945432
107.54926778823972,12.911062160188678,123.37144773061353,33.20675416084755,46.17510505067349,5.479734737860976,100.96987557465319,apple,10.623568593354518
36.13593202298166,69.56738455331731,129.94569486282597,12.154567799560706,87.07963051334258,9.18717959398407,74.19337254099185,mungbean,12.359113289972576
103.20963231933116,36.9477289523292,20.206021527465285,26.898984282242463,33.794186445307474,7.4388432148408405,230.9795905241364,coconut,15.445685480988619
66.83639049221938,137.91504369661462,193.58965293904228,30.80441891833065,65.04062377707166,5.474836539195597,267.06996618552387,mango,19.091671637660227
35.86150709124023,135.63331711806902,90.32706492905142,37.301975366052076,50.60848960511758,5.13184050680826,103.03043643608459,watermelon,12.441415877686552
48.440489394791705,116.96203689420587,35.94640179506045,19.76410129719526,55.26988028867099,7.44401284407712,241.18132309814138,maize,17.60348484675935
25.42353767673633,131.10552855630488,195.70505258681158,32.061397478380016,80.86792097196837,5.7044633470586525,40.699161436263694,jute,14.042696594802868
82.94056276646947,118.96379558236,73.82289371571926,36.91112133749652,92.08157749297912,5.2085226039187695,158.21661563631713,lentil,18.914148099750808
46.04196901487673,28.940702331529526,153.78435131183357,27.246673683819903,58.32220303252805,6.96058378095666,173.89880948023117,mothbeans,14.148175745309576
78.58159010567414,34.570561126460944,9.204817374583381,10.706448121409501,74.97579959768512,6.186400446519398,158.851062652312,blackgram,11.295989766407766
28.835301079314966,95.01315950000301,39.88772130728712,35.18571967855547,93.99375752065106,6.507389913044794,250.5739658377987,kidneybeans,18.396637663134527
48.93646240980089,125.55355336986523,177.95573260330994,34.805869477498035,53.897844252752776,5.312787199228262,153.0495906263677,cotton,14.573492642441337
78.7616661657526,67.76077418868095,17.01299796868609,14.014042045042412,65.69446262794257,5.673753800097897,265.72752235960513,jute,17.765860277747954
58.697060365107404,121.51483194799364,40.018778569919505,33.38039760436102,80.13842832552481,7.756833537780064,141.32889981761468,watermelon,14.553426017006965
110.60230376484016,86.96497324301191,173.42524990172566,17.79400046910149,75.70034453462884,5.093402502643425,101.70677421671624,lentil,17.198967758706537
115.86242678678015,99.88534443825955,74.73495430151996,36.29190813233318,65.64603462248019,7.741234112730411,158.77677573297444,rice,17.017475843188667
82.0784793925086,89.33960483415885,8.610676581605098,10.121977898429922,68.53069966846464,7.120542323833721,39.9738574916595,orange,12.630549274180773
70.85057066465703,17.020725015604363,124.58193506575256,10.816251514288899,74.04668629440181,7.8660278664469825,156.4004528950423,coffee,14.073648463389844
32.167272635264865,48.86092873918045,98.04133592000248,29.266249505345336,30.087508926294973,8.055319596176815,219.55934099507743,pomegranate,10.221260342640083
118.99959336333347,40.766115022142614,124.51516028036295,29.97413268093003,93.01690568117895,7.23733658386268,177.16032572317684,rice,18.980356542879008
72.90491794441499,92.51374638035732,39.041567767633786,35.993565151787564,68.62348129777476,9.021047740066322,20.73686032601573,muskmelon,6.848091239557367
77.95326865655586,76.83139750213357,119.59565193191085,29.88875099338766,34.40422167253198,7.6124177289619706,275.86660068873476,rice,20.73700183412265
102.97333128983739,5.3725545066991165,122.3520531542966,28.170344515368264,82.18570960315438,8.946152330177245,143.25314319127287,grapes,14.45555481846101
27.74849576010125,138.47929606572433,134.18005498832116,21.944432689169325,65.4213464875624,6.427962483884288,135.53108815624324,cotton,15.815602965780952
51.954753750777684,92.0464767854869,56.73073295807773,16.753798814307363,31.48456354419907,7.385797087930312,61.98363209195601,jute,9.768336311907028
123.03928096973051,102.61400848916453,204.18623317960842,10.609381843651198,89.43010857527236,7.980281646331218,199.29588081341802,apple,19.364172116549366
123.15409515207476,101.37943579538587,180.0536407731233,13.145770431380699,61.89316415895114,5.6462743649005755,221.94036535572144,lentil,19.286444128332235
24.820036031718264,16.132142583017945,60.265385794112376,19.126083029143935,58.03174592644217,6.524655472331481,235.9945233160907,chickpea,15.11170316560548
30.19886209762747,14.319571016151206,186.0243704493972,30.07321398422227,76.97828016920766,4.637776111403831,282.5490631368075,muskmelon,20.55210533912341
86.89460627271518,59.41068124214779,56.88694518905752,37.13424603132323,51.58455180981083,7.99244462734411,117.22349569993094,pigeonpeas,12.005942243177742
118.26609096164421,95.61381954942753,49.25240417898184,24.419333492720114,99.80444315235006,6.141899195401983,52.63697213583825,muskmelon,17.09208250536919
98.4438945615151,71.63761922821634,153.6662058631246,10.903083739359714,71.49078848067569,7.283641076077788,255.4375322849719,papaya,20.155022863421447
30.292136562013937,86.13394859595793,74.17549730563759,35.5645025083648,42.727153480945944,5.899940322106559,69.63130966564218,lentil,7.178746710507507
23.239519010624235,100.1489495517167,141.36992237443278,28.01974134989086,90.1455962731258,4.904382198967392,49.47287327565262,jute,13.346759440179934
51.330358239957725,130.7797315584674,130.25730690085436,24.775938964129324,69.38935680890255,5.977476723191611,259.4900989465358,maize,22.71406578737655
89.37330326512105,76.66279519634435,200.13868046680162,16.1804233979916,39.93777212383932,5.311414347668917,297.0437622445349,pomegranate,21.851852142599405
100.87661740713376,25.908869168586218,49.43980612849978,36.37279871075168,77.20247696021259,6.994593551283369,79.05014979568664,coconut,14.516408541558857
78.04055107987887,128.3939555082948,203.27637743456265,37.983256229511085,71.8639093447834,4.809009885941109,192.90745164620105,lentil,15.219161676884728
36.6585768362839,31.7882577464789,77.6986842109514,27.753594509514866,53.34875719216166,6.761335536680162,33.240929263781595,pigeonpeas,11.045103319655833
114.21405871918374,95.64433807267795,102.94588585627267,26.58579622544638,65.21320141869569,4.76896471863867,225.8418490606474,mango,21.520935238202053
121.80063799574123,139.47932299451767,118.8791452274704,23.697761866486548,89.00209818597625,4.621347734946934,56.12353243358945,muskmelon,17.17973305976066
40.44875909881459,127.12884596887349,175.9068665412744,35.08733763568128,57.945950127417085,8.623113873781701,256.54268634678374,mothbeans,18.709884871036095
42.00978245521004,29.30044705866743,100.92309474677481,12.76592104713523,92.62383322890614,5.000745691562355,192.63609351542243,pigeonpeas,17.40024070021065
66.59673692953258,142.7422178362735,18.246197693106133,27.3335890969203,99.26978180808314,7.954763216065086,227.13549685981405,banana,20.600286355618262
22.563579571635486,10.055415677506996,203.3447804352464,39.38559282222555,53.41562480349833,5.954909081329144,60.86844874499639,rice,8.36712761967669
88.02053976025601,68.5508399050155,42.899411687962846,18.328541688449697,54.927073431721496,8.427413429161522,296.9730414005994,blackgram,15.326958287772348
53.93368602531194,100.10976433178944,196.86082488904503,27.431641568068905,93.87685517305863,4.571146854864738,242.4517810860816,watermelon,21.81786359306898
90.78955914575596,38.675166353744906,48.143445889638855,26.675088000781457,93.45387513473477,4.861839728775385,189.22934341905508,apple,19.770091446326102
33.8482483548283,21.34775669968181,78.22559933391761,18.216435206491504,43.88199112255828,5.493470868056726,56.58732907895404,mungbean,9.728279679137662
56.0717474213427,28.672591994754054,107.29353886922117,35.13003869897823,46.14983787548306,8.154517675853638,133.63071898821676,muskmelon,12.443408359008961
60.796748364081566,19.923056190590703,141.52424997936154,14.093569723656412,50.56430649007784,7.001822882218937,210.36710984157247,banana,16.435817861828482
114.49113396705435,91.21154394910458,94.64279508261399,20.35708923420262,59.33088315629613,6.141441563825012,253.1587627613885,lentil,20.868587946608976
117.33474011688621,138.51788758166674,70.45526019665479,24.250837022862303,79.4148386685265,8.976908110173655,158.2361951168858,maize,17.684875462824746
120.98819084542208,144.55986057309659,163.97670095710382,10.744997118579295,55.812791954663425,5.736053180665024,289.956885213523,maize,20.931353231719836
120.98357702197151,40.80186658540704,129.48688721568928,11.818126461968962,79.50287491187204,9.349361695121342,261.02324602100055,kidneybeans,20.72916357784909
107.97757615090988,77.66901844036721,70.69644103921495,28.188730301770736,68.37395755115759,5.961471996390015,95.16948939690448,rice,15.40690050123822
76.88438101832952,47.28737844351949,57.74623160807374,38.62922227422909,90.36593533217663,8.583895527122667,79.99945522956185,coffee,12.733351068038449
64.05626699644559,41.87529035656936,35.00077214549448,21.689779874709444,54.8432937443203,8.144458390648635,187.46697533349092,mothbeans,12.345522657177993
100.55008692628822,65.44163918766978,16.538475058388386,28.244983405104385,44.7476463402832,8.75068141914803,173.69168621792167,maize,14.525631575149374
21.923881331123624,16.696410210268652,106.00960400224741,14.503667956594123,84.51338258428987,5.872425870022629,47.411898457810736,apple,12.869852002483483
122.93712677696189,22.406336552979976,198.2541119183235,39.890250561501105,72.43025617103004,8.41555025429974,281.4323705145086,orange,22.23099136668115
135.6467716668958,5.951479864511999,87.7356226853609,32.019635022831565,87.9991509212048,4.811429743415489,210.57206544995566,grapes,19.472894417526557
67.68805845597616,44.48639811680815,85.09294530303406,27.79474885938953,72.61962159681875,5.693307391463543,43.65402105247037,pomegranate,12.119317392715722
103.28135352992605,58.48568199614379,112.2096792134276,25.727907623671506,41.548764455082164,7.615247500400064,142.99048389751138,rice,17.175683922083344
85.34089656824875,45.09545114342634,187.6889492403841,20.080019020101656,81.09351341494039,5.236102528590598,63.81807194770322,muskmelon,12.26944492150842
70.88653420447369,5.951289835879974,31.682724554815618,27.359916552939627,64.56775284576167,6.319145878234156,278.5004479103529,coconut,19.684143121766255
112.7581705485142,22.277308997659947,146.89246077458318,37.185924532469826,42.49517830904172,8.693550456641749,52.368972347862346,papaya,6.80653719691995
28.11872509178416,114.38033980485433,107.50146201720712,29.715308075349004,84.0408445789584,8.870496953821073,129.82171674682067,blackgram,15.383353691826047
95.25153332248648,11.360006276123153,162.7797474007417,26.387021918601643,87.99061772751375,5.565079916990641,218.63369143535562,pigeonpeas,18.86458073318527
108.36512812571576,11.428119077744789,48.340313309499635,22.24010275989096,56.78560936058324,5.154993364181703,298.358307802864,kidneybeans,18.204217779155176
55.134777773349356,35.38322754803103,84.82015144504786,10.77112668479047,58.098774947696725,5.608313141086509,94.01357235327563,maize,10.85380195265532
34.380101934636265,37.89490027870094,161.69911819626986,11.102674738859777,64.26686806806765,7.152040617067814,212.83937698931473,cotton,14.701255600391384
33.17679487375585,65.70776984418723,91.15693042453879,39.16914071880674,62.61650237284372,7.890338537342466,157.8162804797363,orange,12.120190949028965
94.81056823074461,144.6435833987974,202.3743322697708,20.611407384832642,65.27477476773828,9.023450793146967,45.806945474396116,blackgram,12.834646445785483
120.23597058196314,113.20594161144338,103.44962020747256,28.38929974781282,36.00678949081549,8.307973507406789,164.53361067467057,muskmelon,17.86785341486613
79.95627041874532,74.55444694009985,155.04106014166462,22.816255815424,30.2025322947716,7.56031588060941,286.74549297935937,pigeonpeas,19.40280866019353
101.13299502390026,77.61516901678316,181.40035844293544,27.033909907387287,38.87603799977118,6.334280002287529,144.85786648590556,kidneybeans,15.933266589946973
110.91100410079234,48.38052411317561,148.74179861283665,15.858992077716238,58.57020682022274,8.53045928577966,191.3401653362639,coconut,17.611078997527503
45.409575630459415,24.107871986663607,176.80885255683117,13.353223177486099,36.17265954872535,5.8853758780835514,108.71768085620819,watermelon,11.233298982551329
87.02369528972328,81.85576624765476,107.16602242625088,38.31654730116635,95.41987885578139,6.300724863991471,118.53060324357733,papaya,16.193079574024715
33.43315282071198,38.55616824642522,194.15836994479233,14.521717181069327,81.99522826593656,4.505540117038426,196.87938874904827,blackgram,11.077306191587336
123.49555082386823,59.70429191609099,16.396490702090478,13.202260536833082,49.32336558399094,5.599850020543274,264.71597364167394,coffee,16.158336332157038
135.92726929486423,71.58591957523558,107.05780653450509,31.209946148822077,77.89867584625134,7.0138870105648286,115.15475037166259,coconut,17.044094674406175
60.01622477417694,132.4346325342957,127.32846676719447,30.29477840270081,30.40744970706318,6.994242760313115,140.72612198889527,pomegranate,13.571385785931003
124.93756477472661,93.88713014662642,5.284496948425739,19.806152953189237,53.79618253077477,8.03167779725808,216.12693589471124,rice,17.858086821785626
123.94528576748257,53.75717153602791,91.19995783048593,22.568857735849683,60.8186817724798,8.946053975054333,89.75379587954396,banana,13.617376594051267
120.43509886924025,82.23606791251737,102.97023464336063,39.611914127046234,49.84555346945338,7.140151524475866,211.05088201023761,coconut,16.93699617271865
59.99362244602176,8.031425388815132,33.459518657866646,15.402381284902342,86.72344074113974,9.465198352666924,262.84967689109544,mango,15.55502274082487
107.86095773243018,47.03837821777863,198.63159004232824,35.95657520566186,50.290293008969485,7.875343383434938,220.98417764860233,kidneybeans,18.68201918943831
98.97856221832618,35.91765211986055,86.5684622699165,23.017674673970497,81.35627676053144,7.5919727262877625,44.04096537535477,coconut,13.353453719530272
21.50704157922938,44.88579245762983,32.13452539379764,17.506909703584753,55.34616126258125,7.883278261605777,110.76759868349035,chickpea,8.801082702570403
75.79054668742306,98.90063249201461,197.9572305900074,39.9772174067332,96.70455004888073,8.091211726267675,229.00343324618566,maize,22.132310092863975
123.5125851855548,138.2499647993091,94.1412289040655,22.49532634126381,62.232512366504146,7.799085857282971,237.1247109577741,jute,20.036089126135252
56.39483688773447,112.54691267359455,133.5829964608026,27.778054337667104,42.675241698145946,4.672055229522623,156.82959677180878,pomegranate,15.858631095862114
40.245254810833835,86.1590134737051,79.70229815092577,23.86702518545338,43.71041033778612,8.339334013358783,108.11938336620881,rice,9.577542136244965
78.18810474596317,97.66284610445327,26.302726816487727,24.774378591334475,31.127451231013865,6.455123694200198,35.255576159305065,lentil,7.69524547929414
100.73661450476428,115.86268987216702,98.53589689388346,35.55693215337304,91.11284128723833,6.284091199210111,125.51937435002118,jute,16.734279775525824
71.95999118016472,28.354847028241025,157.5463666837768,16.574541173319556,40.04704925502985,7.314360377470035,208.01867148164544,blackgram,14.510485011898865
20.65979450033066,104.3328967405361,97.27790009382073,25.95468476944088,48.424325422464335,5.391265274942812,215.9971079492746,coffee,16.85442927323069
118.98819292725602,15.639754162297304,117.27100566870807,22.003689780114016,86.45167973867811,4.775121177856667,75.1960504605166,lentil,12.922007567299875
60.46530469445675,25.35139692559927,125.72490427012326,29.147719004270407,61.74527891591086,8.100805248260038,262.9426872622379,pomegranate,16.83730008356535
27.360631865510236,18.39600941931662,84.48867434447442,38.31658890203662,93.58895852939003,6.829874291392056,59.80439246300442,pigeonpeas,12.357863397047302
130.6576276220793,98.1001388237654,40.195313517712925,32.75578208426627,31.09280266390297,5.066152196053294,28.283648327779375,cotton,9.127258209772421
53.46083365541941,21.677807521913,59.59193773128212,29.41341257329014,54.51421281957257,9.30573012066445,56.674063002197805,banana,7.834004552088377
108.30585102888311,90.92160444895661,20.990538248845134,11.96120711338911,51.35064662477077,6.651229982693732,97.0623165702001,coffee,10.412968224291985
137.34159748940405,6.682991468257253,75.4790681025922,19.083282320087513,76.01615141072273,4.781889833735225,246.97297606963338,chickpea,19.354343385534136
26.23072187850406,109.76203897409576,100.65461052961165,31.635231755054022,86.64267724126242,7.118981866861393,93.82040771792796,mango,14.932498908386519
89.24856167159506,36.65085102511324,96.87529136877453,26.587520584193392,49.210082988728175,6.217771254347504,78.85791157465671,watermelon,11.37912114250476
122.11082904851428,18.814117243734486,55.620451052979185,14.063385867154848,62.45353806803918,8.09143744080955,67.33779909684004,banana,11.942347409183514
84.74602622925497,19.591372066411978,60.227377534825806,18.501583458777453,91.12241480737629,7.267006355352937,190.33061383671188,mothbeans,15.483603168728209
116.16326397089098,105.59872381787567,120.94573023972292,28.844304273462416,36.58309256507738,8.780856522256268,235.57396924326554,papaya,18.85871682076388
119.13045914768342,42.50947411967403,65.3748430460825,36.52621835812009,75.50025061846317,8.488560475669068,100.97718063227398,chickpea,12.773738689012694
26.75615025242838,96.3870621820628,80.43682888463007,16.100219611501984,92.87808798976803,8.231229259634311,115.32335852011283,grapes,15.90382114679416
28.18988446818333,131.7740137100107,150.7555878578495,33.09534486818403,34.53026721236362,5.438783344524886,279.0733038130743,papaya,16.89423157070775
88.30076333688156,120.95869518501279,153.4519097675115,35.6873498183765,65.50979401611056,7.6232452950912855,259.28010593087424,pigeonpeas,19.544033398847755
35.05891017479859,68.0430713461119,89.63876130070263,19.713857151817642,63.61167358504896,8.903642389244833,292.62534145443783,lentil,15.038354661576303
126.27443171056944,94.17689775013451,53.305311790871826,35.91258550210253,74.24320524032593,5.594810624939508,121.2666304066209,lentil,15.921573036918483
37.37210032886742,117.46050162403058,66.50850571054963,33.14793816997487,75.32964560335812,5.820851408217591,79.46338387714387,jute,13.870384492594368
76.67664489920101,29.221031830430494,166.11691537060028,26.12911066385726,85.57164677256378,5.140517161856956,249.74315217241397,cotton,20.619442292995135
90.53293882027108,15.967070974618006,29.028487671119024,29.630179388841714,64.06063931833157,8.291660434172169,139.18969467735997,pigeonpeas,12.7492465023387
33.35262753029627,43.432620066814486,203.68622910525926,29.738805516499415,86.19476310297986,9.292545642767418,42.11757850285685,grapes,15.011079235700572
115.61748339035695,61.19115436385712,81.2543645890496,37.88473576132654,77.9090945070302,7.607168172628193,232.19257848146702,mango,20.66154963529947
43.36357309743771,96.93209025777999,17.527438339508844,38.6886275600272,75.32886438529601,9.29681386633973,96.23686288286387,papaya,11.016229621551467
94.07286421560343,29.721056148524955,166.26099611663872,29.74388414461637,53.388348875390676,6.380981359808696,63.64868569237353,apple,14.051042862457091
38.47845093221067,49.871474638452156,188.95400029941186,26.92631110902815,56.12215842816691,6.513391076087168,254.5777258903577,coffee,19.389690172561103
37.482164166392806,138.45379786460992,143.7009057249483,27.562864853952377,52.574081026356595,6.665215989543948,45.03364673577815,pomegranate,11.707493158296169
110.61025562859616,92.0034419559519,122.55343904557645,25.129431160995175,48.01991993722871,5.631952017298668,173.86908801298284,coconut,18.980548528185142
95.96039713397171,132.7909423040985,129.90855393272295,19.11315512250566,75.0788396359342,9.013773354164593,58.373140616205895,jute,13.544196238746117
58.526113992293,38.80544354507483,84.24179525982854,21.819041379434303,44.730309782525865,6.5181256425556064,197.4449096790778,rice,16.855304387154753
43.6440876664542,58.28086791107987,31.925266700763252,33.24934030408962,65.28874408765037,9.14403787697491,78.30026016535766,maize,7.070597634146931
86.93402706614448,71.86123976970744,48.07732145305563,10.304886159693675,52.11761819265031,5.797441610340132,155.21486113808297,watermelon,11.927808296581249
64.84166492937206,107.6142292539275,8.247798389866286,10.44436400300173,32.051942028328995,5.596792208912902,124.71657980799726,rice,12.444870791158856
100.24154512814928,111.30867831123872,178.22549232193666,10.237321226649021,91.99360372759125,5.5763218886919015,275.38953349930216,muskmelon,22.884727115927713
33.46952090538752,125.00368300333349,46.99352173872089,29.29455236139165,66.13164563282814,7.221949559369268,74.72190034955511,maize,9.86637893570209
66.11241761723207,118.48160996352223,155.05745295697287,28.996556263451993,95.7455761933723,4.994617403731694,243.60215598354472,rice,20.78718678044141
29.465517978037305,90.115246795699,43.87169388988572,30.82763689058576,84.9773822512024,8.751670997361416,57.46381463981034,muskmelon,12.708699308840613
133.64977398846148,113.09169594220309,28.392076369229663,25.07500735055183,94.56664072871871,6.700194027615929,254.47693047547128,papaya,22.835225340045593
25.601090336981564,32.34406368057903,183.72281997408683,29.505941378297702,81.71998544180377,7.608307291966639,128.23100179873734,watermelon,14.560844440555838
76.33575425877848,87.24355405087756,204.35990422383557,28.676092933996763,82.67974056146124,5.460604506073298,168.40655345579725,grapes,19.020426485616934
79.88214005947503,91.70205092464305,160.21764948960683,38.28826354670916,94.0619440261824,9.200679100274343,28.995041512652374,rice,9.860719406917827
31.02719803976234,91.58828769815992,116.4075121288278,38.60810594643571,41.3491097402722,7.780664721222038,152.74056900002532,jute,13.330246590904185
77.28220586293988,60.38259172219193,102.23446122573421,38.20079566093166,76.01722548945011,5.951546909210003,68.4144394489966,cotton,11.739512223450255
74.19692327212852,89.18121738593227,58.20054070795359,33.0252774129045,36.89221718355671,7.302266818003272,194.58886290835116,mungbean,14.39888755608346
90.03032146011789,84.68509472671218,99.06472580074401,16.940401947631145,56.866267746154136,9.449529068120043,60.8248434953188,coffee,9.485357982553657
123.98309587778117,68.42023534288529,126.12205311460377,34.83379457233161,68.32929506730483,8.157345807571652,117.23626692233255,cotton,15.383250638631752
122.71213188321794,96.30561357644517,49.08462161899851,31.92035633454759,98.48691251211062,7.129667573364054,92.99526054153233,watermelon,14.828916702122772
114.6982464408371,137.7040628281179,188.61634570239386,17.138167900018285,77.04053895819554,7.234289963021425,223.02916737999547,muskmelon,17.772086320900566
60.561462525656594,46.42511345642421,74.44889233245681,24.696500154964603,98.23738145778128,8.317823110131032,258.48712696633675,blackgram,17.919042693643267
56.28936755012595,119.81420806501397,171.48941445506486,37.965720017608405,59.28506234266817,7.256249845365263,273.6671900032819,pomegranate,21.52912018452414
51.03397874707191,42.0096191593897,190.87361800046628,29.729068686005487,38.001528771904944,5.217926350659671,96.26288116167824,maize,10.564798350805544
38.152613289204034,142.81160177208397,37.625505490869536,26.573919849306158,76.86120426604558,8.59748092795703,148.5938412597117,mango,15.62039033341367
78.04481946799326,77.65710944027289,191.42792628316752,22.63313779231506,61.273453082499316,5.062418773931891,198.9683177625455,mungbean,18.877345855259982
133.50863940495245,111.8512554434587,42.90676484946851,11.999589757856686,54.55578289154415,8.68150964460083,49.674235716027724,orange,7.990302479953496
20.049237900486418,43.80437778207544,140.85007289470232,26.402515360489595,84.5205938609357,5.288379667202692,168.67314977384464,watermelon,16.431461731787696
78.2778239004792,115.69221256962383,86.47207073672682,23.056716843293287,89.42944316665418,5.038299176788317,178.17697139529827,mango,20.819554162552453
61.215245230255555,13.593472365361013,28.61675487373207,12.78470703284173,41.06668759829883,8.564602666782797,195.72027105843557,mango,12.58324419888809
64.08943311023788,141.8882989606496,159.26607307202738,33.3133367904405,71.99596065153915,7.035042144806446,174.16567886956173,muskmelon,16.84649293013241
131.3189759038874,46.86883375033524,85.12525198083462,21.888500682023864,68.2255182620251,7.421236454269761,89.47500813183528,mothbeans,16.14079498360676
83.5700085822137,110.04770489623911,60.56918501564776,11.529686208918706,64.24137065299578,8.66812221732656,90.4296242695859,banana,11.414916742627586
56.475565977191565,48.946336737554546,185.93285842276262,39.45244486313306,44.68374574154497,6.652564230018947,293.47696712023384,pigeonpeas,20.665789485929036
35.55428238138951,69.54479348200121,195.9260597128935,18.84271862663453,64.22388996710185,6.421298150340347,196.35154998950958,pigeonpeas,16.560706037950823
126.74229754030962,90.48876069848653,5.248850540696988,22.99886922376696,67.12996036575998,6.747189037025154,279.12584504633156,pigeonpeas,19.595486182944786
67.20495699786709,27.212826191910324,83.17033612650192,18.922756460886596,71.94124669475474,6.307702077492117,217.56510574616996,kidneybeans,18.359460770063937
34.7527805158876,120.38282345336349,49.34897743258854,21.10650927682635,60.01299881473673,6.1984962363687695,133.24648644239292,rice,14.56852882111413
80.22689273061664,122.2798146743968,61.857320696128255,14.732263499721718,49.04899297519181,5.004634875142423,279.4747165662389,grapes,17.635005194066412
79.76688823586463,65.35335898584181,61.08506292190778,18.845648821295146,74.35081247686612,8.091979406884573,181.42858252885935,mango,17.594829539082326
133.38488759132244,18.785653675117835,57.27488099000561,36.05182338612325,32.07644599253352,7.460985833126446,287.25987112460524,mango,16.223413198621166
65.17815961325093,134.0147060213462,62.26325711127402,24.196961035797138,82.2625027548941,5.787699855160536,70.89905728239847,papaya,15.9808452637802
99.8898466783322,43.01371246135386,81.47226459291356,28.493095029986936,34.5899462247781,5.976626750339278,133.79730453214285,mothbeans,10.282761146389337
30.824225670182706,109.85872288479058,54.13335201191653,34.01272286296748,83.09130974281376,5.491894353571458,274.32134123623695,coconut,24.730473666974095
115.65748982416362,63.87472090195995,41.60326313783242,38.14333949944491,97.42802404803489,7.056864559020955,151.3688649355039,banana,18.542129579983644
89.30195757019274,112.36022574483208,154.15674903923767,15.559651316535351,51.06434553994433,6.241184654830127,72.51184120140124,rice,15.132416992771732
107.1083186632102,83.84795660640452,54.953218617916775,29.638957457614993,39.462747146070825,6.16903148367383,132.25580766230655,pigeonpeas,12.104466159190107
91.65086434549751,54.89699337730585,91.70472952015753,22.67801853840774,74.26865021197798,7.362326744772404,138.18969337743903,coconut,18.317340515933683
75.52121486153835,48.22686123207842,37.97327573530608,25.544868629041822,95.09226977627928,8.9498608344242,277.49522411074406,apple,20.277007082184934
51.651301479065935,138.4441943833948,52.69082325308991,13.882977135621935,38.77234805354958,8.531620367442645,220.15746086748726,lentil,11.842526514313677
137.16497232295853,51.817217801720055,130.99509250315486,39.66718099598782,48.48175412297178,5.333335116207897,172.97331899751995,mothbeans,15.765765149254797
59.292948014179814,112.54761475122528,39.64258994318963,21.453573407828138,32.15829409490873,8.633133086748039,115.40125456596147,jute,10.030019030898545
73.7367456375598,71.38699664696203,184.109945614481,16.3269444587346,45.22421141610339,7.297382975551523,204.86279687523717,orange,17.241685876011672
92.29634863368626,136.24877775726296,116.83029698785106,10.16750592033967,90.94310887021719,5.923755401617299,160.49473781952105,blackgram,14.870944871308291
55.21193650095184,118.59026220538347,69.27489732142291,15.569657898052922,57.708877382057146,5.1202681117066,151.6607165272177,jute,11.912696272650688
84.78121231782211,58.673691501829715,86.5003962466035,22.994056359887967,54.41918702623063,7.99537817444849,55.11627063611232,pomegranate,13.20162218544077
113.47826023658482,46.74282730334834,13.509513854127126,31.339095171367784,81.40513314788832,9.318113052637884,91.0375561210462,rice,13.883580819594057
111.27017659714004,22.783625599199656,144.1172696083207,25.970291435602142,96.88416913270824,4.684588215386715,101.77364882401628,watermelon,14.66058649461173
27.781738871843643,75.13618837964344,188.9435862473516,28.22560656570619,64.66883546046358,8.214966934761101,118.94508165279706,orange,14.88209980232936
118.75916374426541,132.02301960044542,154.18331895108204,18.473670365746464,72.03552223665923,5.207018054571776,52.776974648537276,grapes,14.700815470738528
32.72044785599584,84.18502304010997,48.64237220386804,28.354543683329435,45.01806776787379,5.082409871530297,172.76099500615166,mango,13.894697384425065
117.98776352375909,144.03625118760027,131.71820875561113,21.358672794501707,45.306502006816046,5.494106019581022,259.7222804492151,rice,22.20479205330832
88.12014612375835,16.061437828958415,191.01123891770172,18.14390487095607,53.49373724920987,5.666507768706164,20.84222895700199,apple,12.056805567755701
100.74338380188712,122.05586664387427,151.0962836904629,19.59323389375281,61.55600225552323,5.101889556047342,92.04235853418933,rice,17.8699908467393
32.09129370374298,84.88488141196304,83.05583033925276,11.042988263357154,60.411351712752875,5.905700882245739,38.75366477350665,kidneybeans,7.260595372239502
60.93744161707904,107.4215796602369,191.36385365122277,39.22971248744676,96.20679565906904,8.896915038576218,297.47366466977667,cotton,20.75057337908735
56.8441783919823,142.78622766243512,68.08494086334088,28.151332075625326,45.39798740307894,7.0890118918847715,182.2126258676881,rice,15.884326927557241
127.19211383626585,97.40939849006038,177.2108542510509,12.866811189862986,81.05633738236807,5.928021726798365,171.0580935813245,banana,20.40649182641239
76.21340754641233,92.76656744835782,203.95267402360855,27.998764091656994,94.8701105528285,5.775141010423615,131.5552653082419,mothbeans,15.833860312186664
122.12616635460974,15.011550226678388,11.419479053381828,15.92546619859904,51.23654796200647,4.804403887137219,199.56720854891893,kidneybeans,13.410624460773981
24.89514179127412,76.69357404371874,24.630951341672365,14.469877047128813,72.73243372779332,5.657838561332486,229.76875116260686,blackgram,13.029065580319921
28.750812412096604,58.52542177426521,107.87524612647051,38.894554378169005,89.06775014702436,9.083066663649713,249.6004316185517,apple,17.63219218700712
50.2422695107342,32.533353560676,130.2224361266911,34.67913241066232,55.34550696300208,6.661772951835379,52.33706382977033,mothbeans,10.104284528677704
44.24553497550812,37.85478336166377,93.78490664272607,11.368358923709087,64.98396801850569,9.143372031970408,26.84982511334033,jute,5.151428588474948
120.30108381818508,48.744517956884806,31.30370900384498,11.300193628277892,75.07321416050618,7.2611719011453415,84.20259674975932,watermelon,12.843770659853815
76.96718581321508,45.33444936796419,146.84412609825648,25.720888179215425,35.5021946762261,4.502611921682001,25.68933367946311,lentil,9.209096529160998
40.695664022225905,106.63537265951332,17.17591487861034,14.962533604081564,42.889553590958556,4.706717929269993,228.60350452486878,mango,14.319804159173575
75.86126599383654,144.29392695770338,151.09988205557417,29.720252535362512,74.7778145966434,9.053721473806325,285.42160569585656,lentil,19.719686882581303
132.9861722827767,129.43430447431638,187.6053818793786,10.460178382547912,98.4454621164927,6.331785574451744,263.39871314224894,apple,25.3438010060689
133.19313209235656,118.48492575406547,110.96520888275866,25.763745206936136,82.41282329333305,6.20834390785245,233.32339724134658,coffee,21.17011307853255
96.55008834937578,140.0761230144407,99.2631115040523,22.552139792393504,93.40244217589509,9.01290247458172,297.87723652728926,apple,21.00560282735467
87.57548784619148,118.98111889277892,121.18098856008183,19.80689486487039,84.69485421862417,6.995886944398661,65.64359790668642,lentil,16.28578849386906
91.03277820626963,97.22871179171817,114.62641813356173,18.16028306840946,71.56268481261138,6.162257665970671,82.97790097283314,mango,15.166081379793367
128.4791352422027,44.52356830222171,197.9979288348479,28.681757401759317,91.47181398538187,5.019582176360528,90.41975837574684,mango,18.46318047858609
78.33128807200981,21.620198667500613,199.02143190533064,28.726906720983713,66.1968882934683,8.927247925977124,137.97973870300126,pomegranate,16.432902256273458
87.82060245191298,5.261708318138765,191.61598071808382,17.04683218384568,78.19703371482697,7.075400774777213,111.12145191544812,cotton,15.69026662025944
105.30165308305013,89.4614384149732,175.9450058834774,21.689849479160124,89.0549497095044,4.685142277053608,122.42529262774053,maize,15.281422409231016
127.00341391519851,86.9397663956325,149.6584247684892,20.92211412594797,64.73667254518577,8.148134282550146,223.74430366424244,papaya,19.98941398825754
104.82149083346188,57.046129177061815,140.03993396758676,29.107671821692875,53.10731593462393,9.43329361510362,119.99064703589379,papaya,15.273375333936059
55.391137570650926,89.16911518466607,49.22388491306069,26.67835469570947,40.89564076003484,7.398967303489528,188.6661714206497,grapes,15.205556501647932
65.92957105264261,39.3641589760629,71.18446156671887,24.9503790157409,47.33612307203707,8.414172316859313,218.52986757121607,apple,14.610989644427253
70.80547028486626,91.99751771681699,171.115361470852,26.48969561437188,42.39885529383936,9.258697624874966,45.204241873128964,grapes,9.97330226305582
37.3686917912876,15.260341646721095,7.305952701944491,38.669868700584615,51.014191474748394,6.79752471170429,130.46661460849685,rice,8.717668888019551
62.661044891699184,94.51836274690103,194.80694942365815,31.11342210379125,84.57221594619028,6.030334847675251,49.31389516385378,maize,17.033652996449057
110.49117899178344,63.18654609161159,187.74520179533744,29.32477857380193,69.50401781982198,4.852285274129386,224.51533343858344,papaya,22.07436249347273
133.60871860093334,50.03171778459481,35.446191350786854,39.616034648050416,82.23723953866377,6.573934411630907,282.0566006488379,pomegranate,23.20535000304101
136.25077344864118,47.3484415973957,43.32288410957461,39.427434187488146,99.17848630864279,4.891752209751576,230.7078681057325,mango,20.762838955676845
126.62932830040126,5.366977228598779,109.39557460378175,20.066915425033997,59.91336275648736,6.668922856329863,203.00888455799227,mothbeans,16.680428946666602
119.64645387726854,67.20605303301159,38.8350781898821,38.6458087905729,48.63928779485266,8.492141328170302,74.26236657490176,rice,9.535654221135596
137.4537195412581,25.69875919440876,171.11346828328894,15.92552240529196,56.18667568721149,7.967947952009423,284.7021696147155,chickpea,15.795987064430697
51.29217894575391,112.09519686092126,39.678766977924205,13.343653564476883,33.23292980128194,7.012449975901958,234.96542238380317,mango,14.698046653802608
55.94444960179297,89.74970720731613,54.33124805713596,28.325317270728217,92.73166826394522,7.2843839997127615,225.33519312675116,banana,19.166841974030664
82.89487011967958,102.31051102568301,167.48100101027944,29.783541595763488,98.42443957230651,8.599112938991414,237.60485729020505,blackgram,20.64131085372115
67.01814731758498,67.60399300406935,28.932355415013152,38.136189511508164,96.02640542866497,5.772206339303647,214.88218707254558,jute,18.8090385149032
47.23859643305577,54.17504625270807,155.14811216233818,26.805420885005454,96.82232919462318,5.6393750753648675,264.19371339684426,cotton,20.62371182342529
113.65337258983061,133.6446910634859,32.68499010156984,20.316707527660178,33.88902470659941,6.53455017454511,86.47282060189282,pigeonpeas,10.85094245697993
127.96495388453292,32.273497939789564,106.02443446758768,28.054124150996586,87.32723520605347,8.928213748256974,194.72504592353715,pomegranate,18.530495508036132
25.029630842931812,62.888117390656234,178.45990694170445,39.09470013559013,35.944986971179375,8.385690537340176,92.34013223315422,mango,8.637607391407938
84.68942005724242,110.98711683796365,81.43464238765074,14.091464906297261,65.73892691469482,6.187830681094862,118.4961475543709,blackgram,15.420023451380862
102.51230129955627,97.39257881297381,115.229238511386,19.322744367493904,56.44559294371671,6.07851899245208,276.89946701497536,mango,21.7976293564829
125.39507470668617,19.96036296869878,16.398233304036687,36.213123633197185,72.91105505469568,6.021605205442869,177.29508169429644,grapes,16.449343665597134
45.36291330307006,30.73973869646242,148.5463442569732,26.514246841844813,69.00441374774343,8.262576617296773,259.3918220461012,pomegranate,18.077176223980945
86.66474561486602,121.0536593288908,179.5588342390005,18.6222816501555,37.29076996182587,5.6641162693889,284.7398639240676,mungbean,16.082152077621704
87.13584457428576,122.0881831170427,80.38913129244307,12.315066808952755,73.66312390359192,8.332151269616975,102.90366193250027,blackgram,11.442676065968687
40.989346869996474,128.5762151375411,29.295660069780634,15.074479903719645,63.442497280760996,9.226499522242687,112.27334988071861,lentil,11.988202907602224
59.416965170055825,98.78945045338114,172.43086902026775,14.614422700183813,53.83232479936341,7.843742009978964,231.6171377284151,apple,20.577386567812837
46.87185733312847,36.018612436636005,28.797168799936163,29.486535519743974,82.24404569374983,7.883969550115281,278.9038081333628,mango,18.396403343319555
97.86080053336808,101.29082530668893,108.02298737571161,32.45577480668715,32.078364989293966,5.781103980889195,242.4461039191784,banana,16.691254988538766
118.94973475583298,59.45693701735937,27.00592482909083,39.70024020270694,75.89151213701732,9.410978475207902,155.42354439170438,mungbean,10.816006932868378
56.805218479421214,26.084643242847754,33.72196492113246,25.55720975876953,82.44596663432246,7.322312316457502,264.5219462560881,banana,19.13283456114277
22.765472467285317,87.46992999742805,29.414205969408552,16.414145766862653,80.19824744288468,6.066213630919555,65.69885528274666,papaya,10.022664791711835
45.80423440456924,75.32451483294851,70.73948076316667,23.2043682371624,35.8989769354521,5.665523148612871,47.34502296186777,pigeonpeas,8.978314449299267
38.264293703415106,98.05730924413137,86.90138687785107,31.299953817105425,47.96201564242652,6.124359405333834,271.0697417719094,pomegranate,20.708122647269548
105.51373646750673,31.85659978556842,90.13108704145374,15.524997410681845,42.39503339805543,5.045384758446698,186.39283091654642,maize,11.639243281790154
91.30032276229076,56.62764324677928,39.70928022022306,29.591462252806725,43.51358934735218,6.587142086000301,251.22451580347365,papaya,18.173015425643133
80.38375247060009,47.2775655483562,106.24844098168111,18.328943470051904,98.60086629259956,6.963589505709839,228.2201615503072,cotton,18.416880837875652
79.22423317184392,108.13575844049966,49.49296520757417,37.28611938975117,41.77593471254668,7.292057882321071,237.38731239017326,rice,15.181058796667987
128.74282951111948,29.61657381188948,83.85654280231323,31.362325362144443,87.07951620112428,6.888565765890655,70.7178026903498,coffee,13.524945485292427
70.27621371693766,56.04324250558162,74.7345514339313,13.955614052699929,93.93171765196648,4.648783032088575,143.20059580521036,kidneybeans,13.368178413723543
21.678363424777967,100.39425988584009,181.02749428906546,10.754814696587266,80.76224048633509,9.494188806273675,199.09989120053783,rice,15.801345782966292
47.47657854056421,132.89921147812225,76.91946022129183,31.7962555410964,89.36072217434925,6.681852132571675,34.4223930094674,apple,15.751282099378212
110.00450450487925,85.24477927416945,102.80426907007909,17.676059217279274,63.24660261124898,7.706146379322054,239.02408085397713,cotton,16.347996436854523
62.20497164887013,129.8316869436367,120.32394522275358,34.69881196640115,65.98497307109028,6.035124611210259,45.69265345632155,grapes,13.983263873999249
41.94709818288377,18.626492383187927,53.49556553359689,17.904303481920188,47.15531030451318,5.554645340928017,225.9181727357409,banana,14.227567478908021
38.41658114830482,124.87223969934914,122.8089675963407,20.26848978338925,66.85345285043628,5.806566957891445,183.47584885720897,mungbean,17.82601803711297
82.76083309080008,135.17150450049138,36.36263606423073,13.578324108069992,52.53020922764064,8.651106132591774,29.856407733265726,pomegranate,8.066923941459537
32.635112784536645,39.272701887873836,140.93447402017273,36.86312156500945,59.512602490034205,7.302060175391296,83.94781028352138,cotton,8.13860795047778
26.9378240227432,75.01062606947899,203.1711247230747,19.236107855978243,64.50706703427497,7.760162218370201,76.63436810637077,orange,11.598405021783543
101.45767628530562,74.91506436835574,191.58185196584353,16.38246519545526,55.49464023777581,6.149262883962347,86.06981526878037,lentil,13.77088011847287
34.30475968192533,124.77884704457071,11.419528097015647,38.93183765017844,59.27338482498839,5.736871755421785,192.8849170203015,blackgram,14.390715382565883
114.31225812925003,140.70663970626643,158.90531036953743,25.54634262284374,87.92569951987804,8.789395215415368,172.46633665991808,chickpea,19.981197599715774
39.06331569721419,113.081697764422,156.86604616774028,14.241034135319243,32.169206077547585,7.926409681060826,259.47889930803365,coconut,15.91335718016257
90.05214766704027,111.03120088757576,56.16574090940791,25.83162404108359,52.01222827816392,5.627877086635106,291.4850114958387,blackgram,19.48999172167524
91.55026143304167,67.4826052471858,151.56841631012827,10.814025710864888,94.88235925949726,7.33796646063925,211.53867662019292,mungbean,20.77309481539477
138.69579275715563,143.0817817814934,126.9782870010596,30.51889884469272,73.29988917591228,6.053404619697932,73.93179581242214,banana,20.36664473836636
57.83139632431138,54.94385046642739,86.1515562645865,38.55389033114015,48.104601750766555,6.9633791954675335,286.4164920653013,pomegranate,15.979576406089295
44.4617577167745,107.78571373393437,104.27438937579156,24.43074387033235,63.81493604626843,9.246170311256382,284.422061774302,pigeonpeas,18.461899422968596
110.61518667931101,68.93237232597654,159.65060744343322,16.245574774408624,71.98594718099555,7.1649914094583025,180.59316616300794,banana,18.70666910462669
133.97625094976925,41.96164751257681,156.61015507332593,29.354229064316364,78.66015471984308,6.6445983250502,284.4820069537501,mango,22.588172966516325
57.82189470130423,97.20108945052698,114.076902610072,39.58199975019717,92.23394918684119,7.890363907808558,93.26889530888214,watermelon,13.602524675610733
76.21899445257526,68.62286554238011,182.27259068084027,26.1647308133239,79.69272671055163,6.140327138181271,177.16105733157525,coffee,18.210700505720148
88.25157966141587,65.78704284413881,147.59391232932254,19.50713109473405,80.01519226901553,7.255570370223252,88.76907943476265,pomegranate,17.120370826708836
122.64722962805425,114.61997735054759,168.24539305617193,39.69392560484938,82.4130961111075,4.670204678593242,77.52150179460858,jute,15.036219285406153
121.06465620331088,12.090412719828834,82.4214085170269,29.292710783471744,58.32761150498147,4.660651003237285,202.26422316731697,mothbeans,14.153177848388186
86.84909955011462,10.066058266621123,51.651227042996624,31.14318337731992,84.10496171782097,7.3472568374375165,95.83212782562947,maize,12.333780531741054
85.017477752576,82.08824119854216,195.67751194013752,36.33606238240624,75.48488837681789,6.842474718928363,224.13971641335905,chickpea,19.69128961204626
52.79498154932993,5.8541975666666595,164.88947824059494,22.722691288031967,74.9664398300444,5.934874127106488,60.00451262028787,jute,11.748975572616686
136.64624107267974,62.534509608649785,68.26349485747507,25.75589439657784,34.54906144335849,8.752253367868146,148.87759785917692,rice,16.547799212008883
109.38587441599466,97.4200927505911,59.104725380782504,13.664050046407993,32.973139746306934,8.689575899596427,41.039745879000805,rice,7.888816438023353
36.98052238504923,76.83346803968583,19.50294337199367,17.32316890888792,70.82306826498933,8.202103427709602,46.68662174890663,lentil,8.058837038616495
64.01941209307154,111.58867781812003,153.79728598004692,22.449189294559602,38.3069807934686,5.903458100119732,161.49961742843868,coconut,14.054115972078385
23.433527353015656,133.09610253249318,173.37815231646084,22.46028473980472,91.66624475468538,7.742806211864246,269.01926467633893,maize,24.761630012039213
45.93790871830154,85.67099376724826,40.81244958602745,14.22483783061879,75.78428623449966,9.237383082677924,184.7788741780846,watermelon,12.580938126305984
138.07133948771133,130.9217676954421,84.04939218933032,36.28815996235181,32.29281388816611,6.071020387321003,223.50731743651247,mungbean,17.563277630286173
43.8069141784768,125.65305643501227,128.19079221534878,39.67068154936108,39.4268773395404,6.280642036165734,107.13974410503165,coffee,11.33246674997841
25.332847663313633,43.44264990505678,41.028264817153335,31.332882359993516,80.07449932737359,7.173657439330896,21.47267468072901,jute,9.989981604353897
36.03170718752186,130.51800987365652,18.568897310246108,12.9793287008896,47.15330967968842,9.264195948282511,43.90758986555944,chickpea,4.170062838113336
102.14128557083123,104.13281566796304,142.2288448073965,20.267237112312493,51.805015862638584,6.642332722801928,246.1514012739418,papaya,19.527435296016492
93.54642998151132,27.642471134716715,20.30130794390816,15.84238858828579,59.4412123496657,8.939204889076873,168.9360388697236,maize,11.494482680897935
59.69152329613006,126.5793801600805,140.70577037519712,18.23474118696733,95.90028767523074,4.815345563166348,109.0238437751485,blackgram,17.02103112697111
102.878386109168,10.380623698732187,182.955380369665,29.77308830453443,49.25159818025567,7.7917104694545,170.33869757738393,cotton,15.173842364347285
102.49866343931691,32.96073238122976,156.34576274234897,37.35322507368161,60.93069866611529,5.723110391058089,131.76947661535596,lentil,13.939971554685574
20.148725091965055,96.06392565262232,13.505328392439381,16.311722206516933,80.57146892908747,7.8286250695789175,40.53209537292638,mango,11.113030934031194
34.641313030441,71.51467920929747,96.46434466201514,22.596289268101128,56.48125068407289,6.983767300257347,40.49059948137776,mungbean,10.264816958186621
135.58453786373002,89.69935937918599,190.8197721383834,30.713070836346606,93.62193251407606,5.307944839847954,248.35826040830568,coconut,21.71260748261435
77.11205391315016,69.58831245679596,30.1395790305915,39.152203798089005,83.20684580085927,8.737841302705444,85.56582638239583,grapes,11.885288675228423
81.8224529349611,89.85130885030205,99.48454720650497,21.617560445370472,41.77907944213898,6.70929811905312,43.86807838213819,banana,10.737153433022485
125.93317477053729,111.3815821396916,75.85479279084697,27.560921292664933,39.02919213179604,5.302361452939027,169.4297337644153,muskmelon,15.413109714231584
23.634103140918953,23.459251510479444,104.8944740627559,16.862693034650565,85.87832977720967,9.155360860263306,21.213328615179027,coffee,8.184671576428954
108.52067020878502,19.017414719122065,97.95419869316788,16.35908868968154,52.214352917388545,6.843772016683218,82.02802717339799,lentil,9.090473367286746
30.607669630595332,62.06393422548299,131.98670806208344,30.68795486775749,84.98986287717545,7.466638513823851,90.36941836007846,jute,13.777605648635543
119.18134210494188,141.17023222746744,132.44382336158353,18.454156693416813,72.461568189139,6.212675345741495,209.26501177984576,chickpea,20.94973604524124
112.71913581742997,26.28220607718226,161.04032011923442,22.70425656254065,82.52208740309985,5.638746972098609,253.11215780449996,watermelon,20.98619689543506
83.87973336304378,113.28914514221444,56.57044447557566,32.39854394900877,69.70193515946949,6.6207208688975125,291.78738333500934,chickpea,21.01902269166782
55.977447322719016,21.14681275299122,21.86251804449439,37.300582801258166,93.19360608702253,8.640025993315653,84.49114957485136,watermelon,11.273058572045054
65.85834166370547,91.80560514120378,68.80030618417476,21.564765326270717,97.64283842450881,5.056543398997951,49.47149666889147,apple,16.674915628189762
106.07072232965635,47.15039250069927,34.441180966072736,10.22413556630857,70.07600829624464,9.343352614008884,155.55724347584746,watermelon,11.739020349788182
30.622909189493935,113.85656091105197,135.06682570718536,14.857431841196853,47.73519808784738,8.251201936462591,178.52361890558103,mango,12.19183671569654
52.273853608973624,105.8786884551355,20.672745958907285,16.22179148016547,58.60909038461902,7.076582900299715,118.82629743600343,grapes,9.93206457276641
125.86483673263224,79.56716864343954,123.863662229447,39.70326741259548,98.95109747908484,7.431554924999686,29.50803336489053,chickpea,15.222643142880564
81.1006944810986,77.53373027118236,164.22601818929417,27.657903079163475,91.9685821217894,7.595484916696301,26.076320346435992,orange,13.908406126823856
137.04327776939323,29.188660957148016,46.21916464701088,30.2904514456195,33.07847463356017,8.60343080755989,75.72872270950847,papaya,9.929096885421659
45.5602630216746,43.02635187092029,128.82593689444076,32.36037089223558,82.6353572397832,4.543179909694156,202.51812846385027,muskmelon,17.25955145761499
85.97132575283426,59.60414981948816,18.179463490862055,27.22797408180576,85.59598804097887,7.281018138455503,98.21580596357546,chickpea,17.519632276630894
48.54062491249452,142.14842798213334,84.84390824566596,19.506092909285115,59.29276530216685,5.078989632582421,74.88546791937947,blackgram,13.763527424376221
32.693128465996466,143.27523896295668,22.175530084627155,15.058183753707322,63.58823647648978,8.826359167722696,119.64696642542864,apple,12.013568024116482
96.63968925916147,123.30241513535762,7.834057925725131,37.874591156811746,88.04583262354052,9.189336098259137,242.20460747987238,jute,17.514309827601814
28.13573478033037,39.42584749522317,125.98123092886695,11.206893280782747,88.53335115071863,9.35153096822824,43.38053534407679,muskmelon,10.130267919830096
111.69480175581599,120.54930979647669,124.12433556615424,36.63239013744259,64.76924376504985,9.441613092437326,48.9562119754457,coffee,12.344830320594664
25.853818111846323,62.491503638333185,29.292704258686392,39.36200153277389,56.65556992435839,8.62905566454554,69.44950906124626,lentil,8.541527082642071
51.66589914199095,105.9450151570396,100.15350180050201,32.73710606752052,64.05750934739234,7.277987264549841,51.098644246203094,coffee,12.744220423401012
26.65237575344271,15.216806164051606,40.93411119854402,18.21485401995632,83.18992817878977,6.6771462350644954,41.909912289075024,coffee,11.478572924009478
26.032262140953573,11.385607448992728,42.4272279616654,13.015975969696663,68.927537104571,6.290450638972385,144.58481900708097,mungbean,14.137271809882078
35.39984607177071,63.36976344397501,43.310560461446144,35.80566934852414,40.66606626804604,6.694356095014296,35.022078891051144,mothbeans,8.22533378796916
26.113572849564022,5.693922860289717,168.28095659854844,19.0439006344932,94.0207517107192,5.583717866347733,261.1232925154444,rice,20.32391845154205
45.213743058916904,98.17645161317152,108.41044345059194,16.802650492891846,73.8778792084897,6.866311375924391,212.92409314134702,banana,18.805246335397072
105.28956485344348,128.3734297358354,113.18230519182121,21.80253360282926,55.118363328412556,8.73451364238737,222.66828665514635,pigeonpeas,18.29135897147481
39.661873613174905,12.468584749497865,178.5527828230627,26.065705322661195,69.95419514520275,7.274571727139774,231.38899735315331,jute,15.31763959409422
93.68581289258391,70.72713162086822,184.39163190154486,25.58862813688976,96.0054481851916,6.266264970899533,290.73051778919734,rice,26.316425794477826
94.53331742518247,136.5180247141815,75.33829626535079,32.784379065391626,52.028865773408455,8.51934190590804,232.79572283038604,mango,19.3114072091457
139.7249681602288,24.67246005289802,82.76784662453895,28.924364999752466,71.33328307104804,8.40316542303107,33.13468288884547,orange,13.401418200736146
135.3505422520778,19.188318359099167,39.61993158106096,31.72366210437125,65.08487142794944,8.32560901732943,261.7963366080892,banana,20.262540789356486
92.00883956208452,126.59656915861495,107.19462493290756,16.317445657425502,54.06573879443802,6.30183111035027,146.45791134600285,rice,19.12378727051246
57.9281347956944,112.21744430473657,69.65538449363237,17.17251589588942,75.39906101269287,4.732026444804998,67.76712078844915,chickpea,10.515966742930985
49.67998417222496,8.103036795580485,103.0099649854824,16.717935881206394,70.74192662432412,8.585540563383855,163.14157638049073,maize,15.484788645818398
125.59472503178728,51.39216346043423,75.06744661362654,36.33063548436576,79.54399442361208,8.281313554938064,210.96097556694554,kidneybeans,19.138170120012404
134.95949852674732,132.27908019790988,52.244025366290884,34.11982573431524,58.6577502048124,7.918834839322415,66.36883994770552,watermelon,10.726921251138974
111.50799534642155,52.11433189619565,102.47938911314213,35.07249658042369,74.592710670607,6.787455122667145,65.90130797930465,coconut,14.563234044485036
32.13938283521702,83.98054460283643,86.25595824229141,27.715334813119163,46.34709736573425,6.3936443254686015,292.30234464058583,kidneybeans,17.52312735375182
107.34833430531981,41.64745921871719,11.614842631427798,22.542966979726305,59.7598977485614,4.825501287111466,109.77236215905842,chickpea,12.456929152474862
130.27240417924236,112.27403878928999,113.07297451478537,37.82697525518964,71.49114419332531,8.748424178303386,255.46394258739977,maize,18.708387066125002
56.12146512043478,51.19275379613493,7.351719830559307,34.176742106828655,97.02123744502785,5.946332620844993,51.3559561427091,maize,15.930642141091273
42.53861731936128,78.92483833998396,13.754605592602704,13.807809982611747,90.43470572767242,8.730733828974978,117.37730941315502,mungbean,12.799826721275414
137.02147893336013,51.885906633993095,54.49016986472468,12.331178475562595,89.95762664756128,5.963399359503145,33.89158269735852,coffee,12.933594165411023
136.0725946813012,129.71092952313904,138.4106006540089,35.70170715013066,35.96431016240054,6.385634714259263,23.66589879567721,blackgram,11.820080722585557
36.982836096984414,79.23282871379952,165.1821394321644,39.244008585406945,66.91509486589037,5.147754805216201,246.99773200846067,kidneybeans,15.56088563699657
134.47654970652098,79.92981968975951,76.42078302366959,38.88520361389775,67.69112070053447,4.5795283815411665,152.62732355143623,watermelon,13.071087288060266
79.63971722403517,32.089049488071,154.4822936654253,13.97594187157687,42.470733187229044,8.293779642175735,235.64051433996065,orange,15.814759444591642
49.26308747529248,112.04156340153696,133.34042418400665,19.20473556979762,95.52185058297503,5.5553311772494185,257.9382794397364,grapes,21.203763413552853
57.49893599442325,108.01476766649965,115.0909106862655,26.78218715630245,55.73232751499988,5.083925206700683,80.73996820247692,orange,13.395093956406798
107.02992314527174,31.948651673759713,171.79726838621113,11.220875653031966,83.01530335751787,5.554350172241106,156.43315559565696,coffee,18.710017596441734
53.911057315383026,36.40483402400024,204.2492414749629,16.22674506347466,76.58365227084474,9.2637234570777,271.03567635433996,cotton,20.103499406901214
77.23471013091356,48.58732785339265,5.67217103638586,32.93455812582867,49.38987960098383,6.148389476926687,256.17474295717227,mothbeans,14.169807345772801
21.97829624640026,15.430442998783247,40.16953690552398,13.415142516649375,43.419473967321636,7.932440341280753,33.159180303412604,watermelon,4.368031013285092
71.1605119988192,44.44722158961652,94.20234968682448,10.152670972848476,51.240719313119,6.726470319688479,197.0272514377069,pomegranate,16.38792492321607
67.94735158747821,114.52059369441699,42.418163145920545,10.302155663336723,93.61868413109337,7.027391277709364,117.86759642791986,papaya,18.752692498110836
118.99734231200358,75.98295307398375,86.69766091598281,37.92703838746935,36.26745679859871,7.577851003889245,115.81284054825755,maize,11.547888849579948
69.47001483158803,85.02814360941535,11.61676875590842,33.7487355183529,50.08177818771087,7.967030688857676,232.93288374010643,orange,15.295615761429595
138.78416654101062,62.48185188533076,34.75679670598737,37.31828648928716,85.54795929668953,7.056371033278488,122.29930004423957,kidneybeans,16.880785432607624
25.869059389934105,32.02451916446304,86.7886053332269,21.39886740601747,43.9086065878894,4.9022534192672556,109.0813937535361,grapes,9.76925648390306
81.21194866114647,137.5525563907899,32.97726554874185,16.219538339611507,49.62096735472978,4.565009499065206,284.14653396792676,lentil,16.010105820350667
35.90810466351898,32.59199050790453,33.358208285810015,30.798867466592377,67.00188885168762,6.6492756176546415,243.5349186763978,maize,12.6732330033153
23.31539592275618,86.44223459375696,48.5887720352472,35.347842505989775,62.61397023623119,8.688548731970636,175.5694625694149,mango,12.340832687580827
61.20048344179276,137.2021147859743,187.91490726524097,26.454920233156678,55.65911496908521,8.830007651294002,110.55511707966254,cotton,16.42387831847916
96.7391210006576,10.967053362615369,80.8203812332976,34.22991447083866,50.66513369849844,9.156577395367666,287.63090665265844,banana,20.98174668579264
40.95191969824306,113.96708888516426,54.855814300110325,18.618624580873437,54.060981143733166,5.263762804426278,141.59405625464098,maize,14.898263923162935
100.94716050665028,72.26233339002503,31.986916867294063,33.56329686805775,32.15454059713781,9.462500458806698,251.96837718311036,coffee,14.119196514571158
97.34875415840703,10.320188688587425,100.98590474904205,39.72895190927629,54.71892693766176,6.703584006972639,100.4738847972466,cotton,11.679099626250188
76.96163489900945,47.27609928385845,112.9744483705406,17.451725633059468,48.26956707857596,8.286293875722603,115.9132340625452,watermelon,10.830011596906756
128.4561593657603,14.600819458597403,176.2685253414816,26.72721060265264,76.55498810811602,4.779435333968326,233.19175284916312,lentil,19.279787680523096
81.18599769308076,99.87821230217978,52.42663129101392,19.709325043298367,50.44667446490473,8.488259210872052,67.9443481617371,coffee,9.577542955745031
105.3051642154878,90.82311663495543,89.78987978849604,17.44428567887664,46.67606453643142,9.134751857311251,85.72741019124153,coffee,11.133723090705221
30.366409012877238,89.49165071397816,142.49013992000135,18.844708480643614,72.1969881452964,8.380282840033221,117.31482294131143,chickpea,11.589882414061352
129.69291089299435,132.54991041095792,159.0998328907818,27.4727099329036,69.3084486646678,4.564597673166464,222.3196750567149,jute,20.92155644200961
105.19118800344832,111.86702324101755,18.43784628398399,22.384942593486638,50.65912224831115,4.852848192585028,135.52771911700006,coffee,11.94481287495866
85.26387599632514,78.02582294572481,67.34144399879196,39.59613393051124,34.87979969078878,7.3476004897502545,92.86073532380804,cotton,10.285750430033273
123.26075105772834,122.59894227553752,148.74432840524688,25.00768628121925,49.12448217615102,8.886078769677031,237.4635238264454,maize,19.394531809335394
50.684623502092094,67.73191062636133,202.30004056228202,27.19721986760781,88.17684246636958,5.816714587726228,287.65779372066646,watermelon,23.073793300557703
78.40029293022621,112.18859408587622,183.39444736742408,20.118497074733686,66.94172229593309,7.737241111837621,112.0324241051081,jute,15.842070915562731
81.74047026840017,100.66652827525988,22.104218558597562,36.10351614421815,71.56221079126084,9.448014492885008,27.1656220298609,papaya,6.531758345124607
82.41812299963507,144.53516348152868,70.0211577643538,25.79475839841281,38.09308906116932,7.28219787036186,170.16772667720167,kidneybeans,13.32242808827101
105.02741171431781,86.88395702573777,141.89244519546446,17.682362181663713,88.29942651902479,6.748447684924849,296.42267634927924,coffee,22.93765199289888
41.6570062766133,82.78533377916747,53.64101887472254,32.12433839702445,91.73061036362631,5.554421767910554,64.98973312450354,mango,12.947078242606617
89.03141745208042,43.42226752923436,63.95254562188303,12.843239567922744,74.51077070209556,7.4190420475873395,81.67631880616102,orange,13.720134243178082
51.14279875725613,135.8263502345284,109.38713355822063,15.203874889538293,49.09359614470203,4.9145098206203,27.78847876736535,blackgram,5.700253393991257
76.60975769579237,110.65882348379321,101.16115885372673,12.520442580477308,35.590080677528505,8.657513596213482,196.29481357763595,pigeonpeas,13.615058841095466
103.65452446685025,143.79340647908256,123.64148176497736,13.057013524208802,34.54062886909669,7.833033887369368,204.12832029904152,watermelon,14.742945602013348
79.96050943537809,16.64384924574027,53.26475536056216,31.3719285937341,81.7205463303732,8.148662252849455,38.24097353365635,pomegranate,11.033807802409074
71.86484058526032,71.54334120716031,88.93809458109926,35.710671250276434,77.5979254155533,7.000129208452259,253.60036613933954,banana,19.431920709876895
116.46048121550133,137.16732929511025,53.413332136904685,10.642754465045824,58.163544064195044,6.175594193399192,209.5505311640755,mango,18.245848773131453
67.86167161658457,37.137783678956616,170.6960797167392,17.4516786041869,33.831448533047705,7.323052542320054,108.85764893875277,grapes,11.010879679079775
121.56416641490878,48.80306296041581,109.64126539372647,10.254391630765236,78.12054798437552,5.476927323074209,154.68035103985528,mothbeans,15.97570946962134
85.14942379909786,103.29760139920471,119.36286631946801,23.720046600360313,83.5883354739579,6.39028814238327,296.40835822360214,pigeonpeas,23.943046695083893
67.18106192844388,86.40583096771695,59.53103280618523,36.56917910144703,62.97175267364797,7.180718059398348,262.078890089942,jute,18.017465632945427
129.93955193913865,16.51381606042284,67.80745739056646,18.95314380655345,99.72336874433128,7.296135583456998,266.3528189135957,coconut,25.27663926496752
42.25224011166412,126.27921489704107,185.73795647197724,25.56034051584588,94.48923020743264,6.823944812641354,50.02789260814525,cotton,15.776796560839916
75.78353579877883,52.982159740676934,93.14810760067253,23.824809679681685,39.805323059192894,5.405972876350574,257.4863101742584,maize,17.933040238669793
136.1884023163569,14.254610664353255,171.0777732061524,24.743476933078647,30.374665960493203,5.818301094697769,134.15511871379545,orange,13.138775328316802
63.493935681672,133.3340672792052,77.18680647846554,22.564881382081985,83.27920875046789,8.469167828741876,43.54510250027448,mothbeans,12.22286255738812
72.11752080742468,70.87693338323362,30.566213369722934,10.70294646667088,39.67402053436068,8.787135659915974,231.63917455863262,cotton,15.597058897989823
53.15679432008621,38.05388660125045,12.474481871462512,24.168053834301084,56.76862009407448,8.679430501575363,210.92291638740215,lentil,14.517141816309191
61.63121065958434,63.6479695614346,6.280284371459395,31.58244639370596,58.94850458817658,5.015700314475805,291.1958867253081,kidneybeans,18.306691461676934
75.78936433149882,31.692039028570996,104.30082471293223,14.474146526724144,48.88942192818636,6.913661952954551,25.91912749366568,coconut,8.506840330995868
21.45112337672098,69.67521976305869,109.55834981300079,28.64819792761246,37.027067389553146,5.405059565636062,191.7193438008146,kidneybeans,13.910480814324645
63.71032776764054,114.90907174089125,130.68674353507419,27.711646274276273,87.34128884168044,5.723190215472552,85.0966269957004,pigeonpeas,14.819565492918239
59.678396727196734,79.38864168198322,11.607067446175874,39.547073085251085,87.74626955098327,7.672004723733382,37.011476465194484,orange,10.255391253711718
85.39683569488277,44.9090210684808,129.55788950063467,27.945774455433174,88.70559787955085,5.906885303563212,181.8017868574779,pigeonpeas,18.64164405011294
78.28380656058448,77.19825806279246,129.4654356583686,36.05901382831111,51.33958083125614,9.420683878792438,257.3531870515494,pomegranate,18.74012795846326
86.29408707618443,10.64840622253149,155.44240539426235,34.87853487235075,93.4983722898528,7.22867043085321,146.72240977249206,papaya,17.33764551905075
32.26428146543704,138.1520121701252,58.52437509132913,10.185304884928957,96.09929084760428,7.392565931424557,43.187629806622226,papaya,14.52625283770114
69.72939798937654,44.362382462685694,97.41929361503065,17.139714412720636,36.395242778046956,5.065215168430536,109.36324877113972,kidneybeans,8.843775195121447
67.31297071195891,68.20086305697126,157.92200157050183,26.62893885275214,83.52577897048405,9.349364852165014,199.343962215967,mango,19.655006525405188
46.917856996800246,135.06600802798235,119.40216209620347,23.20976194443491,47.510878834425625,5.168490211509355,132.7368715509907,mango,13.857802317393833
101.1193404944735,16.838134626589593,93.74384990733581,18.410687386582296,71.67820208998745,8.48532509896983,278.5976796708116,watermelon,18.182197970658457
33.66514445948112,66.04116663201665,163.22506337160328,14.273822387812006,95.50672441407397,8.942523461957023,136.17341984267557,cotton,17.282553988278114
106.62315836314522,46.78730208260909,49.487230717345085,16.43825510439349,40.388065279256544,6.634078278375889,93.06560100698533,mothbeans,10.397743708576886
102.69675642213176,109.14068626052155,85.72209842036699,28.00628554392312,65.05584884928332,5.337257302612578,33.399034614219666,lentil,10.880157563693617
25.543872513056385,70.60454594585069,122.32747818360988,11.340256230563583,36.3337555076553,6.9276251340517545,243.77038101627332,coffee,15.344409495574679
38.865601514020746,122.70098003935752,104.79185449697113,11.996391041194682,39.24292402804826,6.669466409546403,168.5419072491426,mungbean,10.887538996666578
113.76142881153649,114.7055029830715,151.43665479134103,35.78834393995912,79.17823210606684,7.68042572236117,148.4990036617034,rice,18.25512274974335
102.3571298177494,119.6545064958159,132.00756997863044,29.236155557817437,81.0735008676132,4.761182782220553,127.01894228850968,rice,15.788557498431198
34.093685791266,23.326971158632357,165.13158174502306,32.773262323009114,37.297700600723005,7.838952074495101,190.60717053953533,coffee,13.252413351846515
125.36414069633088,8.144975884245003,121.2932569737422,16.958812334691903,34.46740824972616,9.06430541011054,248.55924646344448,coffee,15.765008313367495
119.8242337788594,128.43012572533087,91.65008475453494,21.24064062180684,72.88892629132755,4.789872230289565,213.57048495892718,jute,18.885846023055475
24.355358836747936,73.37584022019966,137.15630803826207,35.08175171254104,67.88095674536777,8.927588599320114,139.35751399531622,jute,11.22240250876295
101.96964968559658,94.31085880106916,150.70758596389328,32.14879328881348,64.50883707873737,6.596537806989239,274.5991507258178,grapes,24.89360774155163
122.86416162474896,129.89605004358583,171.38199245098545,11.301938382532821,87.46154292590084,8.99545588760541,35.88974524274258,orange,15.960440994107932
48.74913708867339,123.08866727377332,198.71676872215048,25.25062313821255,70.60532505726579,5.715267457461616,184.99007393733106,grapes,16.096832639219546
70.0112693121241,10.872243440120087,148.984290434091,18.42951823848471,33.43597185870333,4.603105382634521,280.7811552016491,rice,15.868271192820067
103.20477820510506,117.46458543293957,57.54945172101058,36.37791948655722,99.69454765024331,5.949272345357445,295.7016324253951,jute,20.956145905379206
82.13843583838492,14.659095025965387,74.44246991794188,25.68508675061475,45.98760366599564,7.800940650906803,34.5073380749659,banana,12.442919911079775
43.48785299770809,89.52811605115971,156.22463398947255,24.92495498451333,43.0129318365101,4.789822317914016,107.78952128179438,lentil,11.784638590481515
128.25933404521362,82.16760631885494,177.43615838993307,26.25090818764166,71.94392493320663,6.725492864486927,60.77879451522881,jute,16.794927568537727
123.27258832529051,47.98684380995654,185.95421544895868,31.20855394816738,32.60162789909997,8.45621448778816,158.49557778667295,grapes,14.447113772464855
117.42530702677205,42.64758916772836,23.370079928854377,20.071812034657533,50.443586059188455,6.754381803888659,93.94857520988307,maize,13.399052401006124
114.26216560758763,92.61671803142431,72.50758912627477,34.53364809341051,71.65532487173854,4.5430936379945015,39.24389644027194,apple,11.607973065600119
73.58333475022332,61.77109084409568,34.1654368391616,14.719557818838107,85.84267150671303,8.645085669807276,176.8007113788442,cotton,15.634703220924443
56.23083412940763,19.320514522826244,145.671542094572,27.086210847996163,86.66334458335177,5.677618528070853,241.63795234725728,watermelon,19.15322665609988
33.51088772344004,23.888280405908624,49.21169607485582,30.472866883422753,47.0773214550087,7.5193547731085655,91.82637832277177,orange,10.558395859780886
92.03021847938817,31.49875611748423,31.301213963189184,22.39540774144144,89.87698493930469,5.704618304737701,194.07388745410287,mothbeans,16.940729732349972
132.12925086876896,144.13063741411634,157.5914320025252,12.25030353341313,91.00233953119553,8.928184376017924,176.0391949764832,mothbeans,19.169304496327044
32.60953346679246,24.106005887521103,127.9799697809676,13.1749059513193,69.90726898131214,7.441485289886298,273.0910228341295,pomegranate,16.71295850455142
138.27054090578014,9.338961191716875,145.82922732902378,10.794402341591299,81.05643045122926,6.429251046020177,191.16617430992508,blackgram,16.92424694682909
62.90028801973496,24.928589654725354,103.82132399186938,39.52985640023249,44.25772355121621,6.760004690268827,95.98830492246036,jute,9.099656585953667
72.21080561064241,52.244047530175926,82.69555003681963,32.594192173953296,76.28322527888915,9.343434822314096,71.93426093979824,blackgram,7.177690687119779
21.274307897235193,143.4838561073932,100.94686287450575,28.766189417007922,55.203678906400086,8.762633348477493,177.35662463314716,chickpea,16.94795509055802
97.86856496728117,55.957499585682555,20.198199161323167,34.2311867828215,50.28011434290222,8.744651142388523,190.42004246143136,pigeonpeas,14.40967761446289
104.80200893104067,120.12733883098998,36.95098844359694,38.3243315430585,58.758843009925755,8.802251491881886,81.73428670297984,blackgram,7.866404409205256
88.8012852347421,50.453279070141456,201.89240098958987,13.133603641461487,33.311200620246524,4.725089092765666,80.72463466266247,chickpea,10.288143510328853
38.30384590219835,24.538051729822094,167.52281991265275,29.598205628767648,80.96215646413151,6.941271088161097,148.04953866698855,grapes,20.52573256210881
126.10855356008383,74.69266460499068,87.98720418183304,37.473055531283855,72.78576764337026,5.971993335127976,178.04992776024685,blackgram,17.095921346085927
104.6316254209989,6.099307446913547,70.77225848850495,23.16105211103249,72.1751000322937,6.998635089923251,39.53637016882129,chickpea,11.136162128334215
130.74176829778486,16.58759469306444,72.45724267671793,32.87722367290981,84.39258873577867,8.12910945339583,30.951496657099145,mungbean,11.995371706254055
122.35773458991392,16.273790328084363,189.56392435511611,36.13340706750118,89.90806630840851,5.492713878352328,155.60780758461587,grapes,20.04924765284768
86.8214615042717,122.60604989389532,192.3107878237954,18.349855796338115,50.21175257259583,5.853653086849556,62.96602047189489,banana,16.800084326269403
128.0383221581552,54.80380757939108,119.44385035104165,32.99606483746741,92.87213128604036,8.858771559949808,150.34492644028057,pigeonpeas,16.505026549138357
73.2866911151495,131.3965105184331,160.39416137894122,16.649437665778905,95.07673719071768,5.712322954669078,274.3575894106377,muskmelon,26.225622362313135
102.19609236634464,71.28937494432735,48.22971900839762,35.4134460190768,53.916839803109184,6.281459435974746,276.48323321237257,apple,20.740751259090427
30.726460425374764,62.73533448392794,126.41527812020307,36.026888647159375,80.02811447208641,5.764036333298573,295.7793611694538,papaya,20.867046429885075
28.406679275066015,138.4632408574104,119.55366554429118,17.356016377844963,50.4679519536713,9.403281863149298,192.37200170517536,muskmelon,17.582288066110348
35.060425251584164,37.4752062096969,166.74451868984514,22.158116309204935,77.164941995146,6.989242455331727,115.39522736155917,lentil,16.67963884678908
55.245402534106624,15.049030694079843,38.90085451482081,12.864217434475506,42.50231530517769,6.583770274133059,226.65425030194584,banana,14.513808881988394
70.39640286796684,113.04113678653553,13.76019939157624,32.36022043110127,77.59369515662775,4.823244712439244,197.9792810061783,coconut,15.88221424290198
26.090274934817334,88.61815926013755,125.84587922990397,11.98077782558343,81.27949504096239,6.84448772256098,222.46054457854638,pigeonpeas,16.955245761203827
120.6364458706075,60.56084951630252,96.13502541297788,22.359125882725444,46.476508304786925,4.86597605659185,70.55689069226361,kidneybeans,9.350363528530252
54.60230822614341,6.951275019416578,79.90292353170966,11.888155043168435,32.74761138052168,7.84690697037275,273.91556104400775,chickpea,12.396444259467007
30.14176026293972,6.290532530078014,145.50245847953863,22.015322088330983,50.1597111574617,6.735895204632221,40.27001038247848,pomegranate,7.240244923373681
40.98248092224985,110.88436649393908,105.08050651153408,12.456638472562812,97.87749838518467,8.171048246841268,92.82639484093258,lentil,12.543840797430395
127.99226357767662,135.31297549866426,151.2316080396363,31.83010463808236,49.41528729168697,9.44880975596034,88.17473735468528,mothbeans,12.876892429544952
121.78472282066178,60.53229168137684,105.4362919860087,11.312130983137711,44.548611638845124,8.664978291528179,153.9411366661707,blackgram,10.489293211825391
113.9673996289736,75.32173559005102,163.32815551194668,10.764292788083704,77.62830567172088,5.678169785252399,95.7456816725429,grapes,15.630556848358665
131.48114606401282,84.28330263918815,37.954811390956266,39.91356991593521,64.92003094460118,6.097776316927618,160.9453170541467,mothbeans,15.20477602657358
71.78708854053005,85.12888554135695,69.21464000474575,31.12122962315962,75.83139462759999,6.485005163870289,97.28898878136702,grapes,15.755064436335903
115.89399420146725,81.01884819313268,110.11193903477182,38.850524427279375,72.41123582979898,8.65258913874259,164.05362968519503,blackgram,15.380672839398958
54.3353230009886,54.449501404499756,136.30946284715844,14.740213498107405,68.32015501098512,7.442216490092898,218.19961011446208,coconut,16.556705994538603
111.05972828425237,107.24443834009195,172.84176292577823,37.987894218406936,51.578278323188414,8.797974782852897,206.4833015573322,banana,18.07646781607021
48.84250903613044,14.657255692437365,56.28108218952037,25.864670633169435,81.94971872656723,6.560006734991057,191.68170890544783,orange,18.556719211867772
110.39428157487252,99.75351176005722,14.426250338140596,29.791447993444258,63.480625883803725,9.307846357748428,190.0131673455799,rice,16.000433474534677
72.74908512299226,110.75349698291934,107.58694928335588,39.867088643330206,78.01561066557868,4.840800298234453,132.53498323217468,grapes,16.08580817745402
57.30351028791462,15.648172709918526,116.22598668942905,15.19804589127969,89.99806050175744,7.3865701322824995,36.625179740706514,watermelon,11.787747386425677
137.85780157119422,57.81541874237183,8.159339000547924,25.63869094312838,38.482828993369026,7.898138483459982,159.31439898559387,jute,12.132019032116022
41.71339450849939,137.83203511148216,191.65855851554426,16.744362723344434,68.745131116908,5.186840502115015,208.90973598323,apple,20.669461383564702
25.974850750592474,120.48555300923191,70.08007654472515,13.25567210680291,88.37327656035578,8.311987387730742,211.45236612095107,mungbean,16.54639777416905
39.408496673118826,110.99115285710798,191.5105153424007,32.24193808485033,58.41561303298869,5.652278834721569,47.54287667549312,blackgram,12.970287959067777
64.19216526405899,99.50477046789648,75.19275421014031,20.240196616006457,99.35255129876514,8.09407361363143,163.88127931801438,mango,21.2541103083462
97.90272216279821,56.02564023876392,16.08880804638501,18.925397381548784,39.11983942949731,9.081569211131606,76.8191099148722,muskmelon,10.265882892371625
25.73950942710233,141.37143889865033,104.57017984380192,23.864453159857124,96.90451363251992,7.023179977342395,164.97135714872337,pigeonpeas,15.809386607328843
22.76174201490145,36.03675880115843,91.16240921724024,30.29171222886962,69.33320988484644,8.7495464686831,251.9614046492165,pomegranate,15.69552603972574
88.55779237483895,43.943060241058895,196.58117299890162,12.305540132160424,57.79211809144699,7.804179448130141,284.78566802399973,blackgram,20.42712989643005
83.7901009676708,49.247078363745445,164.139352381476,23.349844357057563,63.26767402982988,4.823910472623438,142.64281714686143,mothbeans,14.963912325399024
27.136825590934258,128.89342738511715,100.77161570561069,32.11965968326963,31.025454401691228,6.940694613322088,111.2023344866196,rice,8.547769914917351
73.63081422201998,5.489713891562182,193.8895264076651,17.670482213871566,88.1402865444339,8.582076920406365,65.46470078100477,coffee,13.487244664290714
132.62667182701733,83.67840222744071,203.7377162739319,27.194148280561595,75.94632765798983,8.247871015486254,250.1009701963975,pigeonpeas,25.25426227144776
103.49714375175861,123.35770916127909,49.58129285640797,27.093002386494884,55.206675019492764,9.310561785008211,143.27826655615067,kidneybeans,13.30527684927576
96.21558854198365,112.89060637790665,48.39323564106778,27.44182395414519,87.72661303623298,6.5561926921320355,180.086278120151,muskmelon,19.532472531269406
101.96927815115343,57.41790175599765,179.08606249016506,33.410153153495905,40.17296993928292,7.508578652692571,213.81989925961162,orange,19.076206990644273
47.343569000712954,38.02695821896581,158.60162772851092,10.560693566906714,84.52370438939033,7.133993682695696,282.14234266775406,papaya,19.77519706451576
106.63204857638566,75.80534801652188,144.71659959181412,38.92643718311932,49.32607098948729,8.1997299102982,142.62510697701117,chickpea,9.543698221873907
68.79822990615651,104.16703722323673,72.50031566550669,24.650652927782154,79.61555514310905,4.713533989461304,111.86506875668546,chickpea,13.523043345319591
81.48204937278686,62.36435922000422,119.87449950903672,37.625175582813874,94.19714124164857,5.6500916985749585,104.60049159767532,orange,15.886762767303809
42.037214274219,105.54299440757168,126.57959110990933,34.48593969702142,99.72676981917131,4.724335831394623,227.00841249970821,papaya,20.44615637782295
97.44222233394727,21.68530069253086,65.86890503236367,32.00693934889646,91.61331360352523,4.735932075311299,31.8241502595936,apple,12.416779910113315
33.53579510573698,96.13066361656388,91.03296212597427,21.306772524376363,44.66078418614727,5.381671363455845,164.56027591011744,cotton,13.18423885684593
83.33214701730168,75.63558488710576,189.1944938422305,18.780043217400276,33.95526045107337,9.08188602256871,80.77894399873594,cotton,6.968648125585407
86.78625661307731,19.76874845239566,71.42887828296196,30.8269924605209,68.35572330099434,7.8748053449752975,120.85053671086433,coffee,13.80872244593428
98.86801510007172,66.72278011869258,133.33907742389076,32.12724916456773,38.59741736520093,5.7866498009171785,74.34292611056233,maize,11.074775045705657
81.94781543016666,126.73082607320691,87.58765760966502,10.956912647958397,94.86132363938924,8.107642355442309,163.0147938621347,pigeonpeas,17.56930363942193
115.3190741924707,74.10066814800732,103.57400656955787,22.92662855656436,46.00123625074208,9.115357678063823,108.98431378386913,chickpea,10.85688489706668
104.78657527158833,15.394282495931337,102.30945513219164,24.959310441195644,73.11088498922162,6.052737286463027,92.74089074169416,blackgram,17.345979272044513
79.53880693934724,112.58436195718826,145.26065689949624,17.539261717757388,84.89789829200447,8.73730933457408,187.54925313112048,cotton,18.043495073234947
52.91701833869349,29.541508580412156,181.20407328928408,20.507478401144997,44.239262986804384,9.324882498244135,28.688065761340646,lentil,6.840356165306387
84.48959982500261,82.66487494776875,135.37796609704864,25.17386872761447,47.977270334794895,8.7847219806975,204.10709179394792,pomegranate,16.297900545255597
86.41814554575994,31.40045262268159,13.118302694221935,23.84214834497984,66.96328488630867,5.135468624625682,36.63105611933416,jute,9.506136113063146
102.1737778162851,52.010454797133136,95.41074851518356,19.993280919888058,63.17553424496398,7.6078461325587385,254.7361718507543,cotton,17.91163964534662
58.78685931243239,73.3118630495538,142.7607328141031,20.40102150177387,58.99974523063843,7.314199085043683,102.32259387165801,maize,13.177920792564231
116.63600329906603,14.384564322885518,17.529723608358733,23.14324581117811,70.98991214368937,7.542664923905952,30.18810419810402,grapes,10.390111058660217
95.9961251586014,80.95069001427514,138.81674786440843,10.899719132805995,38.59912626734838,4.974636179855221,47.495206409659524,orange,9.916510095727947
131.69142836491724,48.16758081015908,41.16400207824162,27.864727983437486,64.41723406015464,4.809841327508318,166.14245096288352,pigeonpeas,12.713709021739366
83.35330011917705,115.30446990859427,15.257375868530483,12.276333684519665,38.29725686647118,9.07394431649104,37.12741782876569,orange,7.0095733977496835
33.32697917118384,59.09071179780036,62.86184279070679,31.251686153092827,64.48581398570923,7.582506743860719,22.44470120506863,mothbeans,7.554004028724087
134.2462204021355,98.71226050517723,175.3874793500487,24.347511660749745,31.41456555020699,9.452346111586063,36.473001997939875,orange,12.73743864425629
134.79838895605187,132.8880814021538,60.96201171826964,29.765942922184383,89.86633360224461,6.298990532984175,91.00309738960415,jute,20.356683517314963
20.668263274839347,100.05922723434739,102.84530209800306,21.302877437390563,53.83756281015127,5.364377476575847,113.59058316960886,lentil,10.129364243038193
74.42852233076059,116.47980259126909,132.9475994756749,15.68791238482268,49.402122093935944,4.896245932206927,284.80209137853024,maize,16.213397878654114
61.747857408043345,106.22007951416553,114.26761919319901,12.8369987935892,83.07079884727935,5.887194962840638,127.81616567172394,coconut,17.047831894247164
34.513844182004576,135.74157230772323,173.952546913347,14.216163370822684,33.970930854019656,7.179338413748669,99.55993296426728,mothbeans,8.877961943423777
21.3801860392563,105.45110461282212,20.46959893976836,18.681784840658032,97.31860397612246,5.276065525615257,107.2996196445089,pigeonpeas,13.44606594655741
76.3121509384703,75.09114562265584,63.20200588219122,21.630780758341245,69.74264483897551,9.235296118543086,188.03297279107773,kidneybeans,15.767225479504807
26.9015249672498,21.704892360704385,109.39346188951346,27.305295463271275,87.10904647448046,4.801075948229592,119.72205198893417,lentil,12.50456470943183
111.12782629216888,131.96961405388026,204.72001278993204,25.346827214145573,87.5767372839365,4.73315821388692,100.03092993139103,blackgram,16.54071893547595
130.26171443658217,22.298307720386305,155.60596958997954,27.98137186402356,71.20130875309911,9.173285865227385,287.6633644433676,chickpea,21.544252319409072
133.6300963838508,33.37899113585786,187.6831667959195,32.66524229575887,55.77458385978332,8.534543098616869,57.296609395851085,chickpea,10.976282600872342
97.30045282537091,89.3557463084852,89.33946818721235,26.873810303739567,79.22740710727548,8.694331462049353,105.21260603036121,coconut,15.770291067080919
84.68471323329103,36.667247478298066,64.5931722840672,13.029315114520143,61.25150637779544,7.558458112668296,280.46264562964853,rice,17.71501220135218
114.47358017241692,77.33885141551386,188.72570408626393,15.682787063782445,38.75325124903325,5.706401997760051,36.69547892524433,kidneybeans,9.168148522366335
139.0894619789516,45.76624423459825,48.32233163621115,24.524369513295753,52.620316583924044,9.120147299349721,143.22148476813638,coffee,12.245402834364587
95.10345561302002,16.356053975157273,156.34658936330436,33.05196465414615,63.18180843093674,9.27848970500214,182.21495102280937,cotton,15.471222831500208
71.81912092706565,8.467964588640768,150.65986312636187,38.945980348031355,62.91645864751957,6.198843188941321,165.39263939585797,watermelon,14.442533172130693
108.51963788332682,133.27116939581663,141.00706888193318,16.28821541546984,87.40390225176895,9.25766679912082,134.87696616796242,orange,17.752483557576813
61.98104171580314,27.936145188948483,139.71467167131024,27.462840973989785,32.34740814585404,4.80803457132731,93.02189502150499,pomegranate,12.91450011797875
35.220332007258875,33.66837414817525,186.52527897377436,26.384125138072847,73.45947497340539,6.778830726825397,103.93587734585095,mungbean,15.307739080455423
50.46821660074573,26.979218104585424,28.309326774111618,36.36937552021378,49.450141554898735,8.112620097339281,139.83506072306994,coconut,8.424047011527712
131.3811435406651,123.24510138605491,18.79727848404757,35.35607605837653,61.6276460696488,6.250728634399427,208.26861912925594,papaya,17.709519568237916
108.38824707909495,133.3744632930449,89.47802374878026,10.792062247108344,37.91329797562161,9.359557208749674,264.4967115426733,mothbeans,16.702412626768485
135.3079294481981,30.984776408587088,27.193273499438916,28.043202337459437,56.74842079243466,6.198848179785033,225.56253064614722,mungbean,17.900489255080355
138.40850695504764,118.22445216580185,134.24471241961916,16.88338809802317,96.94985220097819,4.664550198835501,82.53793840261352,muskmelon,16.72043624728228
106.42240155170815,88.1013386942079,148.0495228097364,16.903118646314155,86.26381483081835,6.899355300551384,190.88455277008,papaya,19.887366092034178
46.65944689262206,102.72274789743953,62.49261320813586,10.393928129592275,95.22364709536592,6.067819434917491,234.02568652306763,watermelon,19.723316447446233
84.06580698556883,91.42202833794022,58.39387838774891,36.13279602406573,31.70576648614142,7.286133811488872,127.47808265547042,coffee,8.783944064422617
130.8568582120521,16.599764204207965,63.15789972433982,31.795844864145078,91.90275612244429,4.7310557475881305,71.92306543461507,coffee,15.593779575018663
54.623088176652686,38.92306264496952,58.73176695440893,14.002767316365349,41.43286357759988,7.533834499094633,101.81351409298138,grapes,7.204407681756089
78.1952942784075,86.85058827616537,154.16850814751066,19.56022425616015,45.87182453662727,9.323425862215025,141.1323095414819,pomegranate,10.63720390198954
34.47071686779108,107.48874592746036,63.30301518523478,19.697941548408497,39.85912517013974,7.73168914496478,242.59842113686744,cotton,15.095734022190815
73.02143879085148,96.60826487912323,71.88877517421801,25.47917788812955,50.56456125852286,4.805571811782314,59.025892133630876,chickpea,11.098005254870822
48.289575853574675,122.13505637045279,204.88570336649317,21.314789257758715,94.70580936157815,9.417300620666996,130.77172002458948,apple,18.78189999746472
28.737439054983305,117.26861530051214,143.26142856895632,20.58211019930604,75.29954675487242,5.66518503279549,94.27001818785708,apple,17.572131858233796
131.64528798789823,23.61508749050488,181.5882858079392,31.4268173725457,74.54574286902411,7.434237988124836,56.72178015560884,kidneybeans,11.949328605448446
46.3932124799583,6.280795001645214,141.10191342606697,13.44561875485228,47.24136570967693,6.0284307623061135,229.10458584144305,jute,14.729502269634288
104.97775941327343,59.44560839062401,54.1905828055704,30.369483187443677,72.7623840099048,4.889560792354101,206.6702992654512,cotton,19.59811378397277
50.985970148165165,81.06378347365296,101.34670557843982,21.590961131694897,82.22233201008521,7.323757818141412,218.8761190903532,rice,19.312467372433165
105.56329231994877,15.830340122636477,126.36708085908225,28.37798297980943,56.662884667375806,6.113619637708357,37.608526322885425,papaya,9.211410980108859
80.13398588374946,117.99224990910736,58.37392949255104,26.819484035395746,57.5042642923587,5.356709557613648,40.33176078315313,coffee,10.512049013072206
30.83408513454121,123.65095571071232,71.83137852172325,29.147228932851426,81.82831170384362,4.675962326630003,127.69200563665555,mungbean,15.85631043615197
29.92672053854925,15.055080308813622,147.7049881551945,21.95584722993448,63.71418828756577,7.521580178045112,296.06360928924704,muskmelon,19.697237677749044
115.35943100651642,95.94312977868209,61.90076950270571,31.038057383251527,50.24177867314428,4.688154920759381,162.36168453367674,chickpea,16.66803459003951
101.42634244662685,33.019257209645374,50.37150780916275,27.24805444275381,97.71387548772309,9.069412861842707,262.0590842955381,orange,20.24617648560644
98.03729262747032,34.665518245156136,37.961729749407276,21.171530137488762,54.284857817988126,6.535659124312551,71.4054996852438,mungbean,8.602576986743614
130.0889377278781,86.72079834381118,135.51809457467695,38.81546734959937,87.5538095766182,5.200175050151242,21.46186952613356,coconut,12.986814291417502
29.47306915092848,139.58093481139082,194.47961726940926,31.35111383636061,66.22073499813467,5.753091791679461,231.7783190596853,pigeonpeas,19.94414580917153
132.8930351356833,59.482137868099436,156.14146622553278,20.04029638497478,53.22981747736722,9.133357984375376,215.628021518342,jute,18.345113195559268
37.02041953820273,56.9121548357683,146.45082101355598,34.50957962954301,90.3667342941961,7.152085958055578,153.24407500764235,papaya,17.590912118893296
28.81248483119013,70.04901924873856,60.57954681000241,12.298393033038263,76.92719708419033,9.386684417488588,126.09605591103268,chickpea,12.558690317791097
50.766049703920054,54.54937257796772,123.15626812722122,37.32971459869495,85.15049751384328,8.711205695378506,260.5224109914801,mothbeans,17.65659391724459
53.38665042984276,94.43090657489581,123.49845595998114,32.29031750600108,90.15061351018488,6.288760251636779,205.03295516309058,blackgram,19.42744005357583
62.36926141318169,117.52598784192637,125.21020724577821,39.21993199049844,88.28593584658128,6.928903041670205,87.86537382634124,maize,17.2221667798828
47.590655889282885,83.01336450085712,55.76585047188933,38.19994952891313,74.02189736236036,5.959654808346074,80.40459273366687,orange,13.406470325044676
136.12584465485713,65.0111319571893,186.52517766336948,27.06642151477265,63.31135306968547,6.028317722651305,174.75544456907966,apple,21.282551939020692
63.60605492574601,90.15674790500258,9.532894904384822,36.10601593683605,72.72163829277228,5.9768593812949735,107.13744869879885,chickpea,12.619089646068261
98.4680857492314,80.17684892272851,140.8428657450638,20.682953601570578,44.36944506090519,5.513790742395955,188.2415130778804,coconut,16.6260872234678
41.52909010299478,11.541496114126717,153.97325989771628,13.748705639403502,31.800183168256105,7.436151641317049,23.77092027800588,chickpea,4.326960477163996
52.492971380504414,31.766649966824932,49.13668364867425,31.244174085038765,94.02789157768649,4.875858119596248,229.80079163994114,jute,19.40491606418691
20.6259502012151,100.59149274213998,166.59428629746125,37.06063282459465,69.8335902366524,5.110242506215728,123.55370038315561,maize,13.944570189887436
30.03184839583602,135.14355434398522,109.02195454342615,29.363722519502566,42.47699236632476,5.822173449777137,53.88034067073666,cotton,10.45310019956876
119.92500263487406,25.220796422845893,151.65650881025354,18.782541071318796,48.19796762921804,8.606323494924375,174.6164889509437,banana,13.166042212280619
117.00353831280432,6.712903203255552,160.55906658081142,15.838399320264784,71.00571106018141,6.737107861578593,180.04907816175037,pigeonpeas,17.15433919861292
117.21268985360801,55.32532849969966,111.29250847056264,22.861944089247192,51.829128659076275,9.231515424544764,243.12550703142315,coffee,15.767854749269796
38.94707133296697,141.6134705507637,84.73221328823263,35.30221875617936,79.35997072640178,7.5271432960803315,285.39131126304767,pigeonpeas,19.888460618376538
86.21135691706925,39.502319547655546,46.78328336845536,32.58643003126903,30.89522259764621,9.070960387014415,25.157036672256844,mango,3.753679009144675
92.56975537304088,85.97756114766935,99.86861017335112,35.57290998065834,76.15330092033389,8.409311407496968,52.346105674173145,coconut,13.42678987928688
96.5781087448468,103.69260241718774,42.24011982524846,32.59732035290395,50.99227469787015,6.622505900328202,23.921820440332656,maize,9.272181740120429
102.58830543174703,132.91490516384494,147.83631836652782,38.618087461764816,31.735183242582192,9.108210429472885,175.60735011902494,muskmelon,13.495585775032456
137.73999795864546,114.44891585107504,182.13257389892803,24.61229259055185,80.17637493633634,8.157824714337863,179.2984570366337,coconut,21.384643698265144
99.39553632579853,5.181423187648926,22.792086756313587,11.051915009678556,90.5219402478794,6.066461265798278,122.777763725382,coffee,15.792250538309437
63.27114205236876,45.11617985310283,117.6276313720532,23.020062962797226,33.901462616612335,7.825953055913166,159.93212456252078,jute,12.220487327671153
83.36918558813491,57.29106816194834,81.68511096774407,39.01100525775192,80.3241568712194,7.935864278110236,84.9752100734091,coconut,10.2133247602517
27.470049466686497,23.76270140440623,29.42409587321752,23.634336500999417,83.48238500814324,9.30664207583311,136.97862791098058,pigeonpeas,13.06415157375049
130.45813140467425,121.48659925941895,146.0590435879283,19.437149820912868,64.68983078893845,9.2224788067359,26.496736562818185,cotton,11.407479686803672
36.01277267314582,50.42358114478868,52.505734666986974,11.829566848514073,48.9459785823317,9.057556046418672,27.540021145657484,papaya,7.221084899331939
121.37182298684137,37.59065994144818,96.94955413004915,29.04543202568713,98.49085814257926,7.913446895480823,271.33780300836406,mungbean,22.428915900297827
25.103442112286437,117.91522974595199,149.91823879028206,18.4626873138272,38.28259960865799,8.761874690971242,210.29125539674138,grapes,16.331004026351767
132.88684518658744,139.1908497466791,105.51626176275784,26.171856710970438,80.72389642766399,6.786324626170868,73.2275710233335,jute,18.639745580042643
32.021329849585754,130.81434656613237,191.50794362470745,17.778091799923587,64.81715579593677,8.789376671062147,156.457532923241,pomegranate,17.01863152930495
131.53898830877827,40.963572170149554,190.61020741703715,17.163965395070605,38.208715587981,4.791119390356306,87.79170743313732,lentil,12.817990617832761
84.50814100992561,41.686326286061266,106.18696436595033,33.319750953696996,60.3794886190105,5.593643315003996,82.43486885381108,orange,11.976623972791675
113.70857175499334,10.12017346818309,193.5445616516743,13.37695561644492,75.70596696554384,7.257515407887254,33.06839739395784,jute,13.916465728514924
77.63988725708504,102.71307595101537,19.314568774592207,34.97817140469387,32.91068258751196,5.811937242317317,233.65883437603313,lentil,13.147175348257544
29.651494407961103,138.46257069542938,44.075177886670545,29.819690081477365,94.18736455106426,5.7394315699203124,281.6031317303964,mango,22.875592335068024
32.015640307736305,80.7188671555536,31.491323401661226,36.699338903972645,71.14238706148308,5.673016919066643,105.97204370067499,coffee,11.497056815637873
73.91032760621437,115.73219320363691,71.39936296532443,39.05873701903177,33.491077857356224,4.814679772012207,216.3849716690781,coconut,14.810613637102275
100.28882378605725,129.48616759392033,145.28085397102154,30.14226953885768,83.01875683737705,7.001060052889317,81.68194773843969,rice,17.88157130458293
104.10658834738909,41.855397849790165,122.06073772291863,14.463234357519951,38.51212907218482,8.42927918129559,214.24885258675005,coconut,14.400508137830382
26.224170744220864,46.59676612768452,34.50148485955488,36.19996743770706,59.454796985341815,6.24013246526748,81.01174665531158,mango,10.81347388722864
133.96944176477223,50.90196262155259,127.41979713642274,36.751626272198905,74.10517507873624,6.310995704348821,297.4349556092462,apple,23.106107835258094
131.0671764617999,117.0592723659132,57.0578075446172,22.911333256153775,37.04128644759663,9.017356565848605,39.40297014818991,jute,7.573095229531046
79.57196782561549,89.43807490901175,49.64287846138548,27.11647254239275,92.68933167775205,7.630575744478158,147.60743415148568,lentil,16.520169607039072
91.52322542350413,80.46897480736979,174.21762154682042,19.678175525653117,32.77836001448671,6.618541345455166,291.371045102567,cotton,19.56429677922333
24.05266083707278,127.45504654574455,99.33789792426349,20.943040954538674,54.27176785619541,7.475721265194322,168.56783716341351,mungbean,15.774522634446539
115.18177055469394,96.7461417447339,74.66407546886579,37.57306183466329,42.38619344519153,6.051441438782626,124.95549863076562,pomegranate,16.133972799973257
26.581634831200248,72.51977863224371,169.3602905516417,18.56195984146892,89.34279130885346,8.022821980432948,55.0734522193623,grapes,11.922988912121479
37.12573816737273,59.95159124217924,118.31885404763872,11.511225142718253,40.73158413981692,6.102044125261232,149.44962401612116,kidneybeans,12.145004750177186
32.84037666375019,65.8180645752395,109.48989194002185,24.09751071686563,84.32097147257883,5.304810161016972,242.57169497205405,mungbean,19.579644711754508
41.18520668379381,111.20800217541775,122.68617035620967,31.374770447768615,99.77183296084155,5.472698748108522,135.09444953275855,papaya,18.593027306981302
122.72211881010027,95.57756661572482,142.80184425096255,28.253255956915734,98.98402403288925,5.805002845399541,94.55243054357234,lentil,18.25024231510391
52.417591627772445,72.57533002799482,196.51912318600347,38.91438981520502,82.06181638955891,6.446250807878425,262.2451565454329,papaya,20.17959418836883
103.5753869207478,72.48897336127985,171.9072690632832,26.597742980215127,57.00356203343186,8.41160533039071,140.77069284654567,banana,17.042210187976217
128.82947104138927,45.19693928211289,10.700959784115046,39.807699916795556,51.79752265722607,8.883824537426865,146.97284709784665,blackgram,10.808195682125474
118.10657373764231,20.971762317438007,175.82260140426632,29.913338188324243,77.65767823358013,8.432657885353041,157.3504544054753,banana,18.828740279679227
98.2032045794771,14.929851648298873,8.547748181717015,38.1352315513392,49.00519917078165,6.401565552177644,210.9860878025939,coffee,11.687266914493543
107.96856442010218,69.1539055028578,176.3219610574782,18.35621907296447,44.267573632430896,8.65844176937436,111.37129819799343,papaya,15.713381178577414
117.9827059284382,62.76345308858656,75.78671122223281,33.24047703603603,65.69615762665549,9.197289248940201,98.28230072097057,cotton,11.662113015943968
70.90986400737606,31.040872610691686,85.47578764735424,16.646554485998006,39.51955555850932,5.6957769946527925,262.87157231071075,pomegranate,16.69004150158535
127.39902527863813,85.43173672608799,158.58088664110485,20.93311003894539,32.97515890094506,5.797826545925368,40.542384626551254,kidneybeans,10.122964399937223
125.05697299342692,6.567793553329535,143.57317390705782,33.058726896648935,69.75218128892001,8.153876805915743,202.63550732702808,jute,13.78150339101073
113.2957696663779,21.75647460801897,26.184490915088116,10.846258949018825,96.88519473938364,8.428550286515431,113.32702895237203,pigeonpeas,12.042742837186983
101.64374693445883,8.367958542728353,160.32706437687276,16.348967020208327,75.94863976928045,5.069866260685046,52.04903405891641,jute,9.64949229397857
88.23008444256979,76.27158974715525,63.26763434267459,18.94521959303173,45.62440908023994,6.427704144607361,55.552442263623746,banana,13.702791638780699
49.834498614439724,68.02333296716898,75.68605965797659,14.29596213776092,97.08591630179035,9.16709655813608,43.690292090259355,muskmelon,11.114202014360082
80.06145133181553,100.51421060054287,54.13218005114419,39.07336828808922,54.43152101795264,9.161778057745018,187.2595204926171,pomegranate,15.362849028425321
42.20116911331904,51.05359705550082,32.212130101733976,33.21846006792799,98.96755072870248,7.231891632830058,203.64203595216995,lentil,15.799859737603471
42.817600006987135,54.212811582304234,108.99822332591346,16.132116870035706,98.20300133978854,4.884250733531452,46.54170500941699,coffee,13.507858981008088
37.325564403887,80.48084554182891,158.56455226308736,17.108422331348194,89.46349118392934,6.17402055040875,73.41976179617564,grapes,16.66165982677948
59.30857594599744,96.44284365567584,76.5161737391171,12.124719841978468,53.23992781463316,8.604796930682651,291.05050630140727,muskmelon,17.13761132753109
79.56623366709096,87.62034799711763,111.29274499475439,18.472146319126836,75.05641759210761,7.0473501822680165,85.11287853749012,coconut,15.52430831303852
87.30823057230202,83.28083598864198,95.47613810652267,37.741004747919874,82.78237363869123,8.32263467840972,95.47944089541608,papaya,13.468654274656693
78.49084381705437,46.84768576861831,23.963555032411605,13.79077674916648,42.64697897266453,5.518266671824742,87.83330657895235,coconut,9.373445359995882
57.06550497516271,132.02149878890197,115.62794466779091,33.62430784100221,94.69664826945903,5.315675572879026,139.80485544037765,lentil,14.655754961395191
62.5366700526025,6.246821317229592,168.19442155561902,13.346779646617083,99.68364185452313,8.364792459555908,182.40280492982407,watermelon,16.748473088371767
135.06510578303562,140.43530505995523,37.33252075410547,32.7911225968727,89.26427043234952,8.944816190294572,110.63079719612745,muskmelon,14.46649798405454
89.38588176476453,64.53003969733453,170.9549282848186,38.286701840070776,62.573510333952754,6.780735254991999,160.57784430780853,pomegranate,17.844811530536028
92.18525415411176,77.62805993032141,124.72530523101949,10.02891055612192,38.925253212382344,7.085600923757134,84.30650903225954,jute,12.500964843759272
32.94802893790699,140.7904022125925,16.631655010125176,23.14524021522929,67.57734694420162,8.45240889331682,53.915984780277945,pomegranate,8.128077643531023
102.57592171918833,93.88677526169799,89.41605688690905,11.976702414757515,63.142515077305774,6.270692778134917,174.0544280381927,mungbean,15.298248465415249
125.74241917230226,69.89362727392188,193.61260142218447,34.68864626219377,93.07629031618563,7.914886172879605,260.14313216935864,pigeonpeas,22.652107926232045
106.95106398335435,54.49263046000512,102.90687843123065,22.451396823057625,80.79876226283737,5.589530662882657,128.74353833171057,lentil,16.54234342839524
106.88849243949305,47.165020467670246,97.54530273476828,16.58193305455834,84.09514641100225,4.802557806705735,217.5072554001395,blackgram,17.287917010985655
130.80813987945484,57.094399511103745,94.83557631377978,17.280443904192992,34.78154444068656,7.9696334139362595,244.01475790860076,pigeonpeas,15.96482871751057
63.87653970893081,39.039900960287966,185.58064733055744,39.09774533914661,55.03639285687462,5.061553645361501,82.31045159260076,blackgram,9.05810229675732
135.63818180946166,6.305570836484695,196.63083299088333,32.20583257388853,35.88351625846616,6.576202343893632,216.01273288226253,cotton,18.224635588476247
39.696967233367104,22.882659469773557,99.4694106523757,39.042966812154674,97.99654506806074,5.639573705264547,109.41720143200806,jute,13.859359445343816
134.17995413525256,12.121370659123702,39.976864993165215,39.12837327612159,32.78549318945627,6.733036741672335,277.13829090973934,coconut,17.55114510490111
135.2038946562894,12.114115263409737,37.10429711115357,24.526211419560745,91.56454674623043,8.572225711480282,290.023607378498,grapes,19.600855133235566
33.45199366473539,18.373524207906776,86.72595042925302,18.78101795633964,39.308822909737394,7.555954105962002,211.38834510979018,kidneybeans,13.646200261508076
81.06130913669817,66.91828893734613,187.75997370340363,24.047708422243794,49.413477105615286,8.712827887509519,299.6498632646787,muskmelon,18.401201050293437
25.86247479114534,96.89577304438521,8.915396206055721,15.815143830289045,50.263842820406474,8.93242984630621,58.56578140034778,jute,7.976896813294041
40.55251403044728,66.28901507754995,55.2960390027555,17.67469269899805,51.26875152406731,7.4355810720923365,24.641692071964698,maize,6.2905047555449665
130.3177409613691,116.14975781391087,107.7001458342224,22.49702173695319,86.5298957305757,7.353181666794966,136.20944539568313,jute,18.422571188472038
111.44133171383372,144.42430696096855,161.1874523596328,14.358017437813835,52.578131925000974,6.75863458645573,55.46278559874263,watermelon,13.671811834445913
64.95332651374471,40.02117405240141,203.52603833589723,32.461047652962634,33.34356464048344,9.000189832995682,279.8283463437122,lentil,18.272891848805486
117.21033004699149,92.86200728629125,196.81185473434272,17.1441170633228,68.13850201055601,6.543979091712978,171.68047326404428,grapes,19.810266366671566
22.205194307460673,64.90927416099768,59.64725301641666,36.85656746040082,90.70035010434657,8.689212510796978,262.83787287182446,cotton,14.764425144302534
36.51310064743537,95.64255389305448,14.426304826261166,21.219892186830855,35.799002894124676,4.5168321703580165,288.9560226924457,grapes,15.601181045908689
129.3318844170389,134.22512359065493,175.90177823414118,26.331099537021462,35.22915126272192,4.942194637683989,271.0535405595434,grapes,21.104732341811253
72.12766990174612,50.941646726699545,133.82478402882043,34.209638447665746,81.21794594362747,7.578014690253532,84.82309244455278,grapes,15.370121070832834
33.936222571950786,31.22158667958285,141.09405243547428,21.669597624142035,69.43050070897215,7.574074763278181,237.33697083485293,mothbeans,15.704660894457616
84.3573569775488,97.44528543786362,30.953144019132758,21.863206813189798,91.88852004096921,6.626828145217363,55.591773725849805,coconut,13.883973456758774
101.67138135447199,99.93769614478049,127.79748142632492,36.296815055892836,56.47964849103923,9.011347913122888,30.33910327691664,kidneybeans,8.61336007909304
108.19217182297012,14.826240414075711,88.24837540444081,21.768676318399862,68.0411959552607,7.646887193886444,285.14778367668157,cotton,21.243891652420082
72.59279193761188,71.7631460938427,134.58477371187976,16.00597649951539,36.20555883458859,6.056182579728092,237.9471834221445,pigeonpeas,14.281738041702678
35.691104040310364,35.66316378471643,140.79458240114127,28.418441700805566,78.18204981075053,6.10979061340191,272.23971554131606,coffee,21.550938185365855
121.67408583695644,142.98706034284814,134.48925933959066,12.758474843540947,36.288277741594655,8.535598870929064,86.32092205065015,chickpea,7.283746205816433
92.60433447862381,66.54638978876486,181.75429670236878,22.800883561406515,49.13965528983675,4.539909391717699,291.7593978841383,mungbean,20.265134484651657
59.23060757841696,76.00108050151995,116.38751713345599,19.445588042181484,51.59366694766254,5.804307615955003,88.13893642899079,chickpea,13.510100255271798
74.49451797780043,74.51934512801007,92.0733865975714,18.799319095666913,66.94539838841365,4.767225347502834,297.72837734240716,muskmelon,21.041401660152882
54.793150023672084,36.087366544444336,204.13508675247124,33.16379065162107,47.47630319045386,4.837225240886303,215.13663268438603,mothbeans,14.902038502723544
65.57513554811251,118.02003162273196,21.7073349345644,23.34824394019231,60.57010677446361,7.410801197574972,119.08325888333823,maize,14.352711239385783
56.54959974464425,141.04896608889325,197.57124921846014,32.81159063652973,66.47337839480701,8.403898993961224,174.97634633984157,blackgram,16.957542955864117
83.08142230052984,109.96641236431361,38.906828263027,32.91354928984349,51.667650186766956,7.5527556547383865,204.25149083806537,watermelon,15.273332912603925
80.72758993238318,57.97607856672994,180.63094311212092,21.047548965984273,90.13001980603593,7.020993492312791,78.24198728740203,jute,15.98949080133497
126.24155457495765,66.72635347099391,105.84572298307621,29.028344729922114,49.207002383163754,7.486937457248539,214.05090511800228,chickpea,17.383215677090536
126.46531916500362,10.725115564291393,202.04513354508123,34.81263632375335,83.31634814055889,7.956814468558955,235.67668889588595,blackgram,18.4067798269105
136.0535798402351,8.334544518769603,101.24001922297754,18.108548150268867,81.7916314892812,8.526116427039344,250.26990770499157,apple,18.34998009975059
131.38212374998497,40.588730182053766,187.11993988095426,27.743841792437998,81.65566153547596,6.699460357539098,245.9200220637095,mungbean,21.15660965566866
32.854571792998065,21.667885437446234,11.503975186432353,25.98919514790316,77.03318773886144,5.133642009128447,191.32024006205134,grapes,13.217518056978134
78.9360389904401,46.598043012215506,140.9801860853253,13.337483628651878,91.58605353048549,6.906702282433594,180.3879575158983,orange,19.089339452995834
121.54651647181693,122.92264197750914,69.94028709224142,24.738742676356722,74.66385675490505,4.85948458257302,284.8230478294106,blackgram,18.943146076288617
34.19439785037256,10.496511634195194,142.0004824600548,21.550089043153125,83.5133066181074,4.842723057633777,127.45200018990818,kidneybeans,12.23664085616184
108.75278395359167,36.803815459832,96.58906695487097,34.56632653410136,94.07733748251287,8.113028968328889,140.18395522922702,mango,19.58813076584001
55.02206792405901,60.22061772894656,201.97625757859808,32.7919640720184,60.60260439168488,7.1704085176658765,195.2190593317449,papaya,18.909557315541285
130.9780273541391,76.28237389258264,136.0185390248621,10.286583298509072,70.09484973847037,6.8659919053696985,289.44569251454385,orange,22.18740890550204
68.24346107399998,102.44591110723842,10.932148712856211,17.074413752584036,92.125503308269,5.148903836497121,34.38458121482037,jute,11.582393274170535
34.12280495148714,49.11545900141793,69.62568338926509,37.015478034359916,77.91537791949423,6.367522409059719,246.57660275293375,mothbeans,18.03701092749176
62.92185319516106,69.71464391451676,184.6654646608766,11.411309935860068,84.8708085879696,6.771088791171696,125.42513829390795,coconut,18.088238195696086
110.79423418253671,134.91265311418178,103.29116508931573,34.98201357347534,81.2361174998567,6.153403927782384,184.44786806743335,banana,18.60557577250597
81.64978135479831,101.84689638189819,81.40579818675768,36.811128884968056,44.85532548639498,8.920021049939084,200.21267593645877,watermelon,15.094847526028975
24.155938167642987,42.43379534103556,43.02645810326033,26.17766080870457,61.90041309356296,6.123833071695094,253.39199356226902,cotton,15.54298222086802
136.80071194359098,141.77682490612202,55.93432710942385,15.017083863847418,64.6981702352071,6.907324590834232,134.8385524353248,coffee,16.798742094438257
64.95410135286633,26.953810126260716,25.505941764207858,36.04820398969903,48.58371771605647,9.208099577755284,285.2421635583868,grapes,15.545293903044445
74.77900334446184,86.66368196951862,93.61125738798587,12.437487450086586,71.64332808301302,6.594204875190606,44.29184969893632,cotton,11.992151896616669
21.184511844707302,34.19285435564292,161.21390738104247,11.137822745762033,75.26774686385971,9.24853473103662,67.93388828844189,cotton,12.070187652568686
83.60851849947363,80.76993284056822,148.66746268943567,33.87823077046372,76.67970487558111,4.736227446743248,118.34069339399103,cotton,12.362105479807257
109.16326925862084,11.923445807930635,45.24222341274704,18.759779696786147,71.61375741782281,8.549135001575696,36.893311444358474,muskmelon,8.940050174820366
26.711414943896617,64.3119304397728,156.5678633995289,39.94023848702465,71.68102499028674,9.20306155619003,299.59077473216314,chickpea,15.586727385133354
100.2428517736036,34.850117023926,100.12928875232676,12.352346290110694,32.04048449544923,8.964596675023394,260.35209285488065,rice,14.167618833741384
84.56177728238801,106.34135603040413,100.86278762677128,11.859041828173925,31.22573369904356,5.566155831387696,138.99090314183906,coffee,9.325243844190178
59.32805658078668,129.18359910532132,23.003804370433873,38.45549529308721,89.96702428563837,8.658905780067695,261.8243830453615,grapes,20.416328957105872
49.3066014790712,99.62442603888586,24.385020427343424,20.80839977085772,50.67984147909547,8.736504320647107,164.06035773512878,banana,12.6429328518211
35.484120584748226,135.04855647782742,69.49043082502092,31.205165135294845,96.82383259408805,7.043244308080013,162.10987244547954,blackgram,17.206346215568896
55.560627998506874,63.91714132167829,171.89336101309866,24.15962757638689,74.8615223039306,4.950534192863725,233.39562431644885,coffee,18.159061650915305
54.36901124800074,58.87845654441803,188.10439899859693,21.02707074895471,66.66846682703547,5.310130807089211,226.0724962945798,grapes,16.039693409260156
67.94852008579747,108.87992227324528,117.89353210004032,33.896268285389645,53.217524274331325,8.010072097534692,284.1639484784631,cotton,21.681594183162925
139.29783074349314,28.18841291572015,55.30200785179786,14.893101682745185,53.623566258512156,5.946400668631694,188.30862959378578,muskmelon,15.094210305473231
132.91520295015886,137.9150580038438,174.32929929539338,10.364215673866969,31.968642859254135,4.551787156854107,122.65922394172041,cotton,13.942609471547385
73.3655469687323,130.26377867963095,115.57384075253435,37.98549402306118,94.85152902529273,6.8080050994686045,183.06713156534374,kidneybeans,20.659006535133816
42.59957103107177,30.99400814280517,14.046305060231386,29.25504458952673,41.51472196271742,5.666689888636272,230.36569021870258,lentil,12.07948230454174
80.49001473433833,59.029225117778715,20.09805620439202,26.080857486875832,85.14232161121353,7.371175804469976,292.8712706304958,mothbeans,25.726084978832795
59.03825934891661,50.43770199363534,131.36890132849516,11.342952561493492,71.21502317112623,8.122953591054578,119.77136217311704,mango,14.754611333135138
89.516664636183,90.48435398532116,71.44305004137652,15.447726584975689,96.79691852139013,8.27692536511404,163.09403423810386,jute,16.632993371502124
42.445861620450174,34.824502133569425,103.3812741120865,14.463530012131304,65.28275857107343,6.496948524025371,110.89440949396428,watermelon,8.57244047576186
28.056795145378437,34.351534383777704,159.7373611078979,34.47504368907455,65.01120714581918,7.974414035359748,41.728085957185165,maize,10.250221719385614
61.74109183221486,73.55351855359075,128.01077281082198,34.85920116958291,76.05633937642888,6.3272380834381154,137.00652638088243,kidneybeans,15.955314825516053
112.79029213571656,45.78108617914215,157.53726181377587,13.691721827906044,37.4760339368922,7.420286834244634,33.62722445330395,watermelon,8.821465686468224
102.92305840244522,64.12949126964361,114.03344963587122,27.8337371381992,40.58605637118697,6.559906030742649,27.969702071398437,lentil,11.060626842727086
81.47048760517984,85.30203971143344,34.24688131833246,32.668578106372614,56.10915215096949,9.103249644138359,128.54556252551384,orange,12.53517740106609
66.98577557804123,59.06972713644804,153.2405679684415,12.512470187433351,52.555011824176376,9.161119189202857,146.0283432236511,coffee,11.422760441566302
77.1742642180811,45.40254550707672,158.65217842508082,35.51815260743159,84.78607731065777,5.2452352837798575,114.0960063854542,chickpea,14.119299165736068
73.63717001827042,5.259553907412937,168.57277206171227,24.785111771147612,60.79261638609435,8.306924426421952,37.61159374821304,rice,13.567567815966362
106.29224083638246,105.14390844464941,12.726246389208558,13.475917644637041,93.32382046441762,8.458991653918131,129.05576982598896,papaya,15.197326341079417
133.45915834057064,91.20333162579288,10.289120369686472,29.52154381362101,96.13261500310138,6.293205060766727,281.39559011577654,jute,22.181331705641718
55.0810553340633,29.280132802894563,158.41533150717555,27.509739778762587,82.87073069264359,7.766992027146502,49.16441763743252,mungbean,12.521376099364899
54.0327461427187,12.688540531498756,60.06506077614972,37.68693030146213,43.13228162788499,5.519814373088576,187.99367100790147,jute,8.623479289498619
65.63144312139619,45.668249887206265,48.581724341179374,17.547681822125348,95.96553926028658,6.931585339957687,257.35844110275343,lentil,18.883126399712665
45.625798549388065,100.85474405677093,99.76067135189301,22.92486404994924,75.14983511776606,6.838472275263461,249.60363977661095,cotton,19.431487958776525
115.62832199531084,11.632461861396052,202.43919488373723,30.91080661948541,52.4981394160491,5.256468978476953,129.90879610990012,mothbeans,14.131356523855429
124.80057030331824,143.41794029646283,100.1399998649119,19.496128549536373,62.17943950687301,7.720652501204406,162.03185067132577,rice,15.924697001395629
138.09833183808195,140.68299648789286,187.75210484641613,23.059407021500494,41.66687618295137,7.422356016433138,24.831821553095054,papaya,14.075128024461144
128.31896081353977,71.12146462872239,88.58775069777928,29.187838311197105,56.30594319891987,7.182797838847508,287.5586410475349,orange,19.142528128215368
121.00893061659883,30.72351099664588,180.75054890250723,25.78828605085999,40.08564424986663,7.714316624508775,165.61476763041978,mothbeans,15.108412569797656
64.93730654307343,41.61664381240127,38.90359867906832,28.213582390050373,47.65907159217835,7.671439929106807,108.7998063152328,cotton,10.199528159978835
49.89372791246687,63.58554897216695,37.42598441734357,19.591198825672294,84.45161227274518,5.578094458145541,285.1917009438035,coconut,19.133750302347135
48.60717128814303,34.1461616603667,145.69455442606622,36.41786478459291,35.251167783548404,6.729538676290564,190.0090616921222,grapes,13.705379919599405
103.22273194449775,5.257129636234586,172.51528623723107,11.689998877734126,47.284413384249575,9.317724491448583,42.691422976487175,grapes,9.216318320464628
31.318937198786504,80.62030874777459,64.22311295928438,30.01978489881419,68.46160461202548,9.133555030110898,30.55148834596867,mothbeans,9.595211629577935
34.133254163944315,84.72473707161424,78.77459534045956,16.85145905121785,89.38055550959868,4.773370027980972,150.8692780028452,mungbean,18.638350879328872
22.113334803553816,54.531672871512804,80.8759979249915,12.316605123168175,86.99278525391297,6.5279636510416665,157.17861185548642,rice,14.288412622816923
48.3224351806999,26.926664615738343,51.987809101019366,16.820493184893486,97.71932072841133,7.7161919768912295,66.75313176652489,orange,10.438374236853564
41.412277824943835,12.343677337340802,189.80178451953975,33.7543249149096,37.18653610767794,8.384550761921666,256.319915279559,pigeonpeas,14.615365478688854
98.6505683157093,69.73789869604772,195.81136101817978,16.435152893209217,50.229439476716166,9.057157253755602,258.9030678136254,papaya,17.595812760930958
31.496181992068482,91.6997405143507,193.80148078064445,31.681141378208732,45.01743447586294,9.355690226444302,105.9843406868735,mango,10.76774736013865
79.7740424447361,143.7006240722862,18.77828014383664,30.9018488330671,55.33516129849151,4.8916265955121965,281.8088641371998,orange,21.184321823972155
20.80010541815244,63.008305549521445,57.743280575915264,35.4920965966485,50.09880831860808,7.21922736789024,227.27544549523307,blackgram,14.437579930993513
99.7488630507015,114.79240675235182,9.865764115649696,27.650979598758113,98.91700293888958,9.235903249131656,253.08331053348442,lentil,18.06510509196909
89.78849368380627,72.31224876437996,175.45940893357715,23.345350828812478,96.35511048840365,4.566182646912304,295.692581125416,muskmelon,24.983775329921436
24.52301563764142,46.1832852911271,79.62150136322529,20.466714161991703,83.13022660891323,6.2905222961193346,287.8420667705278,watermelon,23.99831953382861
72.19392184097379,144.728163802915,144.13553514266093,38.48803433172748,49.55464894391884,5.380767825259827,125.44503913455036,kidneybeans,14.275844628293816
93.60388166484876,109.22188646947899,85.41950258846656,12.6953808049996,31.84323730247773,5.590138534474292,225.09648205351178,maize,15.81930760281287
123.45075645993377,59.01406147319059,201.7099725046104,30.38495232715971,54.98719128544752,5.562695664199657,262.62877276651204,mothbeans,20.226474574553894
124.24586836489817,122.59153097132011,67.30650570906901,14.885490682661057,56.52821930444711,5.942031916247005,286.21860294817463,grapes,19.831347108372253
30.377432522728522,41.43724719970443,92.82223880011767,27.853221344790462,52.937102746131444,6.981169984605025,75.67273220056981,coffee,9.794105556263466
99.90362025006127,67.6510488904741,146.43238725622612,35.064216057318916,32.76495584437436,7.739814159392193,49.38819172905869,muskmelon,8.31628837342348
118.62159923816158,143.351935528654,79.73818904155686,25.1659030574469,60.98983858878616,8.970938743195116,22.78153055512629,cotton,11.17258084492606
71.24388902101063,60.29641161511764,12.002482145031742,13.567324185300471,95.83317492926484,7.9742253298350825,134.5793738802579,pomegranate,14.854217277137867
80.68851986372431,130.70061087916739,128.61838380746616,33.6583188326597,72.04786454840166,7.988578899363704,141.07414166212277,pigeonpeas,17.24008195360819
80.23268245269932,82.24845369174683,109.99310065096992,19.485670604947554,46.186690491943,4.869174820577775,221.0889949607136,coconut,15.7001792930662
52.3620588455302,29.615558176827935,49.19023432751088,12.512498397984917,61.66072939111816,8.891669639873461,105.49508953404343,rice,7.50606935821358
45.351392779396164,18.62729193895518,60.12560379042024,39.91892532212394,58.146458566896776,8.819441956675051,173.7697537961372,coconut,10.357486997827326
39.97361169199057,76.60793783783971,161.80879658890967,32.0457744986385,47.553405266783045,5.815673234195361,224.93250799240977,pigeonpeas,16.96864520048926
109.36678297139689,24.394480736487736,38.31505669226962,24.10194765075372,99.86255205853519,6.280234178283817,139.70767966161486,rice,17.146639091821037
87.41703901022706,95.05811770642238,31.62165554133018,11.11334205880127,59.87602012081145,5.301782617116599,173.70146861394278,mothbeans,13.42268084299603
115.76229344793941,80.60542041964759,72.46680441572484,39.3371012344323,49.4907799289487,9.243311685616352,63.74275743172489,rice,8.190797164367766
51.23102484757699,17.20945612865366,202.26910461806943,32.849599538554074,30.259335742540618,5.618232924117961,207.63478755944075,jute,13.500527451803373
119.82110756530727,75.68050897260242,135.73028394648583,27.91112192783442,74.6718230436544,5.6504942691359,124.52104297773366,coffee,17.467215283374752
61.35017224614275,29.394903100233847,105.11143898488895,33.44477977918359,55.993693344135174,7.760230714381868,105.18280487004002,maize,10.704904961922537
133.30375671570647,141.04160946090275,159.40677351639812,18.60418256140776,45.348296405072276,6.737745172744718,298.2874344815938,coffee,21.003163584612537
66.31015731152273,101.72584421186833,162.63059572291735,35.29467706178602,87.48962709859532,8.681234314999902,206.94295972180663,maize,18.41854046806566
93.62722367103711,71.74021122711007,56.42291687524685,38.26630509566694,85.35905781432618,8.38528892961455,271.7720926902017,muskmelon,19.49912195969943
35.940638814091855,32.672279509854704,120.38548699449966,18.56705127411868,55.766323029058654,9.15824555489064,257.21661039355587,papaya,18.736231829971267
41.17192260412141,70.34762890119299,140.64833518649016,15.2696180239104,95.28945956010958,4.885126472589639,191.07529855525777,muskmelon,19.513876038067657
116.69419904221014,140.81964604579488,127.32865495126086,10.370660289804675,35.04646742914248,5.67353611180227,157.50734569720555,rice,17.133854888018984
137.50544006469025,137.382271716493,83.54449792798252,33.82949437830514,74.5454344113717,5.715678396061961,280.72963165470554,coconut,24.452813716240694
26.84700604181924,57.782546560297895,77.31005950914353,30.21394338906719,74.25402863708132,9.344704642319972,260.26786077604004,coconut,16.743228860690568
80.00304230752346,99.3780920757772,27.81811655465511,39.99671693894177,66.31656708705367,9.04952436954485,290.8597737026182,kidneybeans,15.703225901752342
111.7342167475603,15.1922119445133,159.18194837604352,29.174850836317695,38.14878720487593,7.199700668130036,50.447789233827216,pigeonpeas,10.689066659449345
124.47187912820422,25.475078628290174,173.23488691357943,18.318331824029904,97.17376862343997,7.977483754503186,131.75096838913265,banana,17.654578310256518
64.36608662825017,23.01956896254326,191.69645165620972,27.586178060185258,99.15912679240358,5.369329376436953,172.8339619849919,chickpea,17.69485102644568
58.648323318176104,144.41198077280015,80.33452402002932,18.783812675416897,46.745118985623805,7.792573260291849,50.581904748508734,cotton,10.42256737293878
104.4358443433203,46.60667388630739,44.55370689869877,38.505290137161296,68.77355883160284,6.223888117841682,32.451181545351915,apple,11.08637967363345
91.77980180750073,76.83534355961454,156.52202331190938,35.04512719116197,57.80223618563869,5.004649579132144,241.6283328200086,chickpea,18.462771632949096
73.6484381518418,10.79861968747242,100.50431554850334,37.8677427422997,30.80948620848914,6.324694335925905,233.05025619107013,banana,15.04278774077606
118.79598892708927,19.70822593799975,33.51093859963254,22.12478700319763,79.1570319583989,7.970928390486324,122.6265639605802,blackgram,13.396763357301696
41.074731970226736,124.65570007090118,146.1560583304048,15.942941476452933,80.12845579916961,8.043090851043434,299.3630274696689,blackgram,21.268277595847522
123.48350393610015,10.138564128443413,203.6977411773208,25.079237168640006,91.0908921232215,9.025573173536149,164.05950717184015,grapes,19.309747199798824
65.92396665224433,6.444428902492989,10.220825313425404,11.627690964447293,71.5850508027905,5.89613867652764,60.305523528169346,rice,8.81366196692811
34.558240049745905,99.35744029948287,183.83203656453173,14.914890017153493,45.03107775601006,7.3690676678797855,162.36563218606335,apple,18.88985269191027
44.103956568692354,99.18817539857918,146.7239222414887,32.82520160980768,92.64093485661132,7.774697640747829,157.69535113261185,maize,19.437465265705587
31.848840623954594,43.58450375084186,79.61234173540501,13.116976092629269,83.36217669838535,8.434735141087128,254.05059937839104,coconut,18.00611828662492
105.43928055926378,124.11699058293468,204.28952898200808,28.591374151746816,56.606611187490515,5.332468917969209,294.8933793830297,jute,26.708398575856847
122.3207796852459,107.07889044380526,145.87219396360874,18.388330332523473,88.33440280881331,7.397102861314716,145.12236078680047,mango,19.472335122105594
109.93363183668718,143.88308378296563,133.79671013436683,19.092256380866875,68.35184811766737,9.219832036372994,202.49379811640756,mango,20.622342116977123
57.334876975017984,128.77071434063566,85.69239398137809,30.83580196781969,36.07059096051084,5.500770417844113,233.1264831195561,orange,20.518613862728206
68.71909572740094,84.05901024960286,56.35411255170723,19.85962302453822,72.69276821225486,9.042374330318712,85.8554818134077,cotton,12.767381449943455
60.028599372997945,123.59257381145122,34.17269701575229,28.817682350160474,30.916011868996712,5.728346642271214,185.59437930040866,pigeonpeas,12.647136179970262
93.88516149036826,35.52177071059265,25.359748131719524,25.357547969734235,80.57221055791584,6.5537756633135595,215.56909064669736,mungbean,13.746488672521556
29.432908855792853,109.65272927773806,109.42029178941414,16.142418518708787,69.15494576814991,7.477292570855017,277.6332441732664,jute,17.754976489543687
81.0036359904862,105.86589007414487,165.17110075847805,36.156882881104465,66.06453105681035,9.209121872580864,196.10690571069904,orange,18.44112835783588
100.18542314689465,44.049324257570035,57.12340559376081,19.735538022710273,66.42774565617981,8.522269616643115,159.62025024909533,muskmelon,15.505990831859462
130.82370590903594,141.77285231510882,91.58349700800598,34.0168980952267,90.9852080138701,4.7213167607363795,94.5045737391947,chickpea,15.951667387242594
61.05878645720317,95.06031120238227,137.26218855971516,20.599483624852443,40.02952495278165,7.261348816848361,195.05016610906725,coffee,15.71443630462837
26.529059337905025,130.23320602886267,70.44316264134042,28.966633730269358,94.1236141919269,8.552628921823434,198.55708009380237,cotton,19.639159380867273
117.4511816176154,90.38026847520196,136.74054124192526,14.418052724956357,62.91173758394198,6.004988238418332,140.95177765997659,orange,15.333292087391303
63.73093729936277,87.55139533509167,142.56490561430462,34.94570566666594,43.8595455102316,7.349891794005735,227.3017514511799,papaya,17.737390982948266
94.21739531083237,97.06067521133045,101.724536775567,16.382823238664805,31.998868258557128,5.828303487336362,148.00773980125155,watermelon,13.50229056266527
69.34164684664373,120.6079207291409,20.884130770877558,21.216836883559605,75.11787223568227,8.355433960934882,202.74420889569453,kidneybeans,17.15883223938052
138.43727260108392,73.66553087394334,162.13551863246536,34.37473412827887,57.82616739560203,7.206365233611591,171.17634729754977,banana,18.0843821653623
112.77468274844577,136.9628640148969,45.568651536231215,39.74551842516276,95.82215220511421,5.063266000819005,275.4624899837645,mungbean,21.04527793525399
22.545096229584708,47.60775178854918,60.734630529400086,20.68610794173759,46.14170188109519,5.82131417715728,92.14959077685164,mungbean,5.591134440689096
121.28272340989216,139.12077267228855,63.12333048886802,29.51192516212058,78.56452636961792,5.456661670166248,122.72693561875188,muskmelon,17.582486211666517
138.3091993688297,139.17299883701958,169.3535799689919,24.185078658867674,48.48502696715118,9.079821212435807,95.0522085836968,kidneybeans,12.300683229739299
98.02131447949553,27.46117535538207,101.30791062869018,30.96865046429156,51.57574309821776,7.84552944903643,182.70017726138923,mango,15.502935886037788
127.66945746611131,101.88824465984212,77.11940663051504,34.127936005766244,81.66715499187703,8.458419827540823,199.46767525147845,kidneybeans,15.949553267254036
69.1060195543468,98.02991296938067,60.70290143837835,35.146868146294054,44.52389065127427,8.44574327466363,257.93256883801314,coffee,13.997237373356873
117.12990008322207,104.92362074845752,179.87558102642603,25.299049515626,46.36995555098919,9.060198683644721,241.21221273434062,apple,19.358993488588435
129.6410927713222,22.421639703595527,123.10193745154439,31.95307840628958,39.42829023667127,7.066367048257268,44.86519667383696,mothbeans,10.62255341383039
137.10921923111283,71.36066568685861,63.80023964208443,33.09351236711207,42.63464524587389,5.716460384081403,91.5911353380666,mango,13.382273870162908
111.27202438959537,8.358820283708678,82.1035277884095,10.17781680795644,32.52357096865521,6.892793652245656,120.8015522671525,watermelon,10.575247106996185
27.939312934996153,87.36201611955515,18.000473759675437,22.710526157268443,54.66503402996909,5.619739706303736,107.35195496814914,coffee,15.969451624068268
22.892300810259314,21.552301445518104,67.2633308551704,25.274472857665096,45.12953109355267,8.181075744270132,120.11173295927715,banana,7.86176371278709
85.93321878706392,44.98025620088871,40.76042446280066,10.808497326046908,73.62714594958578,7.289995345056813,149.28325631517822,coffee,13.045770809162574
63.612159795538126,10.43375069866183,43.31386782929309,37.99408860282445,40.46939434328224,7.503926542264809,117.14462067371782,orange,8.152210215684873
103.47258852613824,61.63686171260637,151.29634928498137,14.899986655454311,38.54405634653803,8.69726857971638,114.9797375778159,pomegranate,12.739002854150591
28.70116830184171,15.909094745785525,135.8264583559612,37.26797670028052,50.13874339016053,5.846530894577159,192.95931066006304,maize,13.46945578016319
124.27509436699937,39.95886080189717,153.039835820216,19.216362714823976,68.13683442031578,5.45426235647042,60.880566743260644,blackgram,13.29068787146327
115.21238529375535,101.72181848439024,70.17656091549931,23.9189284747697,61.49156481188311,5.873848476042623,294.5559712272566,mothbeans,22.44864109848907
31.6517241870875,137.40883783958668,192.2165869030105,32.47924239103699,75.01441296806408,8.739852231788515,36.35444666535892,mungbean,11.297550008015453
116.84275013706016,141.8897376246785,130.34692023585055,12.312336783495727,71.07274146489017,8.204315398987912,281.2668789429371,watermelon,19.962358120998246
59.83387569341865,115.98067565680621,99.99194739846344,20.18407066659114,59.40341979479044,4.956137606981141,262.5128029302833,rice,19.167178443846872
42.813335357299025,136.9966244945929,79.65813197538267,28.730470844753043,43.94020655959332,5.0526981799578055,174.290766061259,grapes,15.42165408574416
64.3690807401437,48.64339456984055,79.834697506987,33.85436799587505,55.04143543476632,9.106863368275848,51.62949098150246,lentil,8.13761768382239
20.822626793159166,117.3404270816008,198.86549259431618,39.473180827388106,59.63836471657947,4.852521977684769,107.85106000782814,papaya,13.973792961249245
32.28574903320758,78.46032365932045,125.91569569687567,31.864572349167876,33.57096211959342,5.876986648929101,119.45698063636891,watermelon,10.517348930840498
21.03221821192584,50.17872646492771,81.57282719451433,32.83100094170207,33.33092659464874,5.5632011804633015,270.3112041344991,coconut,12.826872936768655
111.10971823620113,55.58345818107062,137.53204298427724,12.215395099089758,50.05905615602303,6.6239486874836,260.01953530178093,maize,18.24630394513292
26.542578674177907,135.81131895886608,47.34348920807791,24.637784339711644,35.05966781364164,7.308561931488833,159.22403620397486,cotton,13.126673356164067
52.0523119290825,19.36978595741906,164.8304894605824,31.06929733597413,35.90456739109828,5.313028018733354,48.04667026040854,coffee,9.575378783822206
98.77883269316027,89.94579535986666,132.32279594312172,36.36856369246337,50.713784465543384,8.244740941263286,187.54949790296737,coffee,16.57536700302389
69.69856170583702,122.31322025720422,68.06947778611718,24.467916499386277,64.20469977075619,7.590049334029313,267.52500074125135,coconut,20.85670069882932
92.76442375414379,27.800029432364887,37.191456866519275,23.747242567413622,89.13322546582006,9.045750106254278,199.69047101207218,rice,15.351956580425611
110.00471555109263,45.8716559922114,48.91061685279105,33.86282642187669,82.59226067887974,8.910526933846988,181.41549509466614,orange,17.227435463948638
115.5366889474726,120.1174810931715,96.25131606915966,23.997806331221685,84.66553639398538,8.356654828027567,262.6379024214917,mango,22.021576230006424
85.96553643701958,58.53385273162782,10.407822993625611,15.895085862191166,44.39047088978539,4.911682404227053,146.92948755513578,blackgram,7.492758084840998
66.4101236011018,92.37110031297568,135.02230608803228,27.549054259790104,44.35774625266596,7.02990679076216,267.6199067329961,blackgram,18.694316573199668
92.72250123392455,75.39186446076162,188.9111091990458,28.600201858460455,55.624859539915555,8.064664640176462,288.7655562273569,grapes,20.995632592816925
87.76748006088576,88.74588806173747,69.11645536452384,15.309885741713359,39.14453433766461,5.410117605583857,281.5065284727973,banana,16.94498840527519
92.91823295529761,19.000450159026933,99.29670484682384,13.90945048731079,33.76835895443069,7.946475089277719,96.94784516607912,coconut,10.20545445058223
112.99910497267504,35.65482641426615,182.813365944566,13.893558320942173,73.14551953652516,7.960841968607555,204.15667607602134,mango,19.44136707671166
125.06282278645618,112.7727443448246,107.04126832425615,28.098790838153462,69.64598588631615,9.233492886727126,270.995706298201,cotton,19.58920009414454
48.38728423434425,138.48710542756334,134.95074101934904,11.503283171232027,53.50090396225835,6.880770359564458,253.2660096061265,lentil,16.741553038955654
94.85104916445461,63.72040784982483,162.74055582141034,18.21138275076178,56.799279565339894,5.336956652154578,90.6972353501065,coconut,13.667791414474486
65.55920190719749,23.166207724648977,54.49708296141551,22.582650310475607,94.68801383816104,5.513002905971975,135.73638466114352,blackgram,15.597187536155442
23.722592924717073,100.71499627219858,45.78359930351569,19.377995360609802,81.5472528529363,8.356267003331059,116.8280851362,apple,13.762869423148569
36.29586276201499,21.25260341536824,187.28996265508545,24.628286496772013,94.65710943925082,8.181088577715082,298.1375689779123,pigeonpeas,21.58655080378431
42.862943483184736,54.739015744268116,69.07005559090994,39.61860602343208,74.76592739576137,6.959013402362247,163.85067247756228,pigeonpeas,15.349910103084804
134.4706972834167,85.87608788241153,86.69934983760447,17.281009596079052,43.71309132945085,7.792035146894478,257.53108887806445,blackgram,18.16711326626404
45.397334746982665,94.09780062083591,98.7585543539418,35.95914185448416,49.949189303326165,6.3254895969412654,167.854034233004,coffee,17.646061879014045
23.540583103899124,31.648584101082307,61.26259601011163,37.75869504430265,85.74232694594659,8.920725432646588,143.33416120964048,grapes,9.506372694691821
122.41922862160983,60.99395534249995,203.89236954885055,35.53715887647608,98.18678781213521,8.832485543225827,237.33701927157023,grapes,21.876821828366296
105.24655986984777,140.69365428828553,59.605005361666194,19.858992483435067,54.57813202952529,8.78476879050342,181.84527540605572,maize,17.09165726963175
21.28008928343252,25.44744282084336,133.83878512556433,26.86951598935135,43.81327594789828,5.717323970801408,116.34301653856826,grapes,12.677718791946724
111.19269788148327,41.772338823084134,139.35193568088403,13.700885339846513,99.85448937034177,4.9016758534385705,227.68552795227862,papaya,23.420055276270094
30.312702954096594,8.75346405710577,77.53314350333572,34.06671796021432,32.88058681969748,8.02199331664027,203.50535735398682,banana,11.541012278373074
132.08861914308352,22.99997922475377,66.54329282271425,35.52400362864462,46.00623535584027,6.392697738498655,195.26988266434896,blackgram,14.61150230423144
73.7145352130591,144.8753973833348,82.13497538681327,20.43557667826658,94.02006297869514,6.147329269222441,140.9615532485558,blackgram,18.461981626845212
70.7793719125436,134.02019679724077,190.7146515481973,33.557337464877975,36.89642040469152,4.623574787324538,58.245216211764955,kidneybeans,10.469344586321204
92.99612823405191,106.6879072787671,78.1585037000524,39.60771281539571,34.6906058799973,4.89850808518107,276.7252373225722,coconut,15.119031376005147
137.82950680205826,63.309693656541484,189.82116110787342,16.060292626122816,89.22721980566872,6.050091848718866,225.6318331757501,mango,24.85765675688181
25.98277175398883,128.64133414913667,116.98360331387238,18.78988540346247,78.09033936620781,8.521182484899708,191.89889583537447,pigeonpeas,16.187465670333424
48.16248962620886,7.81154029484968,133.58042163085042,14.586559895929387,99.36788738352027,8.848654158697059,190.36480328034096,apple,16.577117179583702
20.981444839122023,103.00871826997454,63.20012933989398,24.355437687481484,69.88929328630147,7.307609172944709,237.35775341804376,maize,17.114068892841157
37.3899498065326,35.88534996981248,115.12720266947906,30.51235189863523,51.98395927113877,7.243734847539318,115.55074464707805,chickpea,13.843053695888305
43.50362627668936,96.09681722866279,14.959691850886587,37.170377778388925,83.38576938157621,9.205117327803432,137.1593986920837,jute,12.066023729406016
46.486172916774635,112.46710824690243,109.75861369680135,14.150326340590173,49.99152844229996,7.113296614981874,298.9161147510218,cotton,18.641339481562312
38.81913168076344,74.58931361083212,67.03727544661315,26.979004714856444,62.66972119496582,7.947449608562614,276.00139848290456,watermelon,18.387261425939403
93.10624275232226,90.70022594863755,91.48663285659426,38.80899161869939,75.71849685080241,8.753485256628082,56.10828967271608,chickpea,10.356922711578441
40.3824903981709,105.08779572813837,142.97654827887132,36.61379837534886,69.70910750997365,7.371565153478184,193.42845967140443,kidneybeans,17.884664420823025
97.80185327453519,48.470338192597325,77.00392281796368,38.26442684849176,96.36836643770569,6.5918541910950905,210.16762219372092,muskmelon,18.362857004062768
139.28615523511615,15.098791598361462,115.69982766368796,31.79851735822023,43.08062789036894,8.60952511725127,151.1672160550369,pomegranate,10.747776276297028
99.92496229783283,23.62431533941803,108.90743521134074,29.098497665426883,92.89854884121439,5.899470508374501,242.38548798127627,jute,20.773449898750304
35.36593817884169,7.412645585822211,121.28193917969129,33.684366588729574,68.8101577029108,8.566737425999378,194.24487933090396,coconut,14.492900861170597
80.08740221711662,8.154657235727157,41.12159273352917,21.622830090708685,68.59158108387595,5.424090895987724,97.36418446164136,apple,12.476673865235476
77.41639721144605,89.35321673621907,117.62836576210451,32.890007453621166,52.299778460118695,6.36763122533726,129.6497658268823,cotton,13.881787285844165
137.96491645004346,74.07346095503668,26.84961663121261,30.10824867978107,81.74136502699386,7.001114194544477,201.00802111765,lentil,21.114460908221442
64.15068623364547,27.656004472026268,82.44705127296167,26.884015665607574,60.977758502733934,7.466074203678703,160.4925685431945,pigeonpeas,12.775867686837959
66.46672236983173,95.82988648890793,204.14318296308343,36.77077808686836,91.6264384617015,7.728540879035418,95.77032297161189,blackgram,15.092291154726372
92.61001519869757,11.565071336267593,186.5224236786831,12.398615233049178,65.18955329111873,7.065345763595324,254.36201285234685,mothbeans,21.208922625792916
78.54992130128267,130.69993859391985,96.13943020761222,12.087818063002919,44.04487996915175,6.647534612177473,86.50792537453468,jute,13.006326015504602
59.955425040327086,49.65006739423329,23.232921951367075,36.48144073259759,78.48943774257893,7.616909542345623,189.81143426671392,banana,17.67023051803486
132.09700704123134,60.68897598302204,129.4515980407232,34.54898019941152,42.620771332229296,7.205681758650133,86.47754239381513,grapes,12.293424143162124
69.83388833353162,101.72355073451813,33.19282052042866,36.50235640739828,30.334018890112443,9.394734766519331,66.94073450166638,watermelon,9.083696329258897
56.3763683732267,74.75410567540699,105.91530719382962,33.556948175269255,38.645316991142835,4.913598005237333,132.52926530686142,watermelon,9.233321591055452
122.63234236065115,83.39900729939725,182.75476379422142,34.16030792646136,49.455762206513455,5.350531402229151,104.32382027347765,chickpea,14.978994250107695
91.81248601433381,31.502495108802833,163.37254505528776,23.00878250627894,63.07163442565731,9.484809231056198,99.03610006956949,rice,11.237566415201794
101.17558494849048,128.2578228266338,30.35620133680623,32.05137419281492,94.27963681968853,6.614623067134345,100.2835384213849,rice,15.708229331655401
101.03271087728146,44.640636910845004,199.65103759613226,38.040441646359305,71.8558325164658,6.0779953629336365,270.95539051961157,jute,22.14319063679552
111.37297012164086,72.28611682865913,202.39033726038767,37.44021627021701,34.193518424805944,5.832155688751092,104.15218344673953,papaya,12.823169893288078
39.2143333419123,43.716077341303475,98.51123734749238,15.430743257623227,53.81243924576634,5.018265528001006,140.4022716129215,mango,10.799622725629758
32.331264253008534,134.64494700299412,22.30912347989184,28.576520398133052,47.34112361634242,8.634028232469374,37.21295157119157,maize,7.988736172276628
112.56790037552659,7.880743741437344,128.1854509671183,15.511051876953811,96.1021369694309,6.651076893915205,33.407497783442345,apple,12.083197971591655
72.98928810770163,115.02049716840425,99.84422900054619,36.20513752680846,88.35465135952973,8.817230150861828,56.39907197589584,blackgram,10.156254136210713
51.35096115321302,18.747393269079016,83.85661727691694,39.004723550103265,78.87836604446724,8.034503949039406,146.8892613215515,coffee,11.793787636706625
23.843047536865612,41.6866519646123,39.99132260529729,33.73714675299317,50.25398243781776,5.726202785866964,298.5463542992891,kidneybeans,14.743350188276887
134.65327024658487,111.9147993477468,150.32769399334725,39.743437111871245,83.57546173467836,5.197665922104275,149.22832670759192,pigeonpeas,15.466013462558672
35.99929032159774,86.2433159574759,80.84865944346863,26.31221226099759,62.93746354971711,4.740744625128423,108.31768707741925,apple,12.878877737464805
107.84798234301755,128.73548695590665,106.7491459633367,28.307531851957656,90.50868772760994,5.216112005447924,65.41543545106823,chickpea,14.309845602843383
117.6480188748851,64.31444062361356,99.6521350206315,17.952750069776165,50.216282535421136,9.405872116802422,268.87880882764887,coffee,16.53139021936817
138.66449395756297,132.0093790742767,115.41959739747949,30.78679311841377,82.35628577134581,5.519056137301124,281.7065744527241,watermelon,22.280354337434044
53.15237798611956,48.87797501378926,95.35001486785194,34.871295471375404,40.10589233744375,8.001954670326784,118.78406119443322,rice,9.760320396869378
50.5356182945496,68.69246309964066,63.59058142763543,38.020701432691745,93.51178098906627,5.279131916517898,250.33366193438155,apple,17.540287816071597
89.16373220850085,68.36613494800716,5.998423579595031,20.53199958455948,38.91549061878051,9.440597491218327,148.8441165848911,jute,13.118225662010886
105.86175535552745,131.67112973328858,104.77945731638493,21.487690643620212,66.5327790595557,7.517763476644035,257.3567294105559,mungbean,19.330409869191364
26.171776508029417,93.30273527830965,202.37564582403417,35.62710188274062,83.07791861769813,5.382509935075798,229.61338132218896,lentil,18.96445642286792
119.23582366581529,112.43509637100253,27.27316467297822,34.90966574441907,47.723697491905334,7.318921480096064,133.5042917225939,apple,12.795324900121322
100.60921279512345,48.24676737010323,52.10420484712141,29.17926330643492,49.09113113964822,5.434026762266753,201.34751760445414,mango,14.496498016252627
132.3166850182082,54.21873846552028,202.25095004354907,19.140928407195545,37.62349247268225,5.45686772621028,139.34197572198107,jute,16.155979954283765
60.9320540876614,117.6613614907782,196.1609553725023,39.507512637706014,74.73664945904294,6.891709786885525,65.37597795341587,coconut,15.163108072314852
54.91155593745892,50.9511786286141,114.46521546067356,37.14668414162446,88.66804744801658,5.66086492654154,165.42926606433937,papaya,15.52928559495222
51.389065969745694,55.02092126296753,63.90699098091916,25.829458159530606,69.06380138102475,8.82770033667708,238.76562744382534,coffee,17.379426387044536
132.1123957800524,51.578341195576826,127.04026399451382,31.66138219544905,54.17910351467532,6.2610320600964,151.59855231145673,maize,16.30016689825254
127.10808762984045,129.49617660348946,82.41243642173399,14.121805032612254,55.11818636587774,5.143699824884188,105.13287855447446,apple,13.317235712080695
36.24912987846734,130.19868529340297,13.49846458381065,29.22231880161947,73.08366525421755,5.540605637133267,31.399072631558237,coconut,12.891748587435039
86.9330143377233,141.73017787556944,133.5411862369394,25.01415984269729,36.868731083339156,8.604821454335609,199.86733485955392,rice,16.558730747691662
108.69359080051996,63.3882842999951,32.24891040890491,17.654638399864115,77.25826529350161,6.1852820101822505,189.15590176813393,banana,17.850930955938814
91.27047191433397,132.45694184090502,166.4671892118224,17.245622917544402,64.86766399673184,6.615542094890049,290.3330334288894,jute,22.51514350565969
104.24340731992474,27.380144588581715,195.0937099019929,39.78840549279616,84.48596063968128,4.634001196577035,155.16349765799964,jute,16.457583921198598
115.94427699849157,45.18116590662043,82.22520863473564,12.805040368103628,53.98452605857473,9.369269225745331,283.80195912536357,kidneybeans,17.180335507204664
94.61982422393112,74.99611335148848,89.53800807356176,19.74505410879275,90.64237144042609,6.9225259449642085,222.7293770513274,lentil,20.569895294079753
116.56217557436625,29.722503474734705,60.84176754945989,32.90781590871215,63.00323930908729,7.236512210110771,190.51434964919798,blackgram,15.384857093425023
24.178708785686588,101.27248277188212,59.54650985089662,36.520412270875184,92.81640033350682,8.11289603060906,70.83791691089168,lentil,13.33251140626624
75.89599741975658,15.587515868464523,22.050150561390986,24.666560371135752,65.61856618016446,7.400715426639553,203.76721440240848,coconut,15.311096243978419
21.173319194978248,104.45406870382388,157.92646347482062,34.44845259095207,73.79498352631896,5.402940522076897,242.24909858148493,banana,22.457888565121
84.47458234470737,52.06170617428795,200.16877260708915,26.70883630919375,92.23073632406664,7.350426547608099,73.17643883206512,pigeonpeas,13.88445113703405
138.76401824297346,68.8182143097863,203.3005667299932,31.604198658496497,33.58671957829459,8.79512820038618,168.51183054978966,chickpea,14.642880181692005
62.00370409296604,72.67262778037883,171.55271022979875,25.69459820401736,73.27099706894832,6.56384825243139,61.887744966172576,watermelon,14.333016875730722
105.65447911917606,91.9150473326103,51.58165605987119,36.3077649819266,34.96320558448658,7.528491259179517,153.8087776139335,grapes,12.999794484059919
38.1763763663591,44.121358781149894,174.9184220425777,36.64153823584141,53.31590567505272,8.99475550445629,184.00377563158108,banana,15.287717082066802
33.057252460034924,144.18628728528546,199.27823139113198,33.151048175114084,63.89317932498153,7.030304243182216,92.01960459048198,apple,14.154138865216638
80.62030592383388,71.0005656261191,73.76477517658203,13.204914215161144,59.28228040490167,9.42880171226162,203.08496446364535,coffee,12.859446294447075
88.95767528062109,74.70233839072087,8.8390125128142,12.587074952976867,54.92060067849722,5.20412891415136,288.19595011364646,banana,17.9772003597326
136.8859247250367,96.91752083650472,86.445544787144,26.182976383712045,58.70872985059741,7.366038125474477,62.56172315723922,kidneybeans,13.832233185369795
115.06611105127719,85.77042229298728,88.09771400125787,29.388109333381568,40.05336109922422,8.116039977516408,215.1670318393662,mothbeans,14.098504600909525
130.33412898672833,122.09702649458444,80.30436442874415,31.869266046399673,89.81694552528022,7.601677997697756,258.98754510093806,kidneybeans,22.047085541293356
113.00246891184817,79.8990294201571,135.63077903677723,18.422512051893975,43.700115992421935,5.866597736520393,102.07810779916349,jute,10.957410333132016
99.99810586355972,80.09943718668328,166.037995494266,19.580835916190466,53.07927359584005,5.252459813561978,202.63228088801023,watermelon,16.019941190982845
109.75788517678198,104.8163165500371,168.01449866458435,16.050698791201388,99.65860996313108,6.87885224935783,221.10522266264377,grapes,23.922186238190186
23.56004646374293,14.002744849132524,78.36617442565536,27.89957622179289,57.87432952926411,6.77703460238261,277.4055278273667,maize,16.478278184047884
72.9086064459596,51.39055501456958,30.25480971998324,37.64687759361626,79.86256275246824,6.1819649946302055,39.862130243373734,chickpea,12.218188191314939
42.15611537709002,115.07826385236928,148.91973695127194,24.944818819687754,92.00887721637059,5.40340344069542,146.55036392137845,kidneybeans,17.631343763150927
98.75889829248023,134.70463373774658,123.3286629322156,19.842550070908295,44.50110342940198,5.758542429879842,296.44316821578485,blackgram,20.727276939540584
83.24047634650364,29.46360358846562,182.96673442877935,35.025570553714786,54.43224483042108,8.65493585997465,169.2925924955066,coconut,15.555812738329838
48.78173269381365,13.483777821238572,76.8049049457669,27.545557241833684,34.215263750263844,6.763125912480378,34.64084577360836,blackgram,5.4146320922478175
23.610918407335117,49.1888346890594,170.12390925178477,21.974356166734783,59.05656388838139,6.845137814233011,230.50087262679622,pigeonpeas,16.03904592638301
42.547684039109015,76.10086457660701,10.98589301304504,18.508498255382907,72.50364587302181,6.273253377658008,218.15940435727006,chickpea,16.208233864389463
137.5109034053334,140.14988018816402,164.96814289291825,38.63171584154533,44.33447691323641,8.254615828981702,110.06441732944796,mothbeans,12.603261940206696
66.45507868420638,46.74728102523059,31.548985777152456,19.007377253772056,92.31124253007349,7.411380993513131,146.69384837168502,papaya,18.375233386685096
130.54503252448671,140.5367722138403,151.49260635027193,35.48261031497889,35.783220156092305,6.419843089781957,112.62711216702014,papaya,13.807249261701372
122.26341961714509,95.94107418156737,61.57142122346268,18.234080605676034,93.19642136441522,8.704535496644993,233.67042826948855,mothbeans,20.16388168209608
113.37132740542746,25.055796612535534,90.43668541946099,32.34360026555582,70.16826223110236,7.270000717462116,64.08975500048703,jute,12.786379326789616
124.29415867560925,54.06591208973647,88.32324340346543,17.752970041978003,91.36697694841723,7.712520364029525,145.9743713298187,cotton,15.609133617075097
107.82400731477402,141.09328765557368,91.38862871770887,23.79165531933489,87.80921140349179,5.051188777299265,27.7556911889982,mothbeans,12.57821539226995
98.37776567783698,124.80677491091608,184.55820918342172,13.640500765983735,94.94442627171534,8.832595934267346,32.69593805937415,watermelon,14.524698169064536
90.09623747317517,112.20365938863439,138.6164054630018,38.71942746046204,96.35741126395033,6.609614248391148,30.002330663334916,muskmelon,14.779564639848019
83.73466547570888,22.588743467810684,112.44893031413154,19.87618776479634,30.70740616277631,7.575178965179578,259.0217827872665,mothbeans,14.239038268812159
46.8238865009254,119.67864777111365,66.89989677944098,16.554563417191815,97.27992516685475,4.582985914174881,66.91935838462061,kidneybeans,11.213495368041361
79.50234529466775,20.097133775533862,24.768498333718544,37.232939549115045,62.049940248403644,6.307835769755685,285.740111460393,maize,17.67648881161523
86.37350470087718,72.93312637670384,138.64494527140678,39.33839236760376,99.04662423680418,7.045721629785833,45.74590549413851,watermelon,12.541374231978002
53.16996332440111,31.877116387623946,144.45561876399475,15.65677306600982,36.37734155626841,4.983075342698309,235.15017810320106,maize,12.03643674849075
60.649231037011766,43.90376313094867,91.23412214951239,32.42728184986705,30.65208497929922,9.475555790603567,267.35518105404543,pigeonpeas,13.313363679522507
90.35325191146659,135.69421410558687,15.327277525243762,18.00849539865377,49.94784367748747,7.659058317924414,202.32603106534523,mungbean,14.940271767706651
87.29214866408758,38.27860183976422,128.38874154731454,39.8736630233235,49.33206370529837,5.884441346009,215.70388908784196,watermelon,16.4936510296724
132.38235459970554,14.640738686963106,43.62075229394768,28.238286130448266,91.86306461208254,9.089713259349955,176.43401942418046,rice,17.9518266993798
63.54572412073687,133.63666090417505,104.98881719461848,31.798398375504526,48.84353943146463,4.625034851679528,181.94085214390276,rice,15.803440142617573
132.76717378869418,135.31329946796222,148.65989260620526,18.361057832365013,77.81553496899946,5.463688521255484,113.29731674975864,apple,20.314235904018965
39.83117775675528,54.51043664177986,57.79760438715946,23.178962778925786,72.27327096127729,6.682897497433709,35.79776371802126,kidneybeans,10.623258369706509
28.874515071338255,118.40908316033547,39.680927542260996,30.382148289908862,76.32646873785632,9.049033591334297,109.78947049820681,chickpea,12.487693315009091
70.31636345198673,84.08123185054103,141.83654700597194,35.52782337804331,46.457811148684456,5.965473633146411,173.6028259089483,apple,16.775508258828822
112.95092373327194,133.57721476945937,25.184643349570507,34.69907630332573,95.22398453913549,7.9330657298433795,298.9975093277927,coffee,20.1162651231495
43.67918923226887,130.3485503369447,110.12828428064105,39.623147779258304,71.42515983934348,6.387435435838025,96.75077444826296,banana,14.5230470474318
83.69285131537202,75.1981934188846,41.00768913777237,22.878583690129147,90.99782647217708,8.773636530475756,205.05729250626766,apple,19.488385092594157
58.72702916846723,59.80680570253922,102.55766153206883,15.559869512603612,60.96971044410968,6.307595632090525,242.73258897379665,pomegranate,18.977119136410263
80.8492419962628,108.94574379116717,173.335695323634,15.438271062194946,45.645185397459954,8.811203479801815,155.91319750700947,jute,14.573312919282484
125.76352968285846,20.852953972418558,142.21417282169529,26.005205171102364,59.49940672959599,6.701672830819278,284.65806156585336,orange,20.54569810554895
81.86987963943895,42.04668640377489,107.14857232998168,19.14799582307944,92.78206484346717,9.341707978544298,134.81799913860726,chickpea,14.456123236259451
30.494814810159294,26.63460144942684,107.66078112418748,36.450559516856394,73.97530666246155,5.574157495030131,103.1048179598293,lentil,11.961821250129342
133.11072326357169,34.760511701289104,114.24258530709963,24.662851440466756,65.87206691086683,5.83689880644433,238.57883431463722,jute,20.25505672351702
134.4758158793205,75.97874390694999,114.61841327125181,37.10118727581444,94.36077361284393,7.747683430367021,249.71062462377282,cotton,18.120790999213973
21.80236736888165,120.2109086061837,82.32052065081167,18.29347734874483,43.18616933310893,6.232403049141222,292.0110649978422,orange,18.568632107546062
60.285025206527216,29.194282159066812,191.85871937048597,16.770940991939053,49.54320473860302,6.157439185445398,99.705335608144,mango,12.541299261519754
139.020227091109,20.20034493438857,7.004156678041458,36.123806382312495,71.06230858159368,6.6081315103751574,42.949899148986376,mungbean,9.280600338123303
62.3039091173341,75.8165902473559,79.47093819140174,21.61285943685478,73.30075425834914,7.964642973804973,263.7325860189882,mungbean,16.589660916829885
51.11932398418197,57.70145693768045,173.42255438596675,35.792848086015915,73.94547347402383,7.4142047099704165,139.58795288538818,coffee,15.814834775556958
102.23773074691296,104.52307196928997,149.80555509844348,28.907181635006516,49.984392079683666,5.335644531957453,279.80032862774476,lentil,19.91653683607725
118.59547887027948,30.864178886837706,11.122952941267368,14.85825264013536,61.67990316981134,7.116463778049508,260.1563141747467,pigeonpeas,17.633009612245417
129.09681945180057,89.59889062509494,145.69794733855286,24.820943121095507,40.268139896482694,7.675179148720979,117.9870676354857,watermelon,14.422617090675848
75.21985639915374,57.62576945686534,170.8329831990198,35.12662225128996,38.22000675114326,8.561613899210228,177.9661950660139,coconut,14.152214866237465
72.23989286550585,13.00259130856623,79.66917344873217,33.56274692960645,58.46680646151458,8.377901007636176,212.87498280901025,orange,17.208672317755916
115.1613736995606,101.84218989111658,145.36443911132932,14.832954509095764,96.5470392973558,5.528321369442692,117.70660606464969,muskmelon,18.6262912591979
29.965257757467718,109.54431804344517,33.748722646651444,10.786219147600466,66.32338793730236,7.407384803310984,29.7582996327681,grapes,13.3473017202997
105.39023421376112,34.44055824981423,163.89184276505918,19.32466389399676,63.45247720249518,8.959254397094334,245.73025071871334,papaya,20.899677651084843
34.84271093645768,74.64228575482915,157.66378314161145,12.280442582970478,41.44090036776222,7.594630887716757,176.6725265603776,mothbeans,12.575012212615581
84.79053352658458,122.73681656441728,110.12369669120376,33.159795872200405,33.59945267390063,8.496062408415067,166.70864034678385,lentil,14.274368376117652
33.39315999342415,108.81875544719182,31.23273050082777,15.769534384119792,38.84962789967538,4.532878038568281,205.3358584188114,apple,11.818279844103532
95.07121577777089,58.05661581812614,164.96828729986547,39.069540015220404,95.31425587768778,7.22726002419983,119.34862739065221,jute,16.037410120977245
21.55675894472564,12.730013886143364,159.26740738056208,20.044391699631007,85.60843513530159,6.899721274769076,245.65687549471716,mothbeans,17.059987766605342
104.5198918267643,51.28638911142262,43.66043795708087,26.195827689027425,49.155370758873744,7.47171082558196,96.08563237129253,lentil,12.557019315793976
120.48907638541043,116.07432951810252,65.98323953074484,18.68770553271201,70.12351676162544,8.731115981130742,281.6959537272227,rice,22.05644682531696
31.344746553652406,55.895385720175554,160.94518510620932,12.288849360996128,73.80103998232602,7.036331112590966,106.76349004823625,muskmelon,11.356804532063292
79.71701967501645,75.96084019258481,22.281225938933996,14.080681708410996,58.6758085225907,7.182612608463884,34.89473322699788,mothbeans,7.8861180778790665
96.30036278241411,70.88664940122933,60.030931837459484,39.11149420141119,33.854960080508185,9.229386953535332,64.59477697769867,orange,7.453259669398457
129.02888752570914,45.1053130801236,32.20720800103129,13.975547176473253,98.22287568770967,5.11528845839026,117.0332645609979,chickpea,15.422296869948278
84.02826948051182,124.8176481422426,119.66735442041316,38.6659279063621,73.59460613383652,6.27170200833203,30.289126800950736,muskmelon,12.64021234331106
25.886893904487927,26.475376366736768,31.550862008852082,12.559989468974969,51.14742564538771,5.64654516560155,173.63355453861388,pigeonpeas,9.39740136589953
38.67867695232874,59.384025751272304,56.41636810375636,26.474979470732563,81.5435358582651,8.584939367089325,164.28307446486235,chickpea,11.972541516556536
85.3100342617114,141.6035512237293,87.48176015232318,22.645697892841813,41.47099694785164,7.487857773010793,257.39863533039534,cotton,21.350054368396936
98.78481530598839,24.940823554227578,157.77649060030757,13.862094472359146,67.35954655101723,6.041495961385403,230.63091749929748,grapes,16.747965167695096
105.20964986034444,7.069003037844881,143.97329850888863,18.969620186599975,75.93425157197944,8.032420179546767,97.7787995231937,banana,15.64072163818409
86.08816191894621,127.11743370444164,91.10672124679203,23.10442775730055,56.554300970840245,4.644141675776617,241.2793340390368,pigeonpeas,17.611996549485806
75.34419636498555,73.31923701707122,113.39458190339923,34.052417629501505,92.03754051113052,5.295788347222904,219.5509156316784,pigeonpeas,15.229900612971125
56.120844838740595,124.88422853420329,162.5238699352272,29.3539727745412,36.322890544857415,9.274153198716519,105.52323706511399,cotton,10.463039673820488
99.27339089194108,68.2876865461455,55.51972367196789,38.63754668063581,51.079443001190214,5.1239846618154505,196.53260173963758,kidneybeans,16.263541951454442
70.54754104039306,15.810833640805926,155.98010880819788,12.371235321823432,88.6540148152329,7.813044320847807,136.6439611859993,mungbean,15.465602405461985
42.33575344115942,42.03899183807556,32.42473233184133,21.44706079870105,99.07132293138613,5.305136889003474,252.6734160424236,cotton,19.19345391246699
55.939746848879466,12.943713411590565,188.35861769145188,19.914480233528835,30.96166398890531,6.874598875991735,52.44544262724916,blackgram,10.06967883932881
38.599451407617444,47.61863267796224,163.0900341803737,34.19040910878019,93.08959920678434,6.986980784678293,296.28177613320815,muskmelon,24.495709234259383
22.138860471211046,125.39220255540512,121.8819354133282,15.135050514754614,90.56726360586836,5.767929852364902,83.68480483015168,papaya,15.366320576234894
82.59151564191986,124.3847812940032,25.686220829149036,14.144182646969899,80.08688570862856,4.911027412212383,118.71861897906595,watermelon,14.923484133796775
33.84616603542727,18.861055740109933,68.61541038025325,16.974384969661028,45.9797949592881,6.351966306590024,79.93371369626793,pigeonpeas,7.621103814808264
134.20852364241392,90.00308978534655,156.40413412596914,39.16530517576311,40.72138516110019,6.799049860444363,182.91726010958592,banana,19.038184688882467
85.63097491787258,30.98780706489884,169.51823885573725,33.49105750524372,98.06490703140285,4.967909595537685,185.5447254456378,apple,16.98346360881267
134.35552239794026,21.562198975869855,54.29699530045997,36.04952626356601,70.90317945409521,7.237142231277021,186.41667048545955,orange,17.889838587346254
74.89135758026683,69.5154669458224,158.04596624530072,25.068749436760868,62.41571118262687,5.658131558502458,258.69440284050967,rice,19.678283039000096
116.83343438711401,95.03223051615431,65.15950171051472,25.698249046726836,72.83321500626141,4.510592608396808,207.74371693950258,mango,18.177928491704204
101.11559554197387,123.19870859848517,119.46792209478119,18.907043416756725,38.497462784011,4.57767531491974,224.90465323952031,papaya,17.77636102454569
77.15400872424487,19.279377310819307,46.40503625279324,34.455169110599265,63.589602761425866,9.314164298096863,299.99220126303504,pomegranate,15.915951458988985
35.67462228563516,37.21532656364076,65.61172684332799,12.18279794747682,91.94920239695341,5.113220886126017,215.11484330392676,grapes,17.773382060448263
119.81213942909679,108.74500475033544,156.94760106793714,22.550388329735476,88.3783295127261,4.973709377934029,144.4373244409797,banana,20.62697181921344
134.1730669693403,83.31962334372281,132.05226093544553,16.657188425768727,81.93669084944419,4.7624809356744064,81.79101268590065,rice,14.662346266854062
42.87908588561528,94.0869593548519,64.27026120201717,13.089524060731224,91.18016296729942,5.404132361067443,137.8709169156339,coffee,18.37998249424622
46.34772702497024,18.677673931271812,100.6115897650764,12.238272333988395,74.06105668871577,7.702366251566226,91.87655247724258,jute,13.220581233651753
118.9341904095788,20.34217410596185,154.702425467819,20.59224062829503,82.52019651542713,8.503973961763045,62.385855696929255,chickpea,14.827458233990573
29.639396501715723,8.817447191487826,27.000192079345716,10.126177638490416,52.886215967497975,5.99664293981224,50.895554952477084,muskmelon,7.415853976482801
108.55849227392055,74.38765939622434,7.418370202156339,21.37512816567643,75.13467679504674,7.68353477435371,35.088839979515534,watermelon,10.924204773145322
78.53832234151463,12.670758809887161,204.69473690700576,20.749290491942155,97.08379428722259,8.365604959504578,135.16146703342395,kidneybeans,17.121316736208726
21.34605875956393,100.67131485213517,175.69916103770612,21.541433851295817,66.73614262976761,4.829186735896295,127.85527446778903,kidneybeans,14.46722661397497
73.5688637607224,50.61567392761904,128.66928269089283,25.069773679905865,53.433422143920744,7.9442544256000245,98.39109349079116,mothbeans,12.036954400699633
86.56006809226798,87.06661330203173,98.36928787589007,18.717653992971623,74.59175971632396,4.767541979470866,67.85962907550496,muskmelon,13.077619376638147
55.44531142104329,136.28635380342055,119.95738745279469,20.599099418071457,59.355988809827544,6.2389930665701625,60.948974040003485,kidneybeans,14.18883930700679
58.613443416591316,69.21666175094659,77.3633878872038,10.417585110019367,70.5304372166735,5.224082399454703,79.08147799725248,watermelon,10.59597983426255
23.10768984826556,80.85124837785376,164.34980685667526,25.995443414056602,79.50723777705028,8.89791365938623,263.5332228435047,rice,18.47390055885547
139.14255001586378,79.04764261516264,120.07941871151002,38.39937544347198,57.97145502812629,7.278413422540961,126.14393880313263,cotton,13.794275321516274
71.40986798877711,143.30400101247173,95.64851969635446,28.882042298108665,79.06836907437662,7.8196569492433365,165.24116853145532,pomegranate,18.221385858339122
75.58872167028325,5.202225228144986,115.87880572929478,23.862450031948697,94.08378246764707,8.101359513922077,55.28172812610355,pomegranate,14.334137424679206
54.55348753417292,108.65578590534643,145.9527367325104,30.4303826209608,81.91948968184374,7.20988706974453,63.38627332115603,watermelon,13.768692458717393
48.72378429067694,67.68397540123249,9.543124929556397,26.510377688754563,56.73067930831367,5.748779361364992,295.9467910590596,coconut,16.180740378396393
138.562366470236,50.482379012059084,154.00008937180675,20.400152906430762,36.463782712545104,8.350729100137404,201.80592723315215,kidneybeans,13.471754177154764
24.516450770231376,49.350950294002935,99.53152381853849,12.228374523926693,68.07775542364507,6.0516281053604,297.98680380584756,coffee,16.591545428929482
107.6425475246189,43.067302649529694,66.51685071000387,28.677341384066402,81.90564819403974,7.294421255668046,217.78422757376651,kidneybeans,19.779416702223806
97.34217094256873,30.57490344131373,195.6638620895023,31.85669145671969,96.85503152192516,5.886846224766832,184.56037860039558,pigeonpeas,21.390360199343053
136.0324478134118,62.48861022240218,203.55364131890548,18.15043491353842,62.35306040956789,8.303527797717377,291.6429990180246,orange,23.82579182829447
46.82205880788716,9.740560351420712,63.34836052295482,11.144118184235142,39.89174990988536,7.680690208068556,228.62381907304697,watermelon,15.449743395031746
67.61856763076351,9.238150565354067,66.90382296575771,27.049771699788693,95.15971856996033,9.451822630868289,138.54031701885765,cotton,13.076773792206051
39.24121181566052,74.77024553247868,193.016203152235,14.961884723244765,48.653127016688984,8.956589368593622,195.40057187163902,muskmelon,16.0225566553427
83.92727153749885,25.66413233071739,146.81973599930765,24.78021856808474,74.40164899259139,4.72600831988635,59.769741917710874,grapes,12.32687706748555
47.58445214578112,81.90559366168316,82.99671626204388,32.356068558616556,70.85007342791327,6.406675638044564,111.48438175372017,chickpea,12.380843453165259
106.7915591465325,67.47561305064755,189.89347804250156,31.067148894841505,95.17317447613307,6.86294889707783,146.83246827870812,lentil,21.936345777286057
27.851204478296317,132.1891951871291,138.54341032837016,28.52757033728106,94.85244755293945,9.468185888041933,65.75014938437354,kidneybeans,14.183742551487317
52.036983052741824,41.01485221860423,116.93559124581512,35.47184744090054,80.40060785876852,6.944673498410513,91.42644129561755,mothbeans,15.112383218126556
74.0457587774809,34.709675534239736,105.0840586410369,31.607142278353614,32.565235667339024,8.32689854659326,25.59831776233612,mango,11.414553869872131
111.32345880089802,63.44376241800686,18.27450217968693,30.805004583274517,65.76902051746927,6.165292283315507,85.76465917083732,banana,14.942357051399503
52.76334520740135,62.621948899243364,164.17771082760268,22.749674152450023,57.41482887694835,8.75055551975585,20.356261274542582,rice,9.687450617332878
63.39308822411501,128.2913123194914,186.73630816876428,29.83535671895016,60.7610005193829,7.080639051624482,182.5124505838409,coconut,19.703999038705533
98.8454069322344,67.80610681863143,160.49452065040836,21.532916999670842,45.51253041186861,5.954755341471392,71.09152332222803,chickpea,11.685092690131686
105.93056417150545,60.94432791795898,9.534266376365782,21.100226333975208,93.37576889807885,7.056221584837224,296.29056317697814,lentil,20.965014960641344
135.5358798861277,33.25210203261778,62.986962543873524,30.999103305392843,99.07751318996127,8.62648705509688,175.0374774692103,banana,18.71948305727843
39.016168348901346,113.59060119388803,28.389278109783795,28.48103414856866,41.72374093103763,8.689197095525163,96.85077907830222,watermelon,7.953173489092189
63.27481697685107,39.203644990709385,193.51625444462462,22.60305141737964,37.98792856380877,6.838293050136604,71.64093252118045,pomegranate,10.823278315555083
70.56916241745853,109.81419049853463,112.20752983433741,22.125077550633073,47.62045992334783,5.112817524525423,186.54217206841003,cotton,14.41440049065319
86.83848745779673,10.739203970764448,135.89687813647404,32.27823907014357,90.19791803959927,5.013852801246535,20.026206280316256,orange,12.985843820986828
44.032358104038124,124.89716829203653,17.703047458459494,37.006986177661176,44.3508945215642,4.547655229615684,49.0911922361293,muskmelon,8.313263621681008
28.84486126299103,54.73368214424489,55.063314201450716,11.105639562549705,67.20267977716367,9.491664561106788,258.842094422266,coffee,11.934611740826039
46.0033779846314,128.15125014085578,129.83683840626205,14.080656453120845,69.94542110646279,7.051855212046032,152.00754863831793,jute,15.321501015649345
135.22232187468308,115.75704784722332,188.74363442297178,38.52954460334977,35.90970689882998,6.6669442791247375,201.46809436792665,mango,17.630765725550827
119.99983030513799,97.6809331162256,116.90931873831475,36.077271187455715,97.84641427729551,9.485654329772668,211.3186842164865,pomegranate,20.80789465175477
77.48252678635649,108.47334065741869,75.41402209301172,22.197785809419592,93.42690216254836,8.262836473167978,26.39961546106163,coconut,11.855513882863637
115.1704967280559,12.681057895855172,139.67894830603842,12.375823497084646,68.94496764898514,6.988837178538079,284.76923909475374,chickpea,21.21206020036095
127.90848822250193,46.31404548309494,198.19474722550234,24.20043936019647,37.063583635212574,4.775196968647869,114.82886400380822,kidneybeans,14.738452628767513
126.145554424407,87.49548974966176,92.09144951810013,18.11703784257211,70.81761840962747,7.590123891180765,130.02531784772265,mango,16.00815374417541
88.7448683142256,127.0026211235476,202.48999568878224,27.522498067439372,40.895162236417384,8.358762205774132,299.1351762939291,chickpea,17.19053485598216
69.58886906334715,48.43931612357253,27.44441634168428,34.714846859795756,64.9007789504208,6.231781361357102,161.38998991682624,mungbean,12.789305086822566
94.29704757180399,20.505599949846008,21.838280080483514,25.053836828411413,33.47746483175468,8.874458049883053,279.86670664572193,orange,16.514282067670077
43.93721382849224,40.92237080927548,68.52572717697697,28.15197740556008,72.57540459068633,5.5430386356160595,142.2836084626001,coconut,16.47050726125503
110.9680139806443,106.35347553019815,13.799206014558635,25.681051127180968,70.28167057213183,6.412604200413412,110.09175008334128,jute,13.477259666792728
65.9725852590062,50.91241101482741,73.84175477453142,28.00934396235761,48.347216682343564,4.636614786423034,289.4370102037362,cotton,19.74056694090861
36.21531106828087,68.72195949134334,17.54434664246995,10.83568994192484,33.32582120040201,8.278888662398549,144.57870803479315,banana,8.794546042514247
36.64482004457821,47.10458687629655,195.04927480310485,26.592186378700642,95.0510699827793,7.945175515559394,279.4007821818352,blackgram,22.988933061335704
62.67311287126698,143.78661880363245,45.49784782354055,22.072420398794904,91.9415675404934,9.484035424012633,86.95158997647933,apple,13.207938994045328
72.47268181319595,119.96903171437822,151.62653815001187,39.22193173137983,33.13940539289295,6.406761094131175,64.46142444104505,papaya,13.185574067908021
88.2904114702918,46.24351243843181,102.35563758019762,12.070571289974719,62.19392958432235,6.79094747156271,28.041015040076523,kidneybeans,12.527300335594965
66.75516037287608,104.25454508169692,155.8512478845995,16.16944317097707,90.21836566338413,6.788736992611318,24.580727062627634,maize,14.620932578636479
54.73474950501003,87.80782041882514,176.20530338945284,12.164255115899001,36.72370529181451,5.91192510629766,116.48014717481999,orange,10.516272135832002
87.4012574511098,6.256973795938972,69.28662779950474,33.05998168038967,65.07570867689282,8.444436641728192,215.70890990486825,muskmelon,13.926603421868517
20.893230626260838,41.58556885821515,114.7603453202163,38.23054229956547,77.58531260927774,6.782943931409243,56.439572542151254,watermelon,6.008860067984025
67.92025803223676,5.563352648621452,192.5693158008174,14.489364871189242,40.40438811689867,8.59182900768981,113.940792674869,mothbeans,9.471078642943825
94.68744888563494,13.265411411792517,52.392345153043536,11.598134902397291,50.40567632075718,8.849650792397295,274.61311244095464,watermelon,13.116960163945265
115.10775690771858,43.546522078639846,194.62475635508213,34.30510499609887,77.91784677390768,8.1019681469787,33.337018429938325,muskmelon,12.410156370981092
74.75507790540776,56.57533247378039,196.32117821427659,37.76071892339993,60.8074680707001,5.141659130014503,67.8809763058278,coconut,13.254126012160132
110.6437324493925,13.42862467298582,34.924896051399344,18.403310895466703,85.72693471884611,8.750684445617004,81.7063480225464,kidneybeans,10.78372574331919
72.94166134114901,21.191647134061466,25.27983092942154,10.7763858641051,83.92787025173007,7.97000498583596,183.58700114072815,kidneybeans,16.440556799489997
110.05162121539522,83.54067950791726,28.213540874068638,39.64659484936593,64.30235406939775,6.7603657393363985,298.7593423068484,watermelon,18.16880488362026
74.76412808377776,63.63241803107809,24.18187651339722,37.79535239167239,89.06423934034386,6.050012464399554,230.92996051925763,maize,17.349338432659312
133.99308316859197,84.59639244216714,58.945610156371735,34.348380789661256,57.25641401723638,5.696452641344892,175.88972683725729,lentil,16.92966769119658
67.53920457355466,102.04205817241184,204.18962331834757,29.341947814683643,49.353593248921655,4.952327702512856,121.35093689582772,blackgram,13.98244991308418
108.85682062369224,27.44755447759868,137.85448177762342,15.378385289545369,45.52735404429884,7.156586201400075,100.97664455330093,cotton,11.706575843570242
137.35024835685783,142.3692594531544,201.08472521679226,31.358767432711836,69.38570314911775,5.361722319083322,234.77769013205702,jute,23.4734269613517
99.70187833227645,80.89778677086835,154.25217355955442,11.076318891399392,97.02594412117143,5.610481039646768,54.037351233688156,mungbean,15.364909055946134
70.70918008426152,27.592882715775495,183.3473359119083,12.146182464255961,54.72690606587861,7.2846437965299415,264.620775236634,pomegranate,18.875193735829665
94.09730712602038,119.50519043425378,125.4223741367521,39.97440236907616,65.49023951435416,7.865655399895494,39.7045836352039,kidneybeans,12.951178168587925
38.21767862805993,128.63091452847414,7.407456500543215,33.21550910782287,82.74227741101085,7.321188441794947,78.36537439834379,orange,12.797327143727049
84.5881594082915,92.4403317815692,96.17843266726709,14.39930323437328,40.52538346643047,8.104938747623722,205.20522968513507,lentil,15.766094196270577
61.77792171763562,54.803531937108,152.66049412045308,25.917727945632542,60.01876077345187,8.569040942282513,269.4900988135952,grapes,17.214870913026385
94.43668023142575,53.07294443628958,104.26084021096212,26.082493395877286,94.22840253456108,9.4084717113336,248.3519844186349,banana,21.693222555023834
41.37352621639958,102.50945114976068,97.09354328582491,14.342467697289415,35.26469910176011,6.903709185276609,86.91137711047722,orange,9.174350022363912
60.700555888494485,76.26200080259012,142.2018989662974,12.689047886687536,91.09643353021909,4.702728102040758,260.1531067060279,cotton,18.304310735623456
121.69342650788126,19.26183739338319,153.96615424776738,24.036694239586403,92.91831521764425,6.2809904935378995,217.32967303397973,chickpea,20.449850635078683
27.606590175090254,130.0171728299672,30.271103602871968,28.88022529036971,73.80229451941989,5.493226026831061,299.5551531460187,chickpea,20.756892066278308
128.61132451560735,137.7598625155243,194.79776285993927,32.58512762805168,47.76635037183881,5.10327675905129,179.5677936031821,jute,19.58318605779448
53.176195540809395,7.382132716562031,52.46315179018239,27.013467527267995,35.52982305488159,7.791362998583074,208.07495973624395,cotton,11.928277364070182
91.5581880902517,89.97599991457272,100.5956292708108,38.59737422586622,37.57142262089497,6.5331283435145995,267.2178162308851,papaya,16.42840732803753
129.67897295853214,69.98615759019758,170.68030633881304,15.649856329004134,33.95565557434161,9.242200618822213,91.94826440692881,grapes,8.630814961308905
50.58462335691603,39.50506703968588,79.05647900463063,17.25875381610082,77.79656544730668,7.514329876122295,80.58836185977404,grapes,12.110069101049657
84.78206757564145,52.379362303783296,175.24438731889367,24.842062222065103,94.07063603040825,5.009132404691774,207.20607723853226,grapes,22.574542042787346
65.55120494329674,129.77495103326635,184.04382714129198,17.037672093808848,79.44314110534143,6.5778047160795685,282.0801549257364,mothbeans,22.882078621340042
139.74542467223898,67.58606281149285,79.70248141328982,28.211082964145994,77.81577290632433,8.02224262047761,152.60321189984128,banana,20.994727299866916
118.63096966182158,139.15644317765353,177.79637066085112,30.470626796828046,55.21050819708114,7.6124156289155165,48.324817781376424,mango,17.044564445367183
53.312856705368404,18.26345555676813,179.94098222031738,18.772991228900544,54.175596913356706,6.1199451825967,76.08271842694356,watermelon,11.577096188248673
109.30375524904682,50.75404433328828,108.85227488919755,33.84623609626702,78.14959795867297,4.7853648058487845,179.2524719388722,pomegranate,19.266192547153654
103.33221286290598,32.19383427581959,29.128843725460627,25.622793259434303,76.56839152996396,5.328183689842682,188.4740429071611,coffee,15.609622944688052
93.42425023994052,73.88613278408907,171.76409064133622,33.284986489433656,81.32937658032925,8.96955461196972,280.0483691736596,kidneybeans,18.17316583767892
31.16794379791669,136.3424646135089,201.77066438484349,29.581145827352334,82.23131864811822,6.118360277894835,262.5548881490828,coconut,22.816018885362208
29.22827019618076,23.402141528363607,57.170587194308936,31.11023418557238,42.835527094151296,5.600400495432614,126.92179667354283,papaya,11.056978301748835
25.926346089787643,77.35758792926025,45.817037926645085,19.002071519792082,47.56024812309383,6.237240627018109,37.432738557603344,apple,9.013939320362152
94.11191884793612,102.1577129697926,47.7857588690554,27.653773684664973,52.01549041783808,8.77104804543371,220.13099979769237,muskmelon,15.635021656390457
73.20627020346434,7.91557322551003,19.869976311508417,33.92586188582227,39.7935446810354,7.995757138361332,218.48276912177923,orange,13.39811572964596
103.4715207234545,23.024396497890113,130.30833058889152,25.724284610290855,94.21735302674273,7.950750331427974,165.17400846650446,blackgram,16.610590190750976
53.517931451509845,125.3618284387028,141.48838492532903,36.41779163961503,38.226178063864815,6.88013963932035,209.33014645022683,muskmelon,19.238523236070613
106.16380666078854,137.12462711209514,48.70566295529261,16.8649883674532,63.67107557931307,4.537315095164871,290.21956951093523,blackgram,19.687453046926993
64.02421334651046,48.35246714536913,161.37909958126923,39.66146233082206,84.55466617511958,8.73171644079541,283.0602099475036,mungbean,18.488092513237294
137.64251477800497,109.61979566598863,137.30451023344838,30.800456477488744,93.00572787424889,7.9150407543089925,233.13744786534866,apple,21.4263269740848
62.7671621159569,30.776680014626972,56.250231834119006,11.048469411714107,36.34360880253695,7.463123676930626,262.5409918664476,mungbean,13.435255197155358
23.03494598811102,68.75172699513013,31.67770736928121,27.48152561209665,94.46917745866082,4.53595231632573,207.1019046077889,mango,18.328510014380228
80.62794194270691,45.081497827290775,125.16756696321696,22.849209397327332,51.46659113269489,5.7501881914146775,71.09961197533215,mothbeans,12.6517643739741
34.04591699439281,105.58329424480846,130.21144074952394,13.389284701398317,94.7055088101401,6.044604073945606,203.32441574922524,grapes,19.352167313971787
118.7914093314188,51.29144065818648,116.31904256214251,18.80349910849411,35.604320240441034,6.49754538868468,230.40096535216813,pomegranate,16.78283856784158
129.29490721696823,72.93910124332461,68.53881427484276,18.390575718483838,95.73469804862806,8.292904953046365,117.97174711576616,cotton,15.431618306347188
33.31752697243709,72.86289420470295,13.214432305396159,10.345439391697752,73.2650815195853,4.942396593242819,256.6586916184642,coffee,14.75761282972992
39.72668845296114,36.93847056158267,31.064801557593785,24.108756681143674,94.37251257670732,5.820278693561222,171.71859660980112,rice,14.41080632213464
54.85789408584794,59.62888755136224,142.94667251492035,15.55852973159524,64.65787303422903,8.188611313357251,204.15961957984575,kidneybeans,14.207413273880118
127.03030759337639,140.56013121292338,96.67670254294109,11.799455380272425,88.40452263536932,5.089829666195178,81.44442608866787,jute,17.54835512875312
77.30601379736561,13.095114890704956,154.0859118583743,25.05494564704953,55.875735885465865,9.342746908360194,283.3675853108664,maize,19.55962171356801
113.56459965196571,126.23487354814813,170.45633218494376,26.4129384392955,88.65587990724461,8.452044167288111,253.06060765964617,mungbean,24.1755487838403
81.9430661220396,116.49593379823827,68.34376653419964,10.78249432807182,80.27011661315873,9.010870598977007,279.80876552247514,coffee,18.42107070751029
102.07649433774607,112.63177629479657,42.43351404383635,37.594715062451826,85.10118882005992,7.633904010771377,274.50007932947847,maize,20.213693452511762
74.74181853885294,75.89610214368092,128.21338473201234,11.92117639253102,32.272621346359166,6.5994508264054845,72.95732743725907,mungbean,7.3540089515288045
100.24835409622763,50.61577641362726,14.15665303266655,15.47330871530553,78.41755398291778,9.450824466684884,111.40891342788305,pomegranate,12.519374260661872
43.30031208654188,35.47088314047737,158.5981952611241,16.09376241383459,69.3342078213397,7.76271016056345,236.68006411288212,jute,17.580085227187922
40.77541936622601,99.46746018592792,87.25832177723879,39.160545194543346,42.93408417974782,6.543973365040405,199.13737073224752,lentil,12.606218053700161
116.7507855451298,125.16165698229807,43.01156089423585,20.526853099598505,48.27564736407166,6.371791649342718,145.1331644683014,orange,12.457441012583683
73.45299247065518,22.065687088096805,13.160392426303954,33.33388882340671,53.13032020838284,9.15622348287068,192.80121068014628,mungbean,14.192619608423147
139.37651774806773,71.45877498479977,141.15811482677535,37.246545165126335,32.22763548499847,7.506794890959936,171.29960761457352,pomegranate,12.13082252750415
73.16980185481405,54.29072492502281,103.15420314949985,37.005967057338914,98.59876672855641,9.35617503306871,84.31474358546384,banana,11.401088000393763
139.09082236738573,97.32981385651352,84.1905274943649,24.44571242437615,38.96387040256171,7.026460149523228,68.48606206258833,cotton,12.985383583516949
55.345963977366935,103.91610840478407,78.72502181633276,34.059377172266736,41.70633441147395,5.288019401847891,210.3082347714812,cotton,14.083463761179791
60.844984474406736,55.91354048241744,5.665871731233159,35.3598674911369,88.47187977326942,7.809181545043993,271.70345895318434,rice,18.15498277135303
46.47563367554924,14.592912058174603,123.40256252407416,24.890663651840633,86.72774209851413,6.906435187665552,76.90614154264021,coconut,14.574645427393467
87.41833436590856,50.580159249480445,110.91609008762902,20.777653801085886,49.4149258820728,7.257876888885834,204.2215687656594,blackgram,17.781372638287532
